MeshVersionFormatted 1

Dimension
2

Identifier
";1, Date: 26/09/01 21:54 03s"

Geometry
"malla_forjado_r1.mesh.gmsh"

Vertices
6969
0 -600 2
10 -600 5
20 -600 5
30 -600 5
40 -600 5
50 -600 5
60 -600 5
70 -600 5
80 -600 5
90 -600 5
100 -600 5
110 -600 5
120 -600 5
130 -600 5
140 -600 5
150 -600 5
160 -600 5
170 -600 5
180 -600 5
190 -600 5
200 -600 5
210 -600 5
220 -600 5
230 -600 5
240 -600 5
250 -600 5
260 -600 5
270 -600 5
280 -600 5
290 -600 5
300 -600 5
310 -600 5
320 -600 5
330 -600 5
340 -600 5
350 -600 5
360 -600 5
370 -600 5
380 -600 5
390 -600 5
400 -600 5
410 -600 5
420 -600 5
430 -600 5
440 -600 5
450 -600 5
460 -600 5
470 -600 5
480 -600 5
490 -600 5
500 -600 5
510 -600 5
520 -600 5
530 -600 5
540 -600 5
550 -600 5
560 -600 5
570 -600 5
580 -600 5
590 -600 5
600 -600 5
610 -600 5
620 -600 5
630 -600 5
640 -600 5
650 -600 5
660 -600 5
670 -600 5
680 -600 5
690 -600 5
700 -600 5
710 -600 5
720 -600 5
730 -600 5
740 -600 5
750 -600 5
760 -600 5
770 -600 5
780 -600 5
790 -600 5
800 -600 5
810 -600 5
820 -600 5
830 -600 5
840 -600 5
850 -600 5
860 -600 5
870 -600 5
880 -600 5
890 -600 5
900 -600 5
910 -600 5
920 -600 5
930 -600 5
940 -600 5
950 -600 5
960 -600 5
970 -600 5
980 -600 5
990 -600 5
1000 -600 2
0 -590 2
10 -590 0
20 -590 0
30 -590 0
40 -590 0
50 -590 0
60 -590 0
70 -590 0
80 -590 0
90 -590 0
100 -590 0
110 -590 0
120 -590 0
130 -590 0
140 -590 0
150 -590 0
160 -590 0
170 -590 0
180 -590 0
190 -590 0
200 -590 0
210 -590 0
220 -590 0
230 -590 0
240 -590 0
250 -590 0
260 -590 0
270 -590 0
280 -590 0
290 -590 0
300 -590 0
310 -590 0
320 -590 0
330 -590 0
340 -590 0
350 -590 0
360 -590 0
370 -590 0
380 -590 0
390 -590 0
400 -590 0
410 -590 0
420 -590 0
430 -590 0
440 -590 0
450 -590 0
460 -590 0
470 -590 0
480 -590 0
490 -590 0
500 -590 0
510 -590 0
520 -590 0
530 -590 0
540 -590 0
550 -590 0
560 -590 0
570 -590 0
580 -590 0
590 -590 0
600 -590 0
610 -590 0
620 -590 0
630 -590 0
640 -590 0
650 -590 0
660 -590 0
670 -590 0
680 -590 0
690 -590 0
700 -590 0
710 -590 0
720 -590 0
730 -590 0
740 -590 0
750 -590 0
760 -590 0
770 -590 0
780 -590 0
790 -590 0
800 -590 0
810 -590 0
820 -590 0
830 -590 0
840 -590 0
850 -590 0
860 -590 0
870 -590 0
880 -590 0
890 -590 0
900 -590 0
910 -590 0
920 -590 0
930 -590 0
940 -590 0
950 -590 0
960 -590 0
970 -590 0
980 -590 0
990 -590 0
1000 -590 2
0 -580 2
10 -580 0
20 -580 0
30 -580 0
40 -580 0
50 -580 0
60 -580 0
70 -580 0
80 -580 0
90 -580 0
100 -580 0
110 -580 0
120 -580 0
130 -580 0
140 -580 0
150 -580 0
160 -580 0
170 -580 0
180 -580 0
190 -580 0
200 -580 0
210 -580 0
220 -580 0
230 -580 0
240 -580 0
250 -580 0
260 -580 0
270 -580 0
280 -580 0
290 -580 0
300 -580 0
310 -580 0
320 -580 0
330 -580 0
340 -580 0
350 -580 0
360 -580 0
370 -580 0
380 -580 0
390 -580 0
400 -580 0
410 -580 0
420 -580 0
430 -580 0
440 -580 0
450 -580 0
460 -580 0
470 -580 0
480 -580 0
490 -580 0
500 -580 0
510 -580 0
520 -580 0
530 -580 0
540 -580 0
550 -580 0
560 -580 0
570 -580 0
580 -580 0
590 -580 0
600 -580 0
610 -580 0
620 -580 0
630 -580 0
640 -580 0
650 -580 0
660 -580 0
670 -580 0
680 -580 0
690 -580 0
700 -580 0
710 -580 0
720 -580 0
730 -580 0
740 -580 0
750 -580 0
760 -580 0
770 -580 0
780 -580 0
790 -580 0
800 -580 0
810 -580 0
820 -580 0
830 -580 0
840 -580 0
850 -580 0
860 -580 0
870 -580 0
880 -580 0
890 -580 0
900 -580 0
910 -580 0
920 -580 0
930 -580 0
940 -580 0
950 -580 0
960 -580 0
970 -580 0
980 -580 0
990 -580 0
1000 -580 2
0 -570 2
10 -570 0
20 -570 0
30 -570 0
40 -570 0
50 -570 0
60 -570 0
70 -570 0
80 -570 0
90 -570 0
100 -570 0
110 -570 0
120 -570 0
130 -570 0
140 -570 0
150 -570 0
160 -570 0
170 -570 0
180 -570 0
190 -570 0
200 -570 0
210 -570 0
220 -570 0
230 -570 0
240 -570 0
250 -570 0
260 -570 0
270 -570 0
280 -570 0
290 -570 0
300 -570 0
310 -570 0
320 -570 0
330 -570 0
340 -570 0
350 -570 0
360 -570 0
370 -570 0
380 -570 0
390 -570 0
400 -570 0
410 -570 0
420 -570 0
430 -570 0
440 -570 0
450 -570 0
460 -570 0
470 -570 0
480 -570 0
490 -570 0
500 -570 0
510 -570 0
520 -570 0
530 -570 0
540 -570 0
550 -570 0
560 -570 0
570 -570 0
580 -570 0
590 -570 0
600 -570 0
610 -570 0
620 -570 0
630 -570 0
640 -570 0
650 -570 0
660 -570 0
670 -570 0
680 -570 0
690 -570 0
700 -570 0
710 -570 0
720 -570 0
730 -570 0
740 -570 0
750 -570 0
760 -570 0
770 -570 0
780 -570 0
790 -570 0
800 -570 0
810 -570 0
820 -570 0
830 -570 0
840 -570 0
850 -570 0
860 -570 0
870 -570 0
880 -570 0
890 -570 0
900 -570 0
910 -570 0
920 -570 0
930 -570 0
940 -570 0
950 -570 0
960 -570 0
970 -570 0
980 -570 0
990 -570 0
1000 -570 2
0 -560 2
10 -560 0
20 -560 0
30 -560 0
40 -560 0
50 -560 0
60 -560 0
70 -560 0
80 -560 0
90 -560 0
100 -560 0
110 -560 0
120 -560 0
130 -560 0
140 -560 0
150 -560 0
160 -560 0
170 -560 0
180 -560 0
190 -560 0
200 -560 0
210 -560 0
220 -560 0
230 -560 0
240 -560 0
250 -560 0
260 -560 0
270 -560 0
280 -560 0
290 -560 0
300 -560 0
310 -560 0
320 -560 0
330 -560 0
340 -560 0
350 -560 0
360 -560 0
370 -560 0
380 -560 0
390 -560 0
400 -560 0
410 -560 0
420 -560 0
430 -560 0
440 -560 0
450 -560 0
460 -560 0
470 -560 0
480 -560 0
490 -560 0
500 -560 0
510 -560 0
520 -560 0
530 -560 0
540 -560 0
550 -560 0
560 -560 0
570 -560 0
580 -560 0
590 -560 0
600 -560 0
610 -560 0
620 -560 0
630 -560 0
640 -560 0
650 -560 0
660 -560 0
670 -560 0
680 -560 0
690 -560 0
700 -560 0
710 -560 0
720 -560 0
730 -560 0
740 -560 0
750 -560 0
760 -560 0
770 -560 0
780 -560 0
790 -560 0
800 -560 0
810 -560 0
820 -560 0
830 -560 0
840 -560 0
850 -560 0
860 -560 0
870 -560 0
880 -560 0
890 -560 0
900 -560 0
910 -560 0
920 -560 0
930 -560 0
940 -560 0
950 -560 0
960 -560 0
970 -560 0
980 -560 0
990 -560 0
1000 -560 2
0 -550 2
10 -550 0
20 -550 0
30 -550 0
40 -550 0
50 -550 0
60 -550 0
70 -550 0
80 -550 0
90 -550 0
100 -550 0
110 -550 0
120 -550 0
130 -550 0
140 -550 0
150 -550 0
160 -550 0
170 -550 0
180 -550 0
190 -550 0
200 -550 0
210 -550 0
220 -550 0
230 -550 0
240 -550 0
250 -550 0
260 -550 0
270 -550 0
280 -550 0
290 -550 0
300 -550 0
310 -550 0
320 -550 0
330 -550 0
340 -550 0
350 -550 0
360 -550 0
370 -550 0
380 -550 0
390 -550 0
400 -550 0
410 -550 0
420 -550 0
430 -550 0
440 -550 0
450 -550 0
460 -550 0
470 -550 0
480 -550 0
490 -550 0
500 -550 0
510 -550 0
520 -550 0
530 -550 0
540 -550 0
550 -550 0
560 -550 0
570 -550 0
580 -550 0
590 -550 0
600 -550 0
610 -550 0
620 -550 0
630 -550 0
640 -550 0
650 -550 0
660 -550 0
670 -550 0
680 -550 0
690 -550 0
700 -550 0
710 -550 0
720 -550 0
730 -550 0
740 -550 0
750 -550 0
760 -550 0
770 -550 0
780 -550 0
790 -550 0
800 -550 0
810 -550 0
820 -550 0
830 -550 0
840 -550 0
850 -550 0
860 -550 0
870 -550 0
880 -550 0
890 -550 0
900 -550 0
910 -550 0
920 -550 0
930 -550 0
940 -550 0
950 -550 0
960 -550 0
970 -550 0
980 -550 0
990 -550 0
1000 -550 2
0 -540 2
10 -540 0
20 -540 0
30 -540 0
40 -540 0
50 -540 0
60 -540 0
70 -540 0
80 -540 0
90 -540 0
100 -540 0
110 -540 0
120 -540 0
130 -540 0
140 -540 0
150 -540 0
160 -540 0
170 -540 0
180 -540 0
190 -540 0
200 -540 0
210 -540 0
220 -540 0
230 -540 0
240 -540 0
250 -540 0
260 -540 0
270 -540 0
280 -540 0
290 -540 0
300 -540 0
310 -540 0
320 -540 0
330 -540 0
340 -540 0
350 -540 0
360 -540 0
370 -540 0
380 -540 0
390 -540 0
400 -540 0
410 -540 0
420 -540 0
430 -540 0
440 -540 0
450 -540 0
460 -540 0
470 -540 0
480 -540 0
490 -540 0
500 -540 0
510 -540 0
520 -540 0
530 -540 0
540 -540 0
550 -540 0
560 -540 0
570 -540 0
580 -540 0
590 -540 0
600 -540 0
610 -540 0
620 -540 0
630 -540 0
640 -540 0
650 -540 0
660 -540 0
670 -540 0
680 -540 0
690 -540 0
700 -540 0
710 -540 0
720 -540 0
730 -540 0
740 -540 0
750 -540 0
760 -540 0
770 -540 0
780 -540 0
790 -540 0
800 -540 0
810 -540 0
820 -540 0
830 -540 0
840 -540 0
850 -540 0
860 -540 0
870 -540 0
880 -540 0
890 -540 0
900 -540 0
910 -540 0
920 -540 0
930 -540 0
940 -540 0
950 -540 0
960 -540 0
970 -540 0
980 -540 0
990 -540 0
1000 -540 2
0 -530 2
10 -530 0
20 -530 0
30 -530 0
40 -530 0
50 -530 0
60 -530 0
70 -530 0
80 -530 0
90 -530 0
100 -530 0
110 -530 0
120 -530 0
130 -530 0
140 -530 0
150 -530 0
160 -530 0
170 -530 0
180 -530 0
190 -530 0
200 -530 0
210 -530 0
220 -530 0
230 -530 0
240 -530 0
250 -530 0
260 -530 0
270 -530 0
280 -530 0
290 -530 0
300 -530 0
310 -530 0
320 -530 0
330 -530 0
340 -530 0
350 -530 0
360 -530 0
370 -530 0
380 -530 0
390 -530 0
400 -530 0
410 -530 0
420 -530 0
430 -530 0
440 -530 0
450 -530 0
460 -530 0
470 -530 0
480 -530 0
490 -530 0
500 -530 0
510 -530 0
520 -530 0
530 -530 0
540 -530 0
550 -530 0
560 -530 0
570 -530 0
580 -530 0
590 -530 0
600 -530 0
610 -530 0
620 -530 0
630 -530 0
640 -530 0
650 -530 0
660 -530 0
670 -530 0
680 -530 0
690 -530 0
700 -530 0
710 -530 0
720 -530 0
730 -530 0
740 -530 0
750 -530 0
760 -530 0
770 -530 0
780 -530 0
790 -530 0
800 -530 0
810 -530 0
820 -530 0
830 -530 0
840 -530 0
850 -530 0
860 -530 0
870 -530 0
880 -530 0
890 -530 0
900 -530 0
910 -530 0
920 -530 0
930 -530 0
940 -530 0
950 -530 0
960 -530 0
970 -530 0
980 -530 0
990 -530 0
1000 -530 2
0 -520 2
10 -520 0
20 -520 0
30 -520 0
40 -520 0
50 -520 0
60 -520 0
70 -520 0
80 -520 0
90 -520 0
100 -520 0
110 -520 0
120 -520 0
130 -520 0
140 -520 0
150 -520 0
160 -520 0
170 -520 0
180 -520 0
190 -520 0
200 -520 0
210 -520 0
220 -520 0
230 -520 0
240 -520 0
250 -520 0
260 -520 0
270 -520 0
280 -520 0
290 -520 0
300 -520 0
310 -520 0
320 -520 0
330 -520 0
340 -520 0
350 -520 0
360 -520 0
370 -520 0
380 -520 0
390 -520 0
400 -520 0
410 -520 0
420 -520 0
430 -520 0
440 -520 0
450 -520 0
460 -520 0
470 -520 0
480 -520 0
490 -520 0
500 -520 0
510 -520 0
520 -520 0
530 -520 0
540 -520 0
550 -520 0
560 -520 0
570 -520 0
580 -520 0
590 -520 0
600 -520 0
610 -520 0
620 -520 0
630 -520 0
640 -520 0
650 -520 0
660 -520 0
670 -520 0
680 -520 0
690 -520 0
700 -520 0
710 -520 0
720 -520 0
730 -520 0
740 -520 0
750 -520 0
760 -520 0
770 -520 0
780 -520 0
790 -520 0
800 -520 0
810 -520 0
820 -520 0
830 -520 0
840 -520 0
850 -520 0
860 -520 0
870 -520 0
880 -520 0
890 -520 0
900 -520 0
910 -520 0
920 -520 0
930 -520 0
940 -520 0
950 -520 0
960 -520 0
970 -520 0
980 -520 0
990 -520 0
1000 -520 2
0 -510 2
10 -510 0
20 -510 0
30 -510 0
40 -510 0
50 -510 0
60 -510 0
70 -510 0
80 -510 0
90 -510 0
100 -510 0
110 -510 0
120 -510 0
130 -510 0
140 -510 0
150 -510 0
160 -510 0
170 -510 0
180 -510 0
190 -510 0
200 -510 0
210 -510 0
220 -510 0
230 -510 0
240 -510 0
250 -510 0
260 -510 0
270 -510 0
280 -510 0
290 -510 0
300 -510 0
310 -510 0
320 -510 0
330 -510 0
340 -510 0
350 -510 0
360 -510 0
370 -510 0
380 -510 0
390 -510 0
400 -510 0
410 -510 0
420 -510 0
430 -510 0
440 -510 0
450 -510 0
460 -510 0
470 -510 0
480 -510 0
490 -510 0
500 -510 0
510 -510 0
520 -510 0
530 -510 0
540 -510 0
550 -510 0
560 -510 0
570 -510 0
580 -510 0
590 -510 0
600 -510 0
610 -510 0
620 -510 0
630 -510 0
640 -510 0
650 -510 0
660 -510 0
670 -510 0
680 -510 0
690 -510 0
700 -510 0
710 -510 0
720 -510 0
730 -510 0
740 -510 0
750 -510 0
760 -510 0
770 -510 0
780 -510 0
790 -510 0
800 -510 0
810 -510 0
820 -510 0
830 -510 0
840 -510 0
850 -510 0
860 -510 0
870 -510 0
880 -510 0
890 -510 0
900 -510 0
910 -510 0
920 -510 0
930 -510 0
940 -510 0
950 -510 0
960 -510 0
970 -510 0
980 -510 0
990 -510 0
1000 -510 2
0 -500 2
10 -500 0
20 -500 0
30 -500 0
40 -500 0
50 -500 0
60 -500 0
70 -500 0
80 -500 0
90 -500 0
100 -500 0
110 -500 0
120 -500 0
130 -500 0
140 -500 0
150 -500 0
160 -500 0
170 -500 0
180 -500 0
190 -500 0
200 -500 0
210 -500 0
220 -500 0
230 -500 0
240 -500 0
250 -500 0
260 -500 0
270 -500 0
280 -500 0
290 -500 0
300 -500 0
310 -500 0
320 -500 0
330 -500 0
340 -500 0
350 -500 0
360 -500 0
370 -500 0
380 -500 0
390 -500 0
400 -500 0
410 -500 0
420 -500 0
430 -500 0
440 -500 0
450 -500 0
460 -500 0
470 -500 0
480 -500 0
490 -500 0
500 -500 0
510 -500 0
520 -500 0
530 -500 0
540 -500 0
550 -500 0
560 -500 0
570 -500 0
580 -500 0
590 -500 0
600 -500 0
610 -500 0
620 -500 0
630 -500 0
640 -500 0
650 -500 0
660 -500 0
670 -500 0
680 -500 0
690 -500 0
700 -500 0
710 -500 0
720 -500 0
730 -500 0
740 -500 0
750 -500 0
760 -500 0
770 -500 0
780 -500 0
790 -500 0
800 -500 0
810 -500 0
820 -500 0
830 -500 0
840 -500 0
850 -500 0
860 -500 0
870 -500 0
880 -500 0
890 -500 0
900 -500 0
910 -500 0
920 -500 0
930 -500 0
940 -500 0
950 -500 0
960 -500 0
970 -500 0
980 -500 0
990 -500 0
1000 -500 2
0 -490 2
10 -490 0
20 -490 0
30 -490 0
40 -490 0
50 -490 0
60 -490 0
70 -490 0
80 -490 0
90 -490 0
100 -490 0
110 -490 0
120 -490 0
130 -490 0
140 -490 0
150 -490 0
160 -490 0
170 -490 0
180 -490 0
190 -490 0
200 -490 0
210 -490 0
220 -490 0
230 -490 0
240 -490 0
250 -490 0
260 -490 0
270 -490 0
280 -490 0
290 -490 0
300 -490 0
310 -490 0
320 -490 0
330 -490 0
340 -490 0
350 -490 0
360 -490 0
370 -490 0
380 -490 0
390 -490 0
400 -490 0
410 -490 0
420 -490 0
430 -490 0
440 -490 0
450 -490 0
460 -490 0
470 -490 0
480 -490 0
490 -490 0
500 -490 0
510 -490 0
520 -490 0
530 -490 0
540 -490 0
550 -490 0
560 -490 0
570 -490 0
580 -490 0
590 -490 0
600 -490 0
610 -490 0
620 -490 0
630 -490 0
640 -490 0
650 -490 0
660 -490 0
670 -490 0
680 -490 0
690 -490 0
700 -490 0
710 -490 0
720 -490 0
730 -490 0
740 -490 0
750 -490 0
760 -490 0
770 -490 0
780 -490 0
790 -490 0
800 -490 0
810 -490 0
820 -490 0
830 -490 0
840 -490 0
850 -490 0
860 -490 0
870 -490 0
880 -490 0
890 -490 0
900 -490 0
910 -490 0
920 -490 0
930 -490 0
940 -490 0
950 -490 0
960 -490 0
970 -490 0
980 -490 0
990 -490 0
1000 -490 2
0 -480 2
10 -480 0
20 -480 0
30 -480 0
40 -480 0
50 -480 0
60 -480 0
70 -480 0
80 -480 0
90 -480 0
100 -480 0
110 -480 0
120 -480 0
130 -480 0
140 -480 0
150 -480 0
160 -480 0
170 -480 0
180 -480 0
190 -480 0
200 -480 0
210 -480 0
220 -480 0
230 -480 0
240 -480 0
250 -480 0
260 -480 0
270 -480 0
280 -480 0
290 -480 0
300 -480 0
310 -480 0
320 -480 0
330 -480 0
340 -480 0
350 -480 0
360 -480 0
370 -480 0
380 -480 0
390 -480 0
400 -480 0
410 -480 0
420 -480 0
430 -480 0
440 -480 0
450 -480 0
460 -480 0
470 -480 0
480 -480 0
490 -480 0
500 -480 0
510 -480 0
520 -480 0
530 -480 0
540 -480 0
550 -480 0
560 -480 0
570 -480 0
580 -480 0
590 -480 0
600 -480 0
610 -480 0
620 -480 0
630 -480 0
640 -480 0
650 -480 0
660 -480 0
670 -480 0
680 -480 0
690 -480 0
700 -480 0
710 -480 0
720 -480 0
730 -480 0
740 -480 0
750 -480 0
760 -480 0
770 -480 0
780 -480 0
790 -480 0
800 -480 0
810 -480 0
820 -480 0
830 -480 0
840 -480 0
850 -480 0
860 -480 0
870 -480 0
880 -480 0
890 -480 0
900 -480 0
910 -480 0
920 -480 0
930 -480 0
940 -480 0
950 -480 0
960 -480 0
970 -480 0
980 -480 0
990 -480 0
1000 -480 2
0 -470 2
10 -470 0
20 -470 0
30 -470 0
40 -470 0
50 -470 0
60 -470 0
70 -470 0
80 -470 0
90 -470 0
100 -470 0
110 -470 0
120 -470 0
130 -470 0
140 -470 0
150 -470 0
160 -470 0
170 -470 0
180 -470 0
190 -470 0
200 -470 0
210 -470 0
220 -470 0
230 -470 0
240 -470 0
250 -470 0
260 -470 0
270 -470 0
280 -470 0
290 -470 0
300 -470 0
310 -470 0
320 -470 0
330 -470 0
340 -470 0
350 -470 0
360 -470 0
370 -470 0
380 -470 0
390 -470 0
400 -470 0
410 -470 0
420 -470 0
430 -470 0
440 -470 0
450 -470 0
460 -470 0
470 -470 0
480 -470 0
490 -470 0
500 -470 0
510 -470 0
520 -470 0
530 -470 0
540 -470 0
550 -470 0
560 -470 0
570 -470 0
580 -470 0
590 -470 0
600 -470 0
610 -470 0
620 -470 0
630 -470 0
640 -470 0
650 -470 0
660 -470 0
670 -470 0
680 -470 0
690 -470 0
700 -470 0
710 -470 0
720 -470 0
730 -470 0
740 -470 0
750 -470 0
760 -470 0
770 -470 0
780 -470 0
790 -470 0
800 -470 0
810 -470 0
820 -470 0
830 -470 0
840 -470 0
850 -470 0
860 -470 0
870 -470 0
880 -470 0
890 -470 0
900 -470 0
910 -470 0
920 -470 0
930 -470 0
940 -470 0
950 -470 0
960 -470 0
970 -470 0
980 -470 0
990 -470 0
1000 -470 2
0 -460 2
10 -460 0
20 -460 0
30 -460 0
40 -460 0
50 -460 0
60 -460 0
70 -460 0
80 -460 0
90 -460 0
100 -460 0
110 -460 0
120 -460 0
130 -460 0
140 -460 0
150 -460 0
160 -460 0
170 -460 0
180 -460 0
190 -460 0
200 -460 0
210 -460 0
220 -460 0
230 -460 0
240 -460 0
250 -460 0
260 -460 0
270 -460 0
280 -460 0
290 -460 0
300 -460 0
310 -460 0
320 -460 0
330 -460 0
340 -460 0
350 -460 0
360 -460 0
370 -460 0
380 -460 0
390 -460 0
400 -460 0
410 -460 0
420 -460 0
430 -460 0
440 -460 0
450 -460 0
460 -460 0
470 -460 0
480 -460 0
490 -460 0
500 -460 0
510 -460 0
520 -460 0
530 -460 0
540 -460 0
550 -460 0
560 -460 0
570 -460 0
580 -460 0
590 -460 0
600 -460 0
610 -460 0
620 -460 0
630 -460 0
640 -460 0
650 -460 0
660 -460 0
670 -460 0
680 -460 0
690 -460 0
700 -460 0
710 -460 0
720 -460 0
730 -460 0
740 -460 0
750 -460 0
760 -460 0
770 -460 0
780 -460 0
790 -460 0
800 -460 0
810 -460 0
820 -460 0
830 -460 0
840 -460 0
850 -460 0
860 -460 0
870 -460 0
880 -460 0
890 -460 0
900 -460 0
910 -460 0
920 -460 0
930 -460 0
940 -460 0
950 -460 0
960 -460 0
970 -460 0
980 -460 0
990 -460 0
1000 -460 2
0 -450 2
10 -450 0
20 -450 0
30 -450 0
40 -450 0
50 -450 0
60 -450 0
70 -450 0
80 -450 0
90 -450 0
100 -450 0
110 -450 0
120 -450 0
130 -450 0
140 -450 0
150 -450 0
160 -450 0
170 -450 0
180 -450 0
190 -450 0
200 -450 0
210 -450 0
220 -450 0
230 -450 0
240 -450 0
250 -450 0
260 -450 0
270 -450 0
280 -450 0
290 -450 0
300 -450 0
310 -450 0
320 -450 0
330 -450 0
340 -450 0
350 -450 0
360 -450 0
370 -450 0
380 -450 0
390 -450 0
400 -450 0
410 -450 0
420 -450 0
430 -450 0
440 -450 0
450 -450 0
460 -450 0
470 -450 0
480 -450 0
490 -450 0
500 -450 0
510 -450 0
520 -450 0
530 -450 0
540 -450 0
550 -450 0
560 -450 0
570 -450 0
580 -450 0
590 -450 0
600 -450 0
610 -450 0
620 -450 0
630 -450 0
640 -450 0
650 -450 0
660 -450 0
670 -450 0
680 -450 0
690 -450 0
700 -450 0
710 -450 0
720 -450 0
730 -450 0
740 -450 0
750 -450 0
760 -450 0
770 -450 0
780 -450 0
790 -450 0
800 -450 0
810 -450 0
820 -450 0
830 -450 0
840 -450 0
850 -450 0
860 -450 0
870 -450 0
880 -450 0
890 -450 0
900 -450 0
910 -450 0
920 -450 0
930 -450 0
940 -450 0
950 -450 0
960 -450 0
970 -450 0
980 -450 0
990 -450 0
1000 -450 2
0 -440 2
10 -440 0
20 -440 0
30 -440 0
40 -440 0
50 -440 0
60 -440 0
70 -440 0
80 -440 0
90 -440 0
100 -440 0
110 -440 0
120 -440 0
130 -440 0
140 -440 0
150 -440 0
160 -440 0
170 -440 0
180 -440 0
190 -440 0
200 -440 0
210 -440 0
220 -440 0
230 -440 0
240 -440 0
250 -440 0
260 -440 0
270 -440 0
280 -440 0
290 -440 0
300 -440 0
310 -440 0
320 -440 0
330 -440 0
340 -440 0
350 -440 0
360 -440 0
370 -440 0
380 -440 0
390 -440 0
400 -440 0
410 -440 0
420 -440 0
430 -440 0
440 -440 0
450 -440 0
460 -440 0
470 -440 0
480 -440 0
490 -440 0
500 -440 0
510 -440 0
520 -440 0
530 -440 0
540 -440 0
550 -440 0
560 -440 0
570 -440 0
580 -440 0
590 -440 0
600 -440 0
610 -440 0
620 -440 0
630 -440 0
640 -440 0
650 -440 0
660 -440 0
670 -440 0
680 -440 0
690 -440 0
700 -440 0
710 -440 0
720 -440 0
730 -440 0
740 -440 0
750 -440 0
760 -440 0
770 -440 0
780 -440 0
790 -440 0
800 -440 0
810 -440 0
820 -440 0
830 -440 0
840 -440 0
850 -440 0
860 -440 0
870 -440 0
880 -440 0
890 -440 0
900 -440 0
910 -440 0
920 -440 0
930 -440 0
940 -440 0
950 -440 0
960 -440 0
970 -440 0
980 -440 0
990 -440 0
1000 -440 2
0 -430 2
10 -430 0
20 -430 0
30 -430 0
40 -430 0
50 -430 0
60 -430 0
70 -430 0
80 -430 0
90 -430 0
100 -430 0
110 -430 0
120 -430 0
130 -430 0
140 -430 0
150 -430 0
160 -430 0
170 -430 0
180 -430 0
190 -430 0
200 -430 0
210 -430 0
220 -430 0
230 -430 0
240 -430 0
250 -430 0
260 -430 0
270 -430 0
280 -430 0
290 -430 0
300 -430 0
310 -430 0
320 -430 0
330 -430 0
340 -430 0
350 -430 0
360 -430 0
370 -430 0
380 -430 0
390 -430 0
400 -430 0
410 -430 0
420 -430 0
430 -430 0
440 -430 0
450 -430 0
460 -430 0
470 -430 0
480 -430 0
490 -430 0
500 -430 0
510 -430 0
520 -430 0
530 -430 0
540 -430 0
550 -430 0
560 -430 0
570 -430 0
580 -430 0
590 -430 0
600 -430 0
610 -430 0
620 -430 0
630 -430 0
640 -430 0
650 -430 0
660 -430 0
670 -430 0
680 -430 0
690 -430 0
700 -430 0
710 -430 0
720 -430 0
730 -430 0
740 -430 0
750 -430 0
760 -430 0
770 -430 0
780 -430 0
790 -430 0
800 -430 0
810 -430 0
820 -430 0
830 -430 0
840 -430 0
850 -430 0
860 -430 0
870 -430 0
880 -430 0
890 -430 0
900 -430 0
910 -430 0
920 -430 0
930 -430 0
940 -430 0
950 -430 0
960 -430 0
970 -430 0
980 -430 0
990 -430 0
1000 -430 2
0 -420 2
10 -420 0
20 -420 0
30 -420 0
40 -420 0
50 -420 0
60 -420 0
70 -420 0
80 -420 0
90 -420 0
100 -420 0
110 -420 0
120 -420 0
130 -420 0
140 -420 0
150 -420 0
160 -420 0
170 -420 0
180 -420 0
190 -420 0
200 -420 0
210 -420 0
220 -420 0
230 -420 0
240 -420 0
250 -420 0
260 -420 0
270 -420 0
280 -420 0
290 -420 0
300 -420 0
310 -420 0
320 -420 0
330 -420 0
340 -420 0
350 -420 0
360 -420 0
370 -420 0
380 -420 0
390 -420 0
400 -420 0
410 -420 0
420 -420 0
430 -420 0
440 -420 0
450 -420 0
460 -420 0
470 -420 0
480 -420 0
490 -420 0
500 -420 0
510 -420 0
520 -420 0
530 -420 0
540 -420 0
550 -420 0
560 -420 0
570 -420 0
580 -420 0
590 -420 0
600 -420 0
610 -420 0
620 -420 0
630 -420 0
640 -420 0
650 -420 0
660 -420 0
670 -420 0
680 -420 0
690 -420 0
700 -420 0
710 -420 0
720 -420 0
730 -420 0
740 -420 0
750 -420 0
760 -420 0
770 -420 0
780 -420 0
790 -420 0
800 -420 0
810 -420 0
820 -420 0
830 -420 0
840 -420 0
850 -420 0
860 -420 0
870 -420 0
880 -420 0
890 -420 0
900 -420 0
910 -420 0
920 -420 0
930 -420 0
940 -420 0
950 -420 0
960 -420 0
970 -420 0
980 -420 0
990 -420 0
1000 -420 2
0 -410 2
10 -410 0
20 -410 0
30 -410 0
40 -410 0
50 -410 0
60 -410 0
70 -410 0
80 -410 0
90 -410 0
100 -410 0
110 -410 0
120 -410 0
130 -410 0
140 -410 0
150 -410 0
160 -410 0
170 -410 0
180 -410 0
190 -410 0
200 -410 0
210 -410 0
220 -410 0
230 -410 0
240 -410 0
250 -410 0
260 -410 0
270 -410 0
280 -410 0
290 -410 0
300 -410 0
310 -410 0
320 -410 0
330 -410 0
340 -410 0
350 -410 0
360 -410 0
370 -410 0
380 -410 0
390 -410 0
400 -410 0
410 -410 0
420 -410 0
430 -410 0
440 -410 0
450 -410 0
460 -410 0
470 -410 0
480 -410 0
490 -410 0
500 -410 0
510 -410 0
520 -410 0
530 -410 0
540 -410 0
550 -410 0
560 -410 0
570 -410 0
580 -410 0
590 -410 0
600 -410 0
610 -410 0
620 -410 0
630 -410 0
640 -410 0
650 -410 0
660 -410 0
670 -410 0
680 -410 0
690 -410 0
700 -410 0
710 -410 0
720 -410 0
730 -410 0
740 -410 0
750 -410 0
760 -410 0
770 -410 0
780 -410 0
790 -410 0
800 -410 0
810 -410 0
820 -410 0
830 -410 0
840 -410 0
850 -410 0
860 -410 0
870 -410 0
880 -410 0
890 -410 0
900 -410 0
910 -410 0
920 -410 0
930 -410 0
940 -410 0
950 -410 0
960 -410 0
970 -410 0
980 -410 0
990 -410 0
1000 -410 2
0 -400 2
10 -400 0
20 -400 0
30 -400 0
40 -400 0
50 -400 0
60 -400 0
70 -400 0
80 -400 0
90 -400 0
100 -400 0
110 -400 0
120 -400 0
130 -400 0
140 -400 0
150 -400 0
160 -400 0
170 -400 0
180 -400 0
190 -400 0
200 -400 0
210 -400 0
220 -400 0
230 -400 0
240 -400 0
250 -400 0
260 -400 0
270 -400 0
280 -400 0
290 -400 0
300 -400 0
310 -400 0
320 -400 0
330 -400 0
340 -400 0
350 -400 0
360 -400 0
370 -400 0
380 -400 0
390 -400 0
400 -400 0
410 -400 0
420 -400 0
430 -400 0
440 -400 0
450 -400 0
460 -400 0
470 -400 0
480 -400 0
490 -400 0
500 -400 0
510 -400 0
520 -400 0
530 -400 0
540 -400 0
550 -400 0
560 -400 0
570 -400 0
580 -400 0
590 -400 0
600 -400 0
610 -400 0
620 -400 0
630 -400 0
640 -400 0
650 -400 0
660 -400 0
670 -400 0
680 -400 0
690 -400 0
700 -400 0
710 -400 0
720 -400 0
730 -400 0
740 -400 0
750 -400 0
760 -400 0
770 -400 0
780 -400 0
790 -400 0
800 -400 0
810 -400 0
820 -400 0
830 -400 0
840 -400 0
850 -400 0
860 -400 0
870 -400 0
880 -400 0
890 -400 0
900 -400 0
910 -400 0
920 -400 0
930 -400 0
940 -400 0
950 -400 0
960 -400 0
970 -400 0
980 -400 0
990 -400 0
1000 -400 2
0 -390 2
10 -390 0
20 -390 0
30 -390 0
40 -390 0
50 -390 0
60 -390 0
70 -390 0
80 -390 0
90 -390 0
100 -390 0
110 -390 0
120 -390 0
130 -390 0
140 -390 0
150 -390 0
160 -390 0
170 -390 0
180 -390 0
190 -390 0
200 -390 0
210 -390 0
220 -390 0
230 -390 0
240 -390 0
250 -390 0
260 -390 0
270 -390 0
280 -390 0
290 -390 0
300 -390 0
310 -390 0
320 -390 0
330 -390 0
340 -390 0
350 -390 0
360 -390 0
370 -390 0
380 -390 0
390 -390 0
400 -390 0
410 -390 0
420 -390 0
430 -390 0
440 -390 0
450 -390 0
460 -390 0
470 -390 0
480 -390 0
490 -390 0
500 -390 0
510 -390 0
520 -390 0
530 -390 0
540 -390 0
550 -390 0
560 -390 0
570 -390 0
580 -390 0
590 -390 0
600 -390 0
610 -390 0
620 -390 0
630 -390 0
640 -390 0
650 -390 0
660 -390 0
670 -390 0
680 -390 0
690 -390 0
700 -390 0
710 -390 0
720 -390 0
730 -390 0
740 -390 0
750 -390 0
760 -390 0
770 -390 0
780 -390 0
790 -390 0
800 -390 0
810 -390 0
820 -390 0
830 -390 0
840 -390 0
850 -390 0
860 -390 0
870 -390 0
880 -390 0
890 -390 0
900 -390 0
910 -390 0
920 -390 0
930 -390 0
940 -390 0
950 -390 0
960 -390 0
970 -390 0
980 -390 0
990 -390 0
1000 -390 2
0 -380 2
10 -380 0
20 -380 0
30 -380 0
40 -380 0
50 -380 0
60 -380 0
70 -380 0
80 -380 0
90 -380 0
100 -380 0
110 -380 0
120 -380 0
130 -380 0
140 -380 0
150 -380 0
160 -380 0
170 -380 0
180 -380 0
190 -380 0
200 -380 0
210 -380 0
220 -380 0
230 -380 0
240 -380 0
250 -380 0
260 -380 0
270 -380 0
280 -380 0
290 -380 0
300 -380 0
310 -380 0
320 -380 0
330 -380 0
340 -380 0
350 -380 0
360 -380 0
370 -380 0
380 -380 0
390 -380 0
400 -380 0
410 -380 0
420 -380 0
430 -380 0
440 -380 0
450 -380 0
460 -380 0
470 -380 0
480 -380 0
490 -380 0
500 -380 0
510 -380 0
520 -380 0
530 -380 0
540 -380 0
550 -380 0
560 -380 0
570 -380 0
580 -380 0
590 -380 0
600 -380 0
610 -380 0
620 -380 0
630 -380 0
640 -380 0
650 -380 0
660 -380 0
670 -380 0
680 -380 0
690 -380 0
700 -380 0
710 -380 0
720 -380 0
730 -380 0
740 -380 0
750 -380 0
760 -380 0
770 -380 0
780 -380 0
790 -380 0
800 -380 0
810 -380 0
820 -380 0
830 -380 0
840 -380 0
850 -380 0
860 -380 0
870 -380 0
880 -380 0
890 -380 0
900 -380 0
910 -380 0
920 -380 0
930 -380 0
940 -380 0
950 -380 0
960 -380 0
970 -380 0
980 -380 0
990 -380 0
1000 -380 2
0 -370 2
10 -370 0
20 -370 0
30 -370 0
40 -370 0
50 -370 0
60 -370 0
70 -370 0
80 -370 0
90 -370 0
100 -370 0
110 -370 0
120 -370 0
130 -370 0
140 -370 0
150 -370 0
160 -370 0
170 -370 0
180 -370 0
190 -370 0
200 -370 0
210 -370 0
220 -370 0
230 -370 0
240 -370 0
250 -370 0
260 -370 0
270 -370 0
280 -370 0
290 -370 0
300 -370 0
310 -370 0
320 -370 0
330 -370 0
340 -370 0
350 -370 0
360 -370 0
370 -370 0
380 -370 0
390 -370 0
400 -370 0
410 -370 0
420 -370 0
430 -370 0
440 -370 0
450 -370 0
460 -370 0
470 -370 0
480 -370 0
490 -370 0
500 -370 0
510 -370 0
520 -370 0
530 -370 0
540 -370 0
550 -370 0
560 -370 0
570 -370 0
580 -370 0
590 -370 0
600 -370 0
610 -370 0
620 -370 0
630 -370 0
640 -370 0
650 -370 0
660 -370 0
670 -370 0
680 -370 0
690 -370 0
700 -370 0
710 -370 0
720 -370 0
730 -370 0
740 -370 0
750 -370 0
760 -370 0
770 -370 0
780 -370 0
790 -370 0
800 -370 0
810 -370 0
820 -370 0
830 -370 0
840 -370 0
850 -370 0
860 -370 0
870 -370 0
880 -370 0
890 -370 0
900 -370 0
910 -370 0
920 -370 0
930 -370 0
940 -370 0
950 -370 0
960 -370 0
970 -370 0
980 -370 0
990 -370 0
1000 -370 2
0 -360 2
10 -360 0
20 -360 0
30 -360 0
40 -360 0
50 -360 0
60 -360 0
70 -360 0
80 -360 0
90 -360 0
100 -360 0
110 -360 0
120 -360 0
130 -360 0
140 -360 0
150 -360 0
160 -360 0
170 -360 0
180 -360 0
190 -360 0
200 -360 0
210 -360 0
220 -360 0
230 -360 0
240 -360 0
250 -360 0
260 -360 0
270 -360 0
280 -360 0
290 -360 0
300 -360 0
310 -360 0
320 -360 0
330 -360 0
340 -360 0
350 -360 0
360 -360 0
370 -360 0
380 -360 0
390 -360 0
400 -360 0
410 -360 0
420 -360 0
430 -360 0
440 -360 0
450 -360 0
460 -360 0
470 -360 0
480 -360 0
490 -360 0
500 -360 0
510 -360 0
520 -360 0
530 -360 0
540 -360 0
550 -360 0
560 -360 0
570 -360 0
580 -360 0
590 -360 0
600 -360 0
610 -360 0
620 -360 0
630 -360 0
640 -360 0
650 -360 0
660 -360 0
670 -360 0
680 -360 0
690 -360 0
700 -360 0
710 -360 0
720 -360 0
730 -360 0
740 -360 0
750 -360 0
760 -360 0
770 -360 0
780 -360 0
790 -360 0
800 -360 0
810 -360 0
820 -360 0
830 -360 0
840 -360 0
850 -360 0
860 -360 0
870 -360 0
880 -360 0
890 -360 0
900 -360 0
910 -360 0
920 -360 0
930 -360 0
940 -360 0
950 -360 0
960 -360 0
970 -360 0
980 -360 0
990 -360 0
1000 -360 2
0 -350 2
10 -350 0
20 -350 0
30 -350 0
40 -350 0
50 -350 0
60 -350 0
70 -350 0
80 -350 0
90 -350 0
100 -350 0
110 -350 0
120 -350 0
130 -350 0
140 -350 0
150 -350 0
160 -350 0
170 -350 0
180 -350 0
190 -350 0
200 -350 0
210 -350 0
220 -350 0
230 -350 0
240 -350 0
250 -350 0
260 -350 0
270 -350 0
280 -350 0
290 -350 0
300 -350 0
310 -350 0
320 -350 0
330 -350 0
340 -350 0
350 -350 0
360 -350 0
370 -350 0
380 -350 0
390 -350 0
400 -350 0
410 -350 0
420 -350 0
430 -350 0
440 -350 0
450 -350 0
460 -350 0
470 -350 0
480 -350 0
490 -350 0
500 -350 0
510 -350 0
520 -350 0
530 -350 0
540 -350 0
550 -350 0
560 -350 0
570 -350 0
580 -350 0
590 -350 0
600 -350 0
610 -350 0
620 -350 0
630 -350 0
640 -350 0
650 -350 0
660 -350 0
670 -350 0
680 -350 0
690 -350 0
700 -350 0
710 -350 0
720 -350 0
730 -350 0
740 -350 0
750 -350 0
760 -350 0
770 -350 0
780 -350 0
790 -350 0
800 -350 0
810 -350 0
820 -350 0
830 -350 0
840 -350 0
850 -350 0
860 -350 0
870 -350 0
880 -350 0
890 -350 0
900 -350 0
910 -350 0
920 -350 0
930 -350 0
940 -350 0
950 -350 0
960 -350 0
970 -350 0
980 -350 0
990 -350 0
1000 -350 2
0 -340 2
10 -340 0
20 -340 0
30 -340 0
40 -340 0
50 -340 0
60 -340 0
70 -340 0
80 -340 0
90 -340 0
100 -340 0
110 -340 0
120 -340 0
130 -340 0
140 -340 0
150 -340 0
160 -340 0
170 -340 0
180 -340 0
190 -340 0
200 -340 0
210 -340 0
220 -340 0
230 -340 0
240 -340 0
250 -340 0
260 -340 0
270 -340 0
280 -340 0
290 -340 0
300 -340 0
310 -340 0
320 -340 0
330 -340 0
340 -340 0
350 -340 0
360 -340 0
370 -340 0
380 -340 0
390 -340 0
400 -340 0
410 -340 0
420 -340 0
430 -340 0
440 -340 0
450 -340 0
460 -340 0
470 -340 0
480 -340 0
490 -340 0
500 -340 0
510 -340 0
520 -340 0
530 -340 0
540 -340 0
550 -340 0
560 -340 0
570 -340 0
580 -340 0
590 -340 0
600 -340 0
610 -340 0
620 -340 0
630 -340 0
640 -340 0
650 -340 0
660 -340 0
670 -340 0
680 -340 0
690 -340 0
700 -340 0
710 -340 0
720 -340 0
730 -340 0
740 -340 0
750 -340 0
760 -340 0
770 -340 0
780 -340 0
790 -340 0
800 -340 0
810 -340 0
820 -340 0
830 -340 0
840 -340 0
850 -340 0
860 -340 0
870 -340 0
880 -340 0
890 -340 0
900 -340 0
910 -340 0
920 -340 0
930 -340 0
940 -340 0
950 -340 0
960 -340 0
970 -340 0
980 -340 0
990 -340 0
1000 -340 2
0 -330 2
10 -330 0
20 -330 0
30 -330 0
40 -330 0
50 -330 0
60 -330 0
70 -330 0
80 -330 0
90 -330 0
100 -330 0
110 -330 0
120 -330 0
130 -330 0
140 -330 0
150 -330 0
160 -330 0
170 -330 0
180 -330 0
190 -330 0
200 -330 0
210 -330 0
220 -330 0
230 -330 0
240 -330 0
250 -330 0
260 -330 0
270 -330 0
280 -330 0
290 -330 0
300 -330 0
310 -330 0
320 -330 0
330 -330 0
340 -330 0
350 -330 0
360 -330 0
370 -330 0
380 -330 0
390 -330 0
400 -330 0
410 -330 0
420 -330 0
430 -330 0
440 -330 0
450 -330 0
460 -330 0
470 -330 0
480 -330 0
490 -330 0
500 -330 0
510 -330 0
520 -330 0
530 -330 0
540 -330 0
550 -330 0
560 -330 0
570 -330 0
580 -330 0
590 -330 0
600 -330 0
610 -330 0
620 -330 0
630 -330 0
640 -330 0
650 -330 0
660 -330 0
670 -330 0
680 -330 0
690 -330 0
700 -330 0
710 -330 0
720 -330 0
730 -330 0
740 -330 0
750 -330 0
760 -330 0
770 -330 0
780 -330 0
790 -330 0
800 -330 0
810 -330 0
820 -330 0
830 -330 0
840 -330 0
850 -330 0
860 -330 0
870 -330 0
880 -330 0
890 -330 0
900 -330 0
910 -330 0
920 -330 0
930 -330 0
940 -330 0
950 -330 0
960 -330 0
970 -330 0
980 -330 0
990 -330 0
1000 -330 2
0 -320 2
10 -320 0
20 -320 0
30 -320 0
40 -320 0
50 -320 0
60 -320 0
70 -320 0
80 -320 0
90 -320 0
100 -320 0
110 -320 0
120 -320 0
130 -320 0
140 -320 0
150 -320 0
160 -320 0
170 -320 0
180 -320 0
190 -320 0
200 -320 0
210 -320 0
220 -320 0
230 -320 0
240 -320 0
250 -320 0
260 -320 0
270 -320 0
280 -320 0
290 -320 0
300 -320 0
310 -320 0
320 -320 0
330 -320 0
340 -320 0
350 -320 0
360 -320 0
370 -320 0
380 -320 0
390 -320 0
400 -320 0
410 -320 0
420 -320 0
430 -320 0
440 -320 0
450 -320 0
460 -320 0
470 -320 0
480 -320 0
490 -320 0
500 -320 0
510 -320 0
520 -320 0
530 -320 0
540 -320 0
550 -320 0
560 -320 0
570 -320 0
580 -320 0
590 -320 0
600 -320 0
610 -320 0
620 -320 0
630 -320 0
640 -320 0
650 -320 0
660 -320 0
670 -320 0
680 -320 0
690 -320 0
700 -320 0
710 -320 0
720 -320 0
730 -320 0
740 -320 0
750 -320 0
760 -320 0
770 -320 0
780 -320 0
790 -320 0
800 -320 0
810 -320 0
820 -320 0
830 -320 0
840 -320 0
850 -320 0
860 -320 0
870 -320 0
880 -320 0
890 -320 0
900 -320 0
910 -320 0
920 -320 0
930 -320 0
940 -320 0
950 -320 0
960 -320 0
970 -320 0
980 -320 0
990 -320 0
1000 -320 2
0 -310 2
10 -310 0
20 -310 0
30 -310 0
40 -310 0
50 -310 0
60 -310 0
70 -310 0
80 -310 0
90 -310 0
100 -310 0
110 -310 0
120 -310 0
130 -310 0
140 -310 0
150 -310 0
160 -310 0
170 -310 0
180 -310 0
190 -310 0
200 -310 0
210 -310 0
220 -310 0
230 -310 0
240 -310 0
250 -310 0
260 -310 0
270 -310 0
280 -310 0
290 -310 0
300 -310 0
310 -310 0
320 -310 0
330 -310 0
340 -310 0
350 -310 0
360 -310 0
370 -310 0
380 -310 0
390 -310 0
400 -310 0
410 -310 0
420 -310 0
430 -310 0
440 -310 0
450 -310 0
460 -310 0
470 -310 0
480 -310 0
490 -310 0
500 -310 0
510 -310 0
520 -310 0
530 -310 0
540 -310 0
550 -310 0
560 -310 0
570 -310 0
580 -310 0
590 -310 0
600 -310 0
610 -310 0
620 -310 0
630 -310 0
640 -310 0
650 -310 0
660 -310 0
670 -310 0
680 -310 0
690 -310 0
700 -310 0
710 -310 0
720 -310 0
730 -310 0
740 -310 0
750 -310 0
760 -310 0
770 -310 0
780 -310 0
790 -310 0
800 -310 0
810 -310 0
820 -310 0
830 -310 0
840 -310 0
850 -310 0
860 -310 0
870 -310 0
880 -310 0
890 -310 0
900 -310 0
910 -310 0
920 -310 0
930 -310 0
940 -310 0
950 -310 0
960 -310 0
970 -310 0
980 -310 0
990 -310 0
1000 -310 2
0 -300 2
10 -300 0
20 -300 0
30 -300 0
40 -300 0
50 -300 0
60 -300 0
70 -300 0
80 -300 0
90 -300 0
100 -300 0
110 -300 0
120 -300 0
130 -300 0
140 -300 0
150 -300 0
160 -300 0
170 -300 0
180 -300 0
190 -300 0
200 -300 0
210 -300 0
220 -300 0
230 -300 0
240 -300 0
250 -300 0
260 -300 0
270 -300 0
280 -300 0
290 -300 0
300 -300 0
310 -300 0
320 -300 0
330 -300 0
340 -300 0
350 -300 0
360 -300 0
370 -300 0
380 -300 0
390 -300 0
400 -300 0
410 -300 0
420 -300 0
430 -300 0
440 -300 0
450 -300 0
460 -300 0
470 -300 0
480 -300 0
490 -300 0
500 -300 0
510 -300 0
520 -300 0
530 -300 0
540 -300 0
550 -300 0
560 -300 0
570 -300 0
580 -300 0
590 -300 0
600 -300 0
610 -300 0
620 -300 0
630 -300 0
640 -300 0
650 -300 0
660 -300 0
670 -300 0
680 -300 0
690 -300 0
700 -300 0
710 -300 0
720 -300 0
730 -300 0
740 -300 0
750 -300 0
760 -300 0
770 -300 0
780 -300 0
790 -300 0
800 -300 0
810 -300 0
820 -300 0
830 -300 0
840 -300 0
850 -300 0
860 -300 0
870 -300 0
880 -300 0
890 -300 0
900 -300 0
910 -300 0
920 -300 0
930 -300 0
940 -300 0
950 -300 0
960 -300 0
970 -300 0
980 -300 0
990 -300 0
1000 -300 2
0 -290 2
10 -290 0
20 -290 0
30 -290 0
40 -290 0
50 -290 0
60 -290 0
70 -290 0
80 -290 0
90 -290 0
100 -290 0
110 -290 0
120 -290 0
130 -290 0
140 -290 0
150 -290 0
160 -290 0
170 -290 0
180 -290 0
190 -290 0
200 -290 0
210 -290 0
220 -290 0
230 -290 0
240 -290 0
250 -290 0
260 -290 0
270 -290 0
280 -290 0
290 -290 0
300 -290 0
310 -290 0
320 -290 0
330 -290 0
340 -290 0
350 -290 0
360 -290 0
370 -290 0
380 -290 0
390 -290 0
400 -290 0
410 -290 0
420 -290 0
430 -290 0
440 -290 0
450 -290 0
460 -290 0
470 -290 0
480 -290 0
490 -290 0
500 -290 0
510 -290 0
520 -290 0
530 -290 0
540 -290 0
550 -290 0
560 -290 0
570 -290 0
580 -290 0
590 -290 0
600 -290 0
610 -290 0
620 -290 0
630 -290 0
640 -290 0
650 -290 0
660 -290 0
670 -290 0
680 -290 0
690 -290 0
700 -290 0
710 -290 0
720 -290 0
730 -290 0
740 -290 0
750 -290 0
760 -290 0
770 -290 0
780 -290 0
790 -290 0
800 -290 0
810 -290 0
820 -290 0
830 -290 0
840 -290 0
850 -290 0
860 -290 0
870 -290 0
880 -290 0
890 -290 0
900 -290 0
910 -290 0
920 -290 0
930 -290 0
940 -290 0
950 -290 0
960 -290 0
970 -290 0
980 -290 0
990 -290 0
1000 -290 2
0 -280 2
10 -280 0
20 -280 0
30 -280 0
40 -280 0
50 -280 0
60 -280 0
70 -280 0
80 -280 0
90 -280 0
100 -280 0
110 -280 0
120 -280 0
130 -280 0
140 -280 0
150 -280 0
160 -280 0
170 -280 0
180 -280 0
190 -280 0
200 -280 0
210 -280 0
220 -280 0
230 -280 0
240 -280 0
250 -280 0
260 -280 0
270 -280 0
280 -280 0
290 -280 0
300 -280 0
310 -280 0
320 -280 0
330 -280 0
340 -280 0
350 -280 0
360 -280 0
370 -280 0
380 -280 0
390 -280 0
400 -280 0
410 -280 0
420 -280 0
430 -280 0
440 -280 0
450 -280 0
460 -280 0
470 -280 0
480 -280 0
490 -280 0
500 -280 0
510 -280 0
520 -280 0
530 -280 0
540 -280 0
550 -280 0
560 -280 0
570 -280 0
580 -280 0
590 -280 0
600 -280 0
610 -280 0
620 -280 0
630 -280 0
640 -280 0
650 -280 0
660 -280 0
670 -280 0
680 -280 0
690 -280 0
700 -280 0
710 -280 0
720 -280 0
730 -280 0
740 -280 0
750 -280 0
760 -280 0
770 -280 0
780 -280 0
790 -280 0
800 -280 0
810 -280 0
820 -280 0
830 -280 0
840 -280 0
850 -280 0
860 -280 0
870 -280 0
880 -280 0
890 -280 0
900 -280 0
910 -280 0
920 -280 0
930 -280 0
940 -280 0
950 -280 0
960 -280 0
970 -280 0
980 -280 0
990 -280 0
1000 -280 2
0 -270 2
10 -270 0
20 -270 0
30 -270 0
40 -270 0
50 -270 0
60 -270 0
70 -270 0
80 -270 0
90 -270 0
100 -270 0
110 -270 0
120 -270 0
130 -270 0
140 -270 0
150 -270 0
160 -270 0
170 -270 0
180 -270 0
190 -270 0
200 -270 0
210 -270 0
220 -270 0
230 -270 0
240 -270 0
250 -270 0
260 -270 0
270 -270 0
280 -270 0
290 -270 0
300 -270 0
310 -270 0
320 -270 0
330 -270 0
340 -270 0
350 -270 0
360 -270 0
370 -270 0
380 -270 0
390 -270 0
400 -270 0
410 -270 0
420 -270 0
430 -270 0
440 -270 0
450 -270 0
460 -270 0
470 -270 0
480 -270 0
490 -270 0
500 -270 0
510 -270 0
520 -270 0
530 -270 0
540 -270 0
550 -270 0
560 -270 0
570 -270 0
580 -270 0
590 -270 0
600 -270 0
610 -270 0
620 -270 0
630 -270 0
640 -270 0
650 -270 0
660 -270 0
670 -270 0
680 -270 0
690 -270 0
700 -270 0
710 -270 0
720 -270 0
730 -270 0
740 -270 0
750 -270 0
760 -270 0
770 -270 0
780 -270 0
790 -270 0
800 -270 0
810 -270 0
820 -270 0
830 -270 0
840 -270 0
850 -270 0
860 -270 0
870 -270 0
880 -270 0
890 -270 0
900 -270 0
910 -270 0
920 -270 0
930 -270 0
940 -270 0
950 -270 0
960 -270 0
970 -270 0
980 -270 0
990 -270 0
1000 -270 2
0 -260 2
10 -260 0
20 -260 0
30 -260 0
40 -260 0
50 -260 0
60 -260 0
70 -260 0
80 -260 0
90 -260 0
100 -260 0
110 -260 0
120 -260 0
130 -260 0
140 -260 0
150 -260 0
160 -260 0
170 -260 0
180 -260 0
190 -260 0
200 -260 0
210 -260 0
220 -260 0
230 -260 0
240 -260 0
250 -260 0
260 -260 0
270 -260 0
280 -260 0
290 -260 0
300 -260 0
310 -260 0
320 -260 0
330 -260 0
340 -260 0
350 -260 0
360 -260 0
370 -260 0
380 -260 0
390 -260 0
400 -260 0
410 -260 0
420 -260 0
430 -260 0
440 -260 0
450 -260 0
460 -260 0
470 -260 0
480 -260 0
490 -260 0
500 -260 0
510 -260 0
520 -260 0
530 -260 0
540 -260 0
550 -260 0
560 -260 0
570 -260 0
580 -260 0
590 -260 0
600 -260 0
610 -260 0
620 -260 0
630 -260 0
640 -260 0
650 -260 0
660 -260 0
670 -260 0
680 -260 0
690 -260 0
700 -260 0
710 -260 0
720 -260 0
730 -260 0
740 -260 0
750 -260 0
760 -260 0
770 -260 0
780 -260 0
790 -260 0
800 -260 0
810 -260 0
820 -260 0
830 -260 0
840 -260 0
850 -260 0
860 -260 0
870 -260 0
880 -260 0
890 -260 0
900 -260 0
910 -260 0
920 -260 0
930 -260 0
940 -260 0
950 -260 0
960 -260 0
970 -260 0
980 -260 0
990 -260 0
1000 -260 2
0 -250 2
10 -250 0
20 -250 0
30 -250 0
40 -250 0
50 -250 0
60 -250 0
70 -250 0
80 -250 0
90 -250 0
100 -250 0
110 -250 0
120 -250 0
130 -250 0
140 -250 0
150 -250 0
160 -250 0
170 -250 0
180 -250 0
190 -250 0
200 -250 0
210 -250 0
220 -250 0
230 -250 0
240 -250 0
250 -250 0
260 -250 0
270 -250 0
280 -250 0
290 -250 0
300 -250 0
310 -250 0
320 -250 0
330 -250 0
340 -250 0
350 -250 0
360 -250 0
370 -250 0
380 -250 0
390 -250 0
400 -250 0
410 -250 0
420 -250 0
430 -250 0
440 -250 0
450 -250 0
460 -250 0
470 -250 0
480 -250 0
490 -250 0
500 -250 0
510 -250 0
520 -250 0
530 -250 0
540 -250 0
550 -250 0
560 -250 0
570 -250 0
580 -250 0
590 -250 0
600 -250 0
610 -250 0
620 -250 0
630 -250 0
640 -250 0
650 -250 0
660 -250 0
670 -250 0
680 -250 0
690 -250 0
700 -250 0
710 -250 0
720 -250 0
730 -250 0
740 -250 0
750 -250 0
760 -250 0
770 -250 0
780 -250 0
790 -250 0
800 -250 0
810 -250 0
820 -250 0
830 -250 0
840 -250 0
850 -250 0
860 -250 0
870 -250 0
880 -250 0
890 -250 0
900 -250 0
910 -250 0
920 -250 0
930 -250 0
940 -250 0
950 -250 0
960 -250 0
970 -250 0
980 -250 0
990 -250 0
1000 -250 2
0 -240 2
10 -240 0
20 -240 0
30 -240 0
40 -240 0
50 -240 0
60 -240 0
70 -240 0
80 -240 0
90 -240 0
100 -240 0
110 -240 0
120 -240 0
130 -240 0
140 -240 0
150 -240 0
160 -240 0
170 -240 0
180 -240 0
190 -240 0
200 -240 0
210 -240 0
220 -240 0
230 -240 0
240 -240 0
250 -240 0
260 -240 0
270 -240 0
280 -240 0
290 -240 0
300 -240 0
310 -240 0
320 -240 0
330 -240 0
340 -240 0
350 -240 0
360 -240 0
370 -240 0
380 -240 0
390 -240 0
400 -240 0
410 -240 0
420 -240 0
430 -240 0
440 -240 0
450 -240 0
460 -240 0
470 -240 0
480 -240 0
490 -240 0
500 -240 0
510 -240 0
520 -240 0
530 -240 0
540 -240 0
550 -240 0
560 -240 0
570 -240 0
580 -240 0
590 -240 0
600 -240 0
610 -240 0
620 -240 0
630 -240 0
640 -240 0
650 -240 0
660 -240 0
670 -240 0
680 -240 0
690 -240 0
700 -240 0
710 -240 0
720 -240 0
730 -240 0
740 -240 0
750 -240 0
760 -240 0
770 -240 0
780 -240 0
790 -240 0
800 -240 0
810 -240 0
820 -240 0
830 -240 0
840 -240 0
850 -240 0
860 -240 0
870 -240 0
880 -240 0
890 -240 0
900 -240 0
910 -240 0
920 -240 0
930 -240 0
940 -240 0
950 -240 0
960 -240 0
970 -240 0
980 -240 0
990 -240 0
1000 -240 2
0 -230 2
10 -230 0
20 -230 0
30 -230 0
40 -230 0
50 -230 0
60 -230 0
70 -230 0
80 -230 0
90 -230 0
100 -230 0
110 -230 0
120 -230 0
130 -230 0
140 -230 0
150 -230 0
160 -230 0
170 -230 0
180 -230 0
190 -230 0
200 -230 0
210 -230 0
220 -230 0
230 -230 0
240 -230 0
250 -230 0
260 -230 0
270 -230 0
280 -230 0
290 -230 0
300 -230 0
310 -230 0
320 -230 0
330 -230 0
340 -230 0
350 -230 0
360 -230 0
370 -230 0
380 -230 0
390 -230 0
400 -230 0
410 -230 0
420 -230 0
430 -230 0
440 -230 0
450 -230 0
460 -230 0
470 -230 0
480 -230 0
490 -230 0
500 -230 0
510 -230 0
520 -230 0
530 -230 0
540 -230 0
550 -230 0
560 -230 0
570 -230 0
580 -230 0
590 -230 0
600 -230 0
610 -230 0
620 -230 0
630 -230 0
640 -230 0
650 -230 0
660 -230 0
670 -230 0
680 -230 0
690 -230 0
700 -230 0
710 -230 0
720 -230 0
730 -230 0
740 -230 0
750 -230 0
760 -230 0
770 -230 0
780 -230 0
790 -230 0
800 -230 0
810 -230 0
820 -230 0
830 -230 0
840 -230 0
850 -230 0
860 -230 0
870 -230 0
880 -230 0
890 -230 0
900 -230 0
910 -230 0
920 -230 0
930 -230 0
940 -230 0
950 -230 0
960 -230 0
970 -230 0
980 -230 0
990 -230 0
1000 -230 2
0 -220 2
10 -220 0
20 -220 0
30 -220 0
40 -220 0
50 -220 0
60 -220 0
70 -220 0
80 -220 0
90 -220 0
100 -220 0
110 -220 0
120 -220 0
130 -220 0
140 -220 0
150 -220 0
160 -220 0
170 -220 0
180 -220 0
190 -220 0
200 -220 0
210 -220 0
220 -220 0
230 -220 0
240 -220 0
250 -220 0
260 -220 0
270 -220 0
280 -220 0
290 -220 0
300 -220 0
310 -220 0
320 -220 0
330 -220 0
340 -220 0
350 -220 0
360 -220 0
370 -220 0
380 -220 0
390 -220 0
400 -220 0
410 -220 0
420 -220 0
430 -220 0
440 -220 0
450 -220 0
460 -220 0
470 -220 0
480 -220 0
490 -220 0
500 -220 0
510 -220 0
520 -220 0
530 -220 0
540 -220 0
550 -220 0
560 -220 0
570 -220 0
580 -220 0
590 -220 0
600 -220 0
610 -220 0
620 -220 0
630 -220 0
640 -220 0
650 -220 0
660 -220 0
670 -220 0
680 -220 0
690 -220 0
700 -220 0
710 -220 0
720 -220 0
730 -220 0
740 -220 0
750 -220 0
760 -220 0
770 -220 0
780 -220 0
790 -220 0
800 -220 0
810 -220 0
820 -220 0
830 -220 0
840 -220 0
850 -220 0
860 -220 0
870 -220 0
880 -220 0
890 -220 0
900 -220 0
910 -220 0
920 -220 0
930 -220 0
940 -220 0
950 -220 0
960 -220 0
970 -220 0
980 -220 0
990 -220 0
1000 -220 2
0 -210 2
10 -210 0
20 -210 0
30 -210 0
40 -210 0
50 -210 0
60 -210 0
70 -210 0
80 -210 0
90 -210 0
100 -210 0
110 -210 0
120 -210 0
130 -210 0
140 -210 0
150 -210 0
160 -210 0
170 -210 0
180 -210 0
190 -210 0
200 -210 0
210 -210 0
220 -210 0
230 -210 0
240 -210 0
250 -210 0
260 -210 0
270 -210 0
280 -210 0
290 -210 0
300 -210 0
310 -210 0
320 -210 0
330 -210 0
340 -210 0
350 -210 0
360 -210 0
370 -210 0
380 -210 0
390 -210 0
400 -210 0
410 -210 0
420 -210 0
430 -210 0
440 -210 0
450 -210 0
460 -210 0
470 -210 0
480 -210 0
490 -210 0
500 -210 0
510 -210 0
520 -210 0
530 -210 0
540 -210 0
550 -210 0
560 -210 0
570 -210 0
580 -210 0
590 -210 0
600 -210 0
610 -210 0
620 -210 0
630 -210 0
640 -210 0
650 -210 0
660 -210 0
670 -210 0
680 -210 0
690 -210 0
700 -210 0
710 -210 0
720 -210 0
730 -210 0
740 -210 0
750 -210 0
760 -210 0
770 -210 0
780 -210 0
790 -210 0
800 -210 0
810 -210 0
820 -210 0
830 -210 0
840 -210 0
850 -210 0
860 -210 0
870 -210 0
880 -210 0
890 -210 0
900 -210 0
910 -210 0
920 -210 0
930 -210 0
940 -210 0
950 -210 0
960 -210 0
970 -210 0
980 -210 0
990 -210 0
1000 -210 2
0 -200 2
10 -200 0
20 -200 0
30 -200 0
40 -200 0
50 -200 0
60 -200 0
70 -200 0
80 -200 0
90 -200 0
100 -200 0
110 -200 0
120 -200 0
130 -200 0
140 -200 0
150 -200 0
160 -200 0
170 -200 0
180 -200 0
190 -200 0
200 -200 0
210 -200 0
220 -200 0
230 -200 0
240 -200 0
250 -200 0
260 -200 0
270 -200 0
280 -200 0
290 -200 0
300 -200 0
310 -200 0
320 -200 0
330 -200 0
340 -200 0
350 -200 0
360 -200 0
370 -200 0
380 -200 0
390 -200 0
400 -200 0
410 -200 0
420 -200 0
430 -200 0
440 -200 0
450 -200 0
460 -200 0
470 -200 0
480 -200 0
490 -200 0
500 -200 0
510 -200 0
520 -200 0
530 -200 0
540 -200 0
550 -200 0
560 -200 0
570 -200 0
580 -200 0
590 -200 0
600 -200 0
610 -200 0
620 -200 0
630 -200 0
640 -200 0
650 -200 0
660 -200 0
670 -200 0
680 -200 0
690 -200 0
700 -200 0
710 -200 0
720 -200 0
730 -200 0
740 -200 0
750 -200 0
760 -200 0
770 -200 0
780 -200 0
790 -200 0
800 -200 0
810 -200 0
820 -200 0
830 -200 0
840 -200 0
850 -200 0
860 -200 0
870 -200 0
880 -200 0
890 -200 0
900 -200 0
910 -200 0
920 -200 0
930 -200 0
940 -200 0
950 -200 0
960 -200 0
970 -200 0
980 -200 0
990 -200 0
1000 -200 2
0 -190 2
10 -190 0
20 -190 0
30 -190 0
40 -190 0
50 -190 0
60 -190 0
70 -190 0
80 -190 0
90 -190 0
100 -190 0
110 -190 0
120 -190 0
130 -190 0
140 -190 0
150 -190 0
160 -190 0
170 -190 0
180 -190 0
190 -190 0
200 -190 0
210 -190 0
220 -190 0
230 -190 0
240 -190 0
250 -190 0
260 -190 0
270 -190 0
280 -190 0
290 -190 0
300 -190 0
310 -190 0
320 -190 0
330 -190 0
340 -190 0
350 -190 0
360 -190 0
370 -190 0
380 -190 0
390 -190 0
400 -190 0
410 -190 0
420 -190 0
430 -190 0
440 -190 0
450 -190 0
460 -190 0
470 -190 0
480 -190 0
490 -190 0
500 -190 0
510 -190 0
520 -190 0
530 -190 0
540 -190 0
550 -190 0
560 -190 0
570 -190 0
580 -190 0
590 -190 0
600 -190 0
610 -190 0
620 -190 0
630 -190 0
640 -190 0
650 -190 0
660 -190 0
670 -190 0
680 -190 0
690 -190 0
700 -190 0
710 -190 0
720 -190 0
730 -190 0
740 -190 0
750 -190 0
760 -190 0
770 -190 0
780 -190 0
790 -190 0
800 -190 0
810 -190 0
820 -190 0
830 -190 0
840 -190 0
850 -190 0
860 -190 0
870 -190 0
880 -190 0
890 -190 0
900 -190 0
910 -190 0
920 -190 0
930 -190 0
940 -190 0
950 -190 0
960 -190 0
970 -190 0
980 -190 0
990 -190 0
1000 -190 2
0 -180 2
10 -180 0
20 -180 0
30 -180 0
40 -180 0
50 -180 0
60 -180 0
70 -180 0
80 -180 0
90 -180 0
100 -180 0
110 -180 0
120 -180 0
130 -180 0
140 -180 0
150 -180 0
160 -180 0
170 -180 0
180 -180 0
190 -180 0
200 -180 0
210 -180 0
220 -180 0
230 -180 0
240 -180 0
250 -180 0
260 -180 0
270 -180 0
280 -180 0
290 -180 0
300 -180 0
310 -180 0
320 -180 0
330 -180 0
340 -180 0
350 -180 0
360 -180 0
370 -180 0
380 -180 0
390 -180 0
400 -180 0
410 -180 0
420 -180 0
430 -180 0
440 -180 0
450 -180 0
460 -180 0
470 -180 0
480 -180 0
490 -180 0
500 -180 0
510 -180 0
520 -180 0
530 -180 0
540 -180 0
550 -180 0
560 -180 0
570 -180 0
580 -180 0
590 -180 0
600 -180 0
610 -180 0
620 -180 0
630 -180 0
640 -180 0
650 -180 0
660 -180 0
670 -180 0
680 -180 0
690 -180 0
700 -180 0
710 -180 0
720 -180 0
730 -180 0
740 -180 0
750 -180 0
760 -180 0
770 -180 0
780 -180 0
790 -180 0
800 -180 0
810 -180 0
820 -180 0
830 -180 0
840 -180 0
850 -180 0
860 -180 0
870 -180 0
880 -180 0
890 -180 0
900 -180 0
910 -180 0
920 -180 0
930 -180 0
940 -180 0
950 -180 0
960 -180 0
970 -180 0
980 -180 0
990 -180 0
1000 -180 2
0 -170 2
10 -170 0
20 -170 0
30 -170 0
40 -170 0
50 -170 0
60 -170 0
70 -170 0
80 -170 0
90 -170 0
100 -170 0
110 -170 0
120 -170 0
130 -170 0
140 -170 0
150 -170 0
160 -170 0
170 -170 0
180 -170 0
190 -170 0
200 -170 0
210 -170 0
220 -170 0
230 -170 0
240 -170 0
250 -170 0
260 -170 0
270 -170 0
280 -170 0
290 -170 0
300 -170 0
310 -170 0
320 -170 0
330 -170 0
340 -170 0
350 -170 0
360 -170 0
370 -170 0
380 -170 0
390 -170 0
400 -170 0
410 -170 0
420 -170 0
430 -170 0
440 -170 0
450 -170 0
460 -170 0
470 -170 0
480 -170 0
490 -170 0
500 -170 0
510 -170 0
520 -170 0
530 -170 0
540 -170 0
550 -170 0
560 -170 0
570 -170 0
580 -170 0
590 -170 0
600 -170 0
610 -170 0
620 -170 0
630 -170 0
640 -170 0
650 -170 0
660 -170 0
670 -170 0
680 -170 0
690 -170 0
700 -170 0
710 -170 0
720 -170 0
730 -170 0
740 -170 0
750 -170 0
760 -170 0
770 -170 0
780 -170 0
790 -170 0
800 -170 0
810 -170 0
820 -170 0
830 -170 0
840 -170 0
850 -170 0
860 -170 0
870 -170 0
880 -170 0
890 -170 0
900 -170 0
910 -170 0
920 -170 0
930 -170 0
940 -170 0
950 -170 0
960 -170 0
970 -170 0
980 -170 0
990 -170 0
1000 -170 2
0 -160 2
10 -160 0
20 -160 0
30 -160 0
40 -160 0
50 -160 0
60 -160 0
70 -160 0
80 -160 0
90 -160 0
100 -160 0
110 -160 0
120 -160 0
130 -160 0
140 -160 0
150 -160 0
160 -160 0
170 -160 0
180 -160 0
190 -160 0
200 -160 0
210 -160 0
220 -160 0
230 -160 0
240 -160 0
250 -160 0
260 -160 0
270 -160 0
280 -160 0
290 -160 0
300 -160 0
310 -160 0
320 -160 0
330 -160 0
340 -160 0
350 -160 0
360 -160 0
370 -160 0
380 -160 0
390 -160 0
400 -160 0
410 -160 0
420 -160 0
430 -160 0
440 -160 0
450 -160 0
460 -160 0
470 -160 0
480 -160 0
490 -160 0
500 -160 0
510 -160 0
520 -160 0
530 -160 0
540 -160 0
550 -160 0
560 -160 0
570 -160 0
580 -160 0
590 -160 0
600 -160 0
610 -160 0
620 -160 0
630 -160 0
640 -160 0
650 -160 0
660 -160 0
670 -160 0
680 -160 0
690 -160 0
700 -160 0
710 -160 0
720 -160 0
730 -160 0
740 -160 0
750 -160 0
760 -160 0
770 -160 0
780 -160 0
790 -160 0
800 -160 0
810 -160 0
820 -160 0
830 -160 0
840 -160 0
850 -160 0
860 -160 0
870 -160 0
880 -160 0
890 -160 0
900 -160 0
910 -160 0
920 -160 0
930 -160 0
940 -160 0
950 -160 0
960 -160 0
970 -160 0
980 -160 0
990 -160 0
1000 -160 2
0 -150 2
10 -150 0
20 -150 0
30 -150 0
40 -150 0
50 -150 0
60 -150 0
70 -150 0
80 -150 0
90 -150 0
100 -150 0
110 -150 0
120 -150 0
130 -150 0
140 -150 0
150 -150 0
160 -150 0
170 -150 0
180 -150 0
190 -150 0
200 -150 0
210 -150 0
220 -150 0
230 -150 0
240 -150 0
250 -150 0
260 -150 0
270 -150 0
280 -150 0
290 -150 0
300 -150 0
310 -150 0
320 -150 0
330 -150 0
340 -150 0
350 -150 0
360 -150 0
370 -150 0
380 -150 0
390 -150 0
400 -150 0
410 -150 0
420 -150 0
430 -150 0
440 -150 0
450 -150 0
460 -150 0
470 -150 0
480 -150 0
490 -150 0
500 -150 0
510 -150 0
520 -150 0
530 -150 0
540 -150 0
550 -150 0
560 -150 0
570 -150 0
580 -150 0
590 -150 0
600 -150 0
610 -150 0
620 -150 0
630 -150 0
640 -150 0
650 -150 0
660 -150 0
670 -150 0
680 -150 0
690 -150 0
700 -150 0
710 -150 0
720 -150 0
730 -150 0
740 -150 0
750 -150 0
760 -150 0
770 -150 0
780 -150 0
790 -150 0
800 -150 0
810 -150 0
820 -150 0
830 -150 0
840 -150 0
850 -150 0
860 -150 0
870 -150 0
880 -150 0
890 -150 0
900 -150 0
910 -150 0
920 -150 0
930 -150 0
940 -150 0
950 -150 0
960 -150 0
970 -150 0
980 -150 0
990 -150 0
1000 -150 2
0 -140 2
10 -140 0
20 -140 0
30 -140 0
40 -140 0
50 -140 0
60 -140 0
70 -140 0
80 -140 0
90 -140 0
100 -140 0
110 -140 0
120 -140 0
130 -140 0
140 -140 0
150 -140 0
160 -140 0
170 -140 0
180 -140 0
190 -140 0
200 -140 0
210 -140 0
220 -140 0
230 -140 0
240 -140 0
250 -140 0
260 -140 0
270 -140 0
280 -140 0
290 -140 0
300 -140 0
310 -140 0
320 -140 0
330 -140 0
340 -140 0
350 -140 0
360 -140 0
370 -140 0
380 -140 0
390 -140 0
400 -140 0
410 -140 0
420 -140 0
430 -140 0
440 -140 0
450 -140 0
460 -140 0
470 -140 0
480 -140 0
490 -140 0
500 -140 0
510 -140 0
520 -140 0
530 -140 0
540 -140 0
550 -140 0
560 -140 0
570 -140 0
580 -140 0
590 -140 0
600 -140 0
610 -140 0
620 -140 0
630 -140 0
640 -140 0
650 -140 0
660 -140 0
670 -140 0
680 -140 0
690 -140 0
700 -140 0
710 -140 0
720 -140 0
730 -140 0
740 -140 0
750 -140 0
760 -140 0
770 -140 0
780 -140 0
790 -140 0
800 -140 0
810 -140 0
820 -140 0
830 -140 0
840 -140 0
850 -140 0
860 -140 0
870 -140 0
880 -140 0
890 -140 0
900 -140 0
910 -140 0
920 -140 0
930 -140 0
940 -140 0
950 -140 0
960 -140 0
970 -140 0
980 -140 0
990 -140 0
1000 -140 2
0 -130 2
10 -130 0
20 -130 0
30 -130 0
40 -130 0
50 -130 0
60 -130 0
70 -130 0
80 -130 0
90 -130 0
100 -130 0
110 -130 0
120 -130 0
130 -130 0
140 -130 0
150 -130 0
160 -130 0
170 -130 0
180 -130 0
190 -130 0
200 -130 0
210 -130 0
220 -130 0
230 -130 0
240 -130 0
250 -130 0
260 -130 0
270 -130 0
280 -130 0
290 -130 0
300 -130 0
310 -130 0
320 -130 0
330 -130 0
340 -130 0
350 -130 0
360 -130 0
370 -130 0
380 -130 0
390 -130 0
400 -130 0
410 -130 0
420 -130 0
430 -130 0
440 -130 0
450 -130 0
460 -130 0
470 -130 0
480 -130 0
490 -130 0
500 -130 0
510 -130 0
520 -130 0
530 -130 0
540 -130 0
550 -130 0
560 -130 0
570 -130 0
580 -130 0
590 -130 0
600 -130 0
610 -130 0
620 -130 0
630 -130 0
640 -130 0
650 -130 0
660 -130 0
670 -130 0
680 -130 0
690 -130 0
700 -130 0
710 -130 0
720 -130 0
730 -130 0
740 -130 0
750 -130 0
760 -130 0
770 -130 0
780 -130 0
790 -130 0
800 -130 0
810 -130 0
820 -130 0
830 -130 0
840 -130 0
850 -130 0
860 -130 0
870 -130 0
880 -130 0
890 -130 0
900 -130 0
910 -130 0
920 -130 0
930 -130 0
940 -130 0
950 -130 0
960 -130 0
970 -130 0
980 -130 0
990 -130 0
1000 -130 2
0 -120 2
10 -120 0
20 -120 0
30 -120 0
40 -120 0
50 -120 0
60 -120 0
70 -120 0
80 -120 0
90 -120 0
100 -120 0
110 -120 0
120 -120 0
130 -120 0
140 -120 0
150 -120 0
160 -120 0
170 -120 0
180 -120 0
190 -120 0
200 -120 0
210 -120 0
220 -120 0
230 -120 0
240 -120 0
250 -120 0
260 -120 0
270 -120 0
280 -120 0
290 -120 0
300 -120 0
310 -120 0
320 -120 0
330 -120 0
340 -120 0
350 -120 0
360 -120 0
370 -120 0
380 -120 0
390 -120 0
400 -120 0
410 -120 0
420 -120 0
430 -120 0
440 -120 0
450 -120 0
460 -120 0
470 -120 0
480 -120 0
490 -120 0
500 -120 0
510 -120 0
520 -120 0
530 -120 0
540 -120 0
550 -120 0
560 -120 0
570 -120 0
580 -120 0
590 -120 0
600 -120 0
610 -120 0
620 -120 0
630 -120 0
640 -120 0
650 -120 0
660 -120 0
670 -120 0
680 -120 0
690 -120 0
700 -120 0
710 -120 0
720 -120 0
730 -120 0
740 -120 0
750 -120 0
760 -120 0
770 -120 0
780 -120 0
790 -120 0
800 -120 0
810 -120 0
820 -120 0
830 -120 0
840 -120 0
850 -120 0
860 -120 0
870 -120 0
880 -120 0
890 -120 0
900 -120 0
910 -120 0
920 -120 0
930 -120 0
940 -120 0
950 -120 0
960 -120 0
970 -120 0
980 -120 0
990 -120 0
1000 -120 2
0 -110 2
10 -110 0
20 -110 0
30 -110 0
40 -110 0
50 -110 0
60 -110 0
70 -110 0
80 -110 0
90 -110 0
100 -110 0
110 -110 0
120 -110 0
130 -110 0
140 -110 0
150 -110 0
160 -110 0
170 -110 0
180 -110 0
190 -110 0
200 -110 0
210 -110 0
220 -110 0
230 -110 0
240 -110 0
250 -110 0
260 -110 0
270 -110 0
280 -110 0
290 -110 0
300 -110 0
310 -110 0
320 -110 0
330 -110 0
340 -110 0
350 -110 0
360 -110 0
370 -110 0
380 -110 0
390 -110 0
400 -110 0
410 -110 0
420 -110 0
430 -110 0
440 -110 0
450 -110 0
460 -110 0
470 -110 0
480 -110 0
490 -110 0
500 -110 0
510 -110 0
520 -110 0
530 -110 0
540 -110 0
550 -110 0
560 -110 0
570 -110 0
580 -110 0
590 -110 0
600 -110 0
610 -110 0
620 -110 0
630 -110 0
640 -110 0
650 -110 0
660 -110 0
670 -110 0
680 -110 0
690 -110 0
700 -110 0
710 -110 0
720 -110 0
730 -110 0
740 -110 0
750 -110 0
760 -110 0
770 -110 0
780 -110 0
790 -110 0
800 -110 0
810 -110 0
820 -110 0
830 -110 0
840 -110 0
850 -110 0
860 -110 0
870 -110 0
880 -110 0
890 -110 0
900 -110 0
910 -110 0
920 -110 0
930 -110 0
940 -110 0
950 -110 0
960 -110 0
970 -110 0
980 -110 0
990 -110 0
1000 -110 2
0 -100 2
10 -100 0
20 -100 0
30 -100 0
40 -100 0
50 -100 0
60 -100 0
70 -100 0
80 -100 0
90 -100 0
100 -100 0
110 -100 0
120 -100 0
130 -100 0
140 -100 0
150 -100 0
160 -100 0
170 -100 0
180 -100 0
190 -100 0
200 -100 0
210 -100 0
220 -100 0
230 -100 0
240 -100 0
250 -100 0
260 -100 0
270 -100 0
280 -100 0
290 -100 0
300 -100 0
310 -100 0
320 -100 0
330 -100 0
340 -100 0
350 -100 0
360 -100 0
370 -100 0
380 -100 0
390 -100 0
400 -100 0
410 -100 0
420 -100 0
430 -100 0
440 -100 0
450 -100 0
460 -100 0
470 -100 0
480 -100 0
490 -100 0
500 -100 0
510 -100 0
520 -100 0
530 -100 0
540 -100 0
550 -100 0
560 -100 0
570 -100 0
580 -100 0
590 -100 0
600 -100 0
610 -100 0
620 -100 0
630 -100 0
640 -100 0
650 -100 0
660 -100 0
670 -100 0
680 -100 0
690 -100 0
700 -100 0
710 -100 0
720 -100 0
730 -100 0
740 -100 0
750 -100 0
760 -100 0
770 -100 0
780 -100 0
790 -100 0
800 -100 0
810 -100 0
820 -100 0
830 -100 0
840 -100 0
850 -100 0
860 -100 0
870 -100 0
880 -100 0
890 -100 0
900 -100 0
910 -100 0
920 -100 0
930 -100 0
940 -100 0
950 -100 0
960 -100 0
970 -100 0
980 -100 0
990 -100 0
1000 -100 2
0 -90 2
10 -90 0
20 -90 0
30 -90 0
40 -90 0
50 -90 0
60 -90 0
70 -90 0
80 -90 0
90 -90 0
100 -90 0
110 -90 0
120 -90 0
130 -90 0
140 -90 0
150 -90 0
160 -90 0
170 -90 0
180 -90 0
190 -90 0
200 -90 0
210 -90 0
220 -90 0
230 -90 0
240 -90 0
250 -90 0
260 -90 0
270 -90 0
280 -90 0
290 -90 0
300 -90 0
310 -90 0
320 -90 0
330 -90 0
340 -90 0
350 -90 0
360 -90 0
370 -90 0
380 -90 0
390 -90 0
400 -90 0
410 -90 0
420 -90 0
430 -90 0
440 -90 0
450 -90 0
460 -90 0
470 -90 0
480 -90 0
490 -90 0
500 -90 0
510 -90 0
520 -90 0
530 -90 0
540 -90 0
550 -90 0
560 -90 0
570 -90 0
580 -90 0
590 -90 0
600 -90 0
610 -90 0
620 -90 0
630 -90 0
640 -90 0
650 -90 0
660 -90 0
670 -90 0
680 -90 0
690 -90 0
700 -90 0
710 -90 0
720 -90 0
730 -90 0
740 -90 0
750 -90 0
760 -90 0
770 -90 0
780 -90 0
790 -90 0
800 -90 0
810 -90 0
820 -90 0
830 -90 0
840 -90 0
850 -90 0
860 -90 0
870 -90 0
880 -90 0
890 -90 0
900 -90 0
910 -90 0
920 -90 0
930 -90 0
940 -90 0
950 -90 0
960 -90 0
970 -90 0
980 -90 0
990 -90 0
1000 -90 2
0 -80 2
10 -80 0
20 -80 0
30 -80 0
40 -80 0
50 -80 0
60 -80 0
70 -80 0
80 -80 0
90 -80 0
100 -80 0
110 -80 0
120 -80 0
130 -80 0
140 -80 0
150 -80 0
160 -80 0
170 -80 0
180 -80 0
190 -80 0
200 -80 0
210 -80 0
220 -80 0
230 -80 0
240 -80 0
250 -80 0
260 -80 0
270 -80 0
280 -80 0
290 -80 0
300 -80 0
310 -80 0
320 -80 0
330 -80 0
340 -80 0
350 -80 0
360 -80 0
370 -80 0
380 -80 0
390 -80 0
400 -80 0
410 -80 0
420 -80 0
430 -80 0
440 -80 0
450 -80 0
460 -80 0
470 -80 0
480 -80 0
490 -80 0
500 -80 0
510 -80 0
520 -80 0
530 -80 0
540 -80 0
550 -80 0
560 -80 0
570 -80 0
580 -80 0
590 -80 0
600 -80 0
610 -80 0
620 -80 0
630 -80 0
640 -80 0
650 -80 0
660 -80 0
670 -80 0
680 -80 0
690 -80 0
700 -80 0
710 -80 0
720 -80 0
730 -80 0
740 -80 0
750 -80 0
760 -80 0
770 -80 0
780 -80 0
790 -80 0
800 -80 0
810 -80 0
820 -80 0
830 -80 0
840 -80 0
850 -80 0
860 -80 0
870 -80 0
880 -80 0
890 -80 0
900 -80 0
910 -80 0
920 -80 0
930 -80 0
940 -80 0
950 -80 0
960 -80 0
970 -80 0
980 -80 0
990 -80 0
1000 -80 2
0 -70 2
10 -70 0
20 -70 0
30 -70 0
40 -70 0
50 -70 0
60 -70 0
70 -70 0
80 -70 0
90 -70 0
100 -70 0
110 -70 0
120 -70 0
130 -70 0
140 -70 0
150 -70 0
160 -70 0
170 -70 0
180 -70 0
190 -70 0
200 -70 0
210 -70 0
220 -70 0
230 -70 0
240 -70 0
250 -70 0
260 -70 0
270 -70 0
280 -70 0
290 -70 0
300 -70 0
310 -70 0
320 -70 0
330 -70 0
340 -70 0
350 -70 0
360 -70 0
370 -70 0
380 -70 0
390 -70 0
400 -70 0
410 -70 0
420 -70 0
430 -70 0
440 -70 0
450 -70 0
460 -70 0
470 -70 0
480 -70 0
490 -70 0
500 -70 0
510 -70 0
520 -70 0
530 -70 0
540 -70 0
550 -70 0
560 -70 0
570 -70 0
580 -70 0
590 -70 0
600 -70 0
610 -70 0
620 -70 0
630 -70 0
640 -70 0
650 -70 0
660 -70 0
670 -70 0
680 -70 0
690 -70 0
700 -70 0
710 -70 0
720 -70 0
730 -70 0
740 -70 0
750 -70 0
760 -70 0
770 -70 0
780 -70 0
790 -70 0
800 -70 0
810 -70 0
820 -70 0
830 -70 0
840 -70 0
850 -70 0
860 -70 0
870 -70 0
880 -70 0
890 -70 0
900 -70 0
910 -70 0
920 -70 0
930 -70 0
940 -70 0
950 -70 0
960 -70 0
970 -70 0
980 -70 0
990 -70 0
1000 -70 2
0 -60 2
10 -60 0
20 -60 0
30 -60 0
40 -60 0
50 -60 0
60 -60 0
70 -60 0
80 -60 0
90 -60 0
100 -60 0
110 -60 0
120 -60 0
130 -60 0
140 -60 0
150 -60 0
160 -60 0
170 -60 0
180 -60 0
190 -60 0
200 -60 0
210 -60 0
220 -60 0
230 -60 0
240 -60 0
250 -60 0
260 -60 0
270 -60 0
280 -60 0
290 -60 0
300 -60 0
310 -60 0
320 -60 0
330 -60 0
340 -60 0
350 -60 0
360 -60 0
370 -60 0
380 -60 0
390 -60 0
400 -60 0
410 -60 0
420 -60 0
430 -60 0
440 -60 0
450 -60 0
460 -60 0
470 -60 0
480 -60 0
490 -60 0
500 -60 0
510 -60 0
520 -60 0
530 -60 0
540 -60 0
550 -60 0
560 -60 0
570 -60 0
580 -60 0
590 -60 0
600 -60 0
610 -60 0
620 -60 0
630 -60 0
640 -60 0
650 -60 0
660 -60 0
670 -60 0
680 -60 0
690 -60 0
700 -60 0
710 -60 0
720 -60 0
730 -60 0
740 -60 0
750 -60 0
760 -60 0
770 -60 0
780 -60 0
790 -60 0
800 -60 0
810 -60 0
820 -60 0
830 -60 0
840 -60 0
850 -60 0
860 -60 0
870 -60 0
880 -60 0
890 -60 0
900 -60 0
910 -60 0
920 -60 0
930 -60 0
940 -60 0
950 -60 0
960 -60 0
970 -60 0
980 -60 0
990 -60 0
1000 -60 2
0 -50 2
10 -50 0
20 -50 0
30 -50 0
40 -50 0
50 -50 0
60 -50 0
70 -50 0
80 -50 0
90 -50 0
100 -50 0
110 -50 0
120 -50 0
130 -50 0
140 -50 0
150 -50 0
160 -50 0
170 -50 0
180 -50 0
190 -50 0
200 -50 0
210 -50 0
220 -50 0
230 -50 0
240 -50 0
250 -50 0
260 -50 0
270 -50 0
280 -50 0
290 -50 0
300 -50 0
310 -50 0
320 -50 0
330 -50 0
340 -50 0
350 -50 0
360 -50 0
370 -50 0
380 -50 0
390 -50 0
400 -50 0
410 -50 0
420 -50 0
430 -50 0
440 -50 0
450 -50 0
460 -50 0
470 -50 0
480 -50 0
490 -50 0
500 -50 0
510 -50 0
520 -50 0
530 -50 0
540 -50 0
550 -50 0
560 -50 0
570 -50 0
580 -50 0
590 -50 0
600 -50 0
610 -50 0
620 -50 0
630 -50 0
640 -50 0
650 -50 0
660 -50 0
670 -50 0
680 -50 0
690 -50 0
700 -50 0
710 -50 0
720 -50 0
730 -50 0
740 -50 0
750 -50 0
760 -50 0
770 -50 0
780 -50 0
790 -50 0
800 -50 0
810 -50 0
820 -50 0
830 -50 0
840 -50 0
850 -50 0
860 -50 0
870 -50 0
880 -50 0
890 -50 0
900 -50 0
910 -50 0
920 -50 0
930 -50 0
940 -50 0
950 -50 0
960 -50 0
970 -50 0
980 -50 0
990 -50 0
1000 -50 2
0 -40 2
10 -40 0
20 -40 0
30 -40 0
40 -40 0
50 -40 0
60 -40 0
70 -40 0
80 -40 0
90 -40 0
100 -40 0
110 -40 0
120 -40 0
130 -40 0
140 -40 0
150 -40 0
160 -40 0
170 -40 0
180 -40 0
190 -40 0
200 -40 0
210 -40 0
220 -40 0
230 -40 0
240 -40 0
250 -40 0
260 -40 0
270 -40 0
280 -40 0
290 -40 0
300 -40 0
310 -40 0
320 -40 0
330 -40 0
340 -40 0
350 -40 0
360 -40 0
370 -40 0
380 -40 0
390 -40 0
400 -40 0
410 -40 0
420 -40 0
430 -40 0
440 -40 0
450 -40 0
460 -40 0
470 -40 0
480 -40 0
490 -40 0
500 -40 0
510 -40 0
520 -40 0
530 -40 0
540 -40 0
550 -40 0
560 -40 0
570 -40 0
580 -40 0
590 -40 0
600 -40 0
610 -40 0
620 -40 0
630 -40 0
640 -40 0
650 -40 0
660 -40 0
670 -40 0
680 -40 0
690 -40 0
700 -40 0
710 -40 0
720 -40 0
730 -40 0
740 -40 0
750 -40 0
760 -40 0
770 -40 0
780 -40 0
790 -40 0
800 -40 0
810 -40 0
820 -40 0
830 -40 0
840 -40 0
850 -40 0
860 -40 0
870 -40 0
880 -40 0
890 -40 0
900 -40 0
910 -40 0
920 -40 0
930 -40 0
940 -40 0
950 -40 0
960 -40 0
970 -40 0
980 -40 0
990 -40 0
1000 -40 2
0 -30 2
10 -30 0
20 -30 0
30 -30 0
40 -30 0
50 -30 0
60 -30 0
70 -30 0
80 -30 0
90 -30 0
100 -30 0
110 -30 0
120 -30 0
130 -30 0
140 -30 0
150 -30 0
160 -30 0
170 -30 0
180 -30 0
190 -30 0
200 -30 0
210 -30 0
220 -30 0
230 -30 0
240 -30 0
250 -30 0
260 -30 0
270 -30 0
280 -30 0
290 -30 0
300 -30 0
310 -30 0
320 -30 0
330 -30 0
340 -30 0
350 -30 0
360 -30 0
370 -30 0
380 -30 0
390 -30 0
400 -30 0
410 -30 0
420 -30 0
430 -30 0
440 -30 0
450 -30 0
460 -30 0
470 -30 0
480 -30 0
490 -30 0
500 -30 0
510 -30 0
520 -30 0
530 -30 0
540 -30 0
550 -30 0
560 -30 0
570 -30 0
580 -30 0
590 -30 0
600 -30 0
610 -30 0
620 -30 0
630 -30 0
640 -30 0
650 -30 0
660 -30 0
670 -30 0
680 -30 0
690 -30 0
700 -30 0
710 -30 0
720 -30 0
730 -30 0
740 -30 0
750 -30 0
760 -30 0
770 -30 0
780 -30 0
790 -30 0
800 -30 0
810 -30 0
820 -30 0
830 -30 0
840 -30 0
850 -30 0
860 -30 0
870 -30 0
880 -30 0
890 -30 0
900 -30 0
910 -30 0
920 -30 0
930 -30 0
940 -30 0
950 -30 0
960 -30 0
970 -30 0
980 -30 0
990 -30 0
1000 -30 2
0 -20 2
10 -20 0
20 -20 0
30 -20 0
40 -20 0
50 -20 0
60 -20 0
70 -20 0
80 -20 0
90 -20 0
100 -20 0
110 -20 0
120 -20 0
130 -20 0
140 -20 0
150 -20 0
160 -20 0
170 -20 0
180 -20 0
190 -20 0
200 -20 0
210 -20 0
220 -20 0
230 -20 0
240 -20 0
250 -20 0
260 -20 0
270 -20 0
280 -20 0
290 -20 0
300 -20 0
310 -20 0
320 -20 0
330 -20 0
340 -20 0
350 -20 0
360 -20 0
370 -20 0
380 -20 0
390 -20 0
400 -20 0
410 -20 0
420 -20 0
430 -20 0
440 -20 0
450 -20 0
460 -20 0
470 -20 0
480 -20 0
490 -20 0
500 -20 0
510 -20 0
520 -20 0
530 -20 0
540 -20 0
550 -20 0
560 -20 0
570 -20 0
580 -20 0
590 -20 0
600 -20 0
610 -20 0
620 -20 0
630 -20 0
640 -20 0
650 -20 0
660 -20 0
670 -20 0
680 -20 0
690 -20 0
700 -20 0
710 -20 0
720 -20 0
730 -20 0
740 -20 0
750 -20 0
760 -20 0
770 -20 0
780 -20 0
790 -20 0
800 -20 0
810 -20 0
820 -20 0
830 -20 0
840 -20 0
850 -20 0
860 -20 0
870 -20 0
880 -20 0
890 -20 0
900 -20 0
910 -20 0
920 -20 0
930 -20 0
940 -20 0
950 -20 0
960 -20 0
970 -20 0
980 -20 0
990 -20 0
1000 -20 2
0 -10 2
10 -10 0
20 -10 0
30 -10 0
40 -10 0
50 -10 0
60 -10 0
70 -10 0
80 -10 0
90 -10 0
100 -10 0
110 -10 0
120 -10 0
130 -10 0
140 -10 0
150 -10 0
160 -10 0
170 -10 0
180 -10 0
190 -10 0
200 -10 0
210 -10 0
220 -10 0
230 -10 0
240 -10 0
250 -10 0
260 -10 0
270 -10 0
280 -10 0
290 -10 0
300 -10 0
310 -10 0
320 -10 0
330 -10 0
340 -10 0
350 -10 0
360 -10 0
370 -10 0
380 -10 0
390 -10 0
400 -10 0
410 -10 0
420 -10 0
430 -10 0
440 -10 0
450 -10 0
460 -10 0
470 -10 0
480 -10 0
490 -10 0
500 -10 0
510 -10 0
520 -10 0
530 -10 0
540 -10 0
550 -10 0
560 -10 0
570 -10 0
580 -10 0
590 -10 0
600 -10 0
610 -10 0
620 -10 0
630 -10 0
640 -10 0
650 -10 0
660 -10 0
670 -10 0
680 -10 0
690 -10 0
700 -10 0
710 -10 0
720 -10 0
730 -10 0
740 -10 0
750 -10 0
760 -10 0
770 -10 0
780 -10 0
790 -10 0
800 -10 0
810 -10 0
820 -10 0
830 -10 0
840 -10 0
850 -10 0
860 -10 0
870 -10 0
880 -10 0
890 -10 0
900 -10 0
910 -10 0
920 -10 0
930 -10 0
940 -10 0
950 -10 0
960 -10 0
970 -10 0
980 -10 0
990 -10 0
1000 -10 2
0 0 2
10 0 6
20 0 6
30 0 6
40 0 6
50 0 6
60 0 6
70 0 6
80 0 6
90 0 6
100 0 6
110 0 6
120 0 6
130 0 6
140 0 6
150 0 6
160 0 6
170 0 6
180 0 6
190 0 6
200 0 6
210 0 6
220 0 6
230 0 6
240 0 6
250 0 6
260 0 6
270 0 6
280 0 6
290 0 6
300 0 6
310 0 6
320 0 6
330 0 6
340 0 6
350 0 6
360 0 6
370 0 6
380 0 6
390 0 6
400 0 6
410 0 6
420 0 6
430 0 6
440 0 6
450 0 6
460 0 6
470 0 6
480 0 6
490 0 6
500 0 6
510 0 6
520 0 6
530 0 6
540 0 6
550 0 6
560 0 6
570 0 6
580 0 6
590 0 6
600 0 6
610 0 6
620 0 6
630 0 6
640 0 6
650 0 6
660 0 6
670 0 6
680 0 6
690 0 6
700 0 6
710 0 6
720 0 6
730 0 6
740 0 6
750 0 6
760 0 6
770 0 6
780 0 6
790 0 6
800 0 6
810 0 6
820 0 6
830 0 6
840 0 6
850 0 6
860 0 6
870 0 6
880 0 6
890 0 6
900 0 6
910 0 6
920 0 6
930 0 6
940 0 6
950 0 6
960 0 6
970 0 6
980 0 6
990 0 6
1000 0 6
0 5 3
10 5 0
20 5 0
30 5 0
40 5 0
50 5 0
60 5 0
70 5 0
80 5 0
90 5 0
100 5 0
110 5 0
120 5 0
130 5 0
140 5 0
150 5 0
160 5 0
170 5 0
180 5 0
190 5 0
200 5 0
210 5 0
220 5 0
230 5 0
240 5 0
250 5 0
260 5 0
270 5 0
280 5 0
290 5 0
300 5 0
310 5 0
320 5 0
330 5 0
340 5 0
350 5 0
360 5 0
370 5 0
380 5 0
390 5 0
400 5 0
410 5 0
420 5 0
430 5 0
440 5 0
450 5 0
460 5 0
470 5 0
480 5 0
490 5 0
500 5 0
510 5 0
520 5 0
530 5 0
540 5 0
550 5 0
560 5 0
570 5 0
580 5 0
590 5 0
600 5 0
610 5 0
620 5 0
630 5 0
640 5 0
650 5 0
660 5 0
670 5 0
680 5 0
690 5 0
700 5 0
710 5 0
720 5 0
730 5 0
740 5 0
750 5 0
760 5 0
770 5 0
780 5 0
790 5 0
800 5 0
810 5 0
820 5 0
830 5 0
840 5 0
850 5 0
860 5 0
870 5 0
880 5 0
890 5 0
900 5 0
910 5 0
920 5 0
930 5 0
940 5 0
950 5 0
960 5 0
970 5 0
980 5 0
990 5 0
1000 5 3
0 10 3
10 10 0
20 10 0
30 10 0
40 10 0
50 10 0
60 10 0
70 10 0
80 10 0
90 10 0
100 10 0
110 10 0
120 10 0
130 10 0
140 10 0
150 10 0
160 10 0
170 10 0
180 10 0
190 10 0
200 10 0
210 10 0
220 10 0
230 10 0
240 10 0
250 10 0
260 10 0
270 10 0
280 10 0
290 10 0
300 10 0
310 10 0
320 10 0
330 10 0
340 10 0
350 10 0
360 10 0
370 10 0
380 10 0
390 10 0
400 10 0
410 10 0
420 10 0
430 10 0
440 10 0
450 10 0
460 10 0
470 10 0
480 10 0
490 10 0
500 10 0
510 10 0
520 10 0
530 10 0
540 10 0
550 10 0
560 10 0
570 10 0
580 10 0
590 10 0
600 10 0
610 10 0
620 10 0
630 10 0
640 10 0
650 10 0
660 10 0
670 10 0
680 10 0
690 10 0
700 10 0
710 10 0
720 10 0
730 10 0
740 10 0
750 10 0
760 10 0
770 10 0
780 10 0
790 10 0
800 10 0
810 10 0
820 10 0
830 10 0
840 10 0
850 10 0
860 10 0
870 10 0
880 10 0
890 10 0
900 10 0
910 10 0
920 10 0
930 10 0
940 10 0
950 10 0
960 10 0
970 10 0
980 10 0
990 10 0
1000 10 3
0 15 3
10 15 0
20 15 0
30 15 0
40 15 0
50 15 0
60 15 0
70 15 0
80 15 0
90 15 0
100 15 0
110 15 0
120 15 0
130 15 0
140 15 0
150 15 0
160 15 0
170 15 0
180 15 0
190 15 0
200 15 0
210 15 0
220 15 0
230 15 0
240 15 0
250 15 0
260 15 0
270 15 0
280 15 0
290 15 0
300 15 0
310 15 0
320 15 0
330 15 0
340 15 0
350 15 0
360 15 0
370 15 0
380 15 0
390 15 0
400 15 0
410 15 0
420 15 0
430 15 0
440 15 0
450 15 0
460 15 0
470 15 0
480 15 0
490 15 0
500 15 0
510 15 0
520 15 0
530 15 0
540 15 0
550 15 0
560 15 0
570 15 0
580 15 0
590 15 0
600 15 0
610 15 0
620 15 0
630 15 0
640 15 0
650 15 0
660 15 0
670 15 0
680 15 0
690 15 0
700 15 0
710 15 0
720 15 0
730 15 0
740 15 0
750 15 0
760 15 0
770 15 0
780 15 0
790 15 0
800 15 0
810 15 0
820 15 0
830 15 0
840 15 0
850 15 0
860 15 0
870 15 0
880 15 0
890 15 0
900 15 0
910 15 0
920 15 0
930 15 0
940 15 0
950 15 0
960 15 0
970 15 0
980 15 0
990 15 0
1000 15 3
0 20 3
10 20 0
20 20 0
30 20 0
40 20 0
50 20 0
60 20 0
70 20 0
80 20 0
90 20 0
100 20 0
110 20 0
120 20 0
130 20 0
140 20 0
150 20 0
160 20 0
170 20 0
180 20 0
190 20 0
200 20 0
210 20 0
220 20 0
230 20 0
240 20 0
250 20 0
260 20 0
270 20 0
280 20 0
290 20 0
300 20 0
310 20 0
320 20 0
330 20 0
340 20 0
350 20 0
360 20 0
370 20 0
380 20 0
390 20 0
400 20 0
410 20 0
420 20 0
430 20 0
440 20 0
450 20 0
460 20 0
470 20 0
480 20 0
490 20 0
500 20 0
510 20 0
520 20 0
530 20 0
540 20 0
550 20 0
560 20 0
570 20 0
580 20 0
590 20 0
600 20 0
610 20 0
620 20 0
630 20 0
640 20 0
650 20 0
660 20 0
670 20 0
680 20 0
690 20 0
700 20 0
710 20 0
720 20 0
730 20 0
740 20 0
750 20 0
760 20 0
770 20 0
780 20 0
790 20 0
800 20 0
810 20 0
820 20 0
830 20 0
840 20 0
850 20 0
860 20 0
870 20 0
880 20 0
890 20 0
900 20 0
910 20 0
920 20 0
930 20 0
940 20 0
950 20 0
960 20 0
970 20 0
980 20 0
990 20 0
1000 20 3
0 25 3
10 25 7
20 25 7
30 25 7
40 25 7
50 25 7
60 25 7
70 25 7
80 25 7
90 25 7
100 25 7
110 25 7
120 25 7
130 25 7
140 25 7
150 25 7
160 25 7
170 25 7
180 25 7
190 25 7
200 25 7
210 25 7
220 25 7
230 25 7
240 25 7
250 25 7
260 25 7
270 25 7
280 25 7
290 25 7
300 25 7
310 25 7
320 25 7
330 25 7
340 25 7
350 25 7
360 25 7
370 25 7
380 25 7
390 25 7
400 25 7
410 25 7
420 25 7
430 25 7
440 25 7
450 25 7
460 25 7
470 25 7
480 25 7
490 25 7
500 25 7
510 25 7
520 25 7
530 25 7
540 25 7
550 25 7
560 25 7
570 25 7
580 25 7
590 25 7
600 25 7
610 25 7
620 25 7
630 25 7
640 25 7
650 25 7
660 25 7
670 25 7
680 25 7
690 25 7
700 25 7
710 25 7
720 25 7
730 25 7
740 25 7
750 25 7
760 25 7
770 25 7
780 25 7
790 25 7
800 25 7
810 25 7
820 25 7
830 25 7
840 25 7
850 25 7
860 25 7
870 25 7
880 25 7
890 25 7
900 25 7
910 25 7
920 25 7
930 25 7
940 25 7
950 25 7
960 25 7
970 25 7
980 25 7
990 25 7
1000 25 7
0 28 3
10 28 0
20 28 0
30 28 0
40 28 0
50 28 0
60 28 0
70 28 0
80 28 0
90 28 0
100 28 0
110 28 0
120 28 0
130 28 0
140 28 0
150 28 0
160 28 0
170 28 0
180 28 0
190 28 0
200 28 0
210 28 0
220 28 0
230 28 0
240 28 0
250 28 0
260 28 0
270 28 0
280 28 0
290 28 0
300 28 0
310 28 0
320 28 0
330 28 0
340 28 0
350 28 0
360 28 0
370 28 0
380 28 0
390 28 0
400 28 0
410 28 0
420 28 0
430 28 0
440 28 0
450 28 0
460 28 0
470 28 0
480 28 0
490 28 0
500 28 0
510 28 0
520 28 0
530 28 0
540 28 0
550 28 0
560 28 0
570 28 0
580 28 0
590 28 0
600 28 0
610 28 0
620 28 0
630 28 0
640 28 0
650 28 0
660 28 0
670 28 0
680 28 0
690 28 0
700 28 0
710 28 0
720 28 0
730 28 0
740 28 0
750 28 0
760 28 0
770 28 0
780 28 0
790 28 0
800 28 0
810 28 0
820 28 0
830 28 0
840 28 0
850 28 0
860 28 0
870 28 0
880 28 0
890 28 0
900 28 0
910 28 0
920 28 0
930 28 0
940 28 0
950 28 0
960 28 0
970 28 0
980 28 0
990 28 0
1000 28 3
0 31 3
10 31 8
20 31 8
30 31 8
40 31 8
50 31 8
60 31 8
70 31 8
80 31 8
90 31 8
100 31 8
110 31 8
120 31 8
130 31 8
140 31 8
150 31 8
160 31 8
170 31 8
180 31 8
190 31 8
200 31 8
210 31 8
220 31 8
230 31 8
240 31 8
250 31 8
260 31 8
270 31 8
280 31 8
290 31 8
300 31 8
310 31 8
320 31 8
330 31 8
340 31 8
350 31 8
360 31 8
370 31 8
380 31 8
390 31 8
400 31 8
410 31 8
420 31 8
430 31 8
440 31 8
450 31 8
460 31 8
470 31 8
480 31 8
490 31 8
500 31 8
510 31 8
520 31 8
530 31 8
540 31 8
550 31 8
560 31 8
570 31 8
580 31 8
590 31 8
600 31 8
610 31 8
620 31 8
630 31 8
640 31 8
650 31 8
660 31 8
670 31 8
680 31 8
690 31 8
700 31 8
710 31 8
720 31 8
730 31 8
740 31 8
750 31 8
760 31 8
770 31 8
780 31 8
790 31 8
800 31 8
810 31 8
820 31 8
830 31 8
840 31 8
850 31 8
860 31 8
870 31 8
880 31 8
890 31 8
900 31 8
910 31 8
920 31 8
930 31 8
940 31 8
950 31 8
960 31 8
970 31 8
980 31 8
990 31 8
1000 31 8
0 34 3
10 34 4
20 34 4
30 34 4
40 34 4
50 34 4
60 34 4
70 34 4
80 34 4
90 34 4
100 34 4
110 34 4
120 34 4
130 34 4
140 34 4
150 34 4
160 34 4
170 34 4
180 34 4
190 34 4
200 34 4
210 34 4
220 34 4
230 34 4
240 34 4
250 34 4
260 34 4
270 34 4
280 34 4
290 34 4
300 34 4
310 34 4
320 34 4
330 34 4
340 34 4
350 34 4
360 34 4
370 34 4
380 34 4
390 34 4
400 34 4
410 34 4
420 34 4
430 34 4
440 34 4
450 34 4
460 34 4
470 34 4
480 34 4
490 34 4
500 34 4
510 34 4
520 34 4
530 34 4
540 34 4
550 34 4
560 34 4
570 34 4
580 34 4
590 34 4
600 34 4
610 34 4
620 34 4
630 34 4
640 34 4
650 34 4
660 34 4
670 34 4
680 34 4
690 34 4
700 34 4
710 34 4
720 34 4
730 34 4
740 34 4
750 34 4
760 34 4
770 34 4
780 34 4
790 34 4
800 34 4
810 34 4
820 34 4
830 34 4
840 34 4
850 34 4
860 34 4
870 34 4
880 34 4
890 34 4
900 34 4
910 34 4
920 34 4
930 34 4
940 34 4
950 34 4
960 34 4
970 34 4
980 34 4
990 34 4
1000 34 4

Edges
636
1 2 5
2 3 5
3 4 5
4 5 5
5 6 5
6 7 5
7 8 5
8 9 5
9 10 5
10 11 5
11 12 5
12 13 5
13 14 5
14 15 5
15 16 5
16 17 5
17 18 5
18 19 5
19 20 5
20 21 5
21 22 5
22 23 5
23 24 5
24 25 5
25 26 5
26 27 5
27 28 5
28 29 5
29 30 5
30 31 5
31 32 5
32 33 5
33 34 5
34 35 5
35 36 5
36 37 5
37 38 5
38 39 5
39 40 5
40 41 5
41 42 5
42 43 5
43 44 5
44 45 5
45 46 5
46 47 5
47 48 5
48 49 5
49 50 5
50 51 5
51 52 5
52 53 5
53 54 5
54 55 5
55 56 5
56 57 5
57 58 5
58 59 5
59 60 5
60 61 5
61 62 5
62 63 5
63 64 5
64 65 5
65 66 5
66 67 5
67 68 5
68 69 5
69 70 5
70 71 5
71 72 5
72 73 5
73 74 5
74 75 5
75 76 5
76 77 5
77 78 5
78 79 5
79 80 5
80 81 5
81 82 5
82 83 5
83 84 5
84 85 5
85 86 5
86 87 5
87 88 5
88 89 5
89 90 5
90 91 5
91 92 5
92 93 5
93 94 5
94 95 5
95 96 5
96 97 5
97 98 5
98 99 5
99 100 5
100 101 5
101 202 2
202 303 2
303 404 2
404 505 2
505 606 2
606 707 2
707 808 2
808 909 2
909 1010 2
1010 1111 2
1111 1212 2
1212 1313 2
1313 1414 2
1414 1515 2
1515 1616 2
1616 1717 2
1717 1818 2
1818 1919 2
1919 2020 2
2020 2121 2
2121 2222 2
2222 2323 2
2323 2424 2
2424 2525 2
2525 2626 2
2626 2727 2
2727 2828 2
2828 2929 2
2929 3030 2
3030 3131 2
3131 3232 2
3232 3333 2
3333 3434 2
3434 3535 2
3535 3636 2
3636 3737 2
3737 3838 2
3838 3939 2
3939 4040 2
4040 4141 2
4141 4242 2
4242 4343 2
4343 4444 2
4444 4545 2
4545 4646 2
4646 4747 2
4747 4848 2
4848 4949 2
4949 5050 2
5050 5151 2
5151 5252 2
5252 5353 2
5353 5454 2
5454 5555 2
5555 5656 2
5656 5757 2
5757 5858 2
5858 5959 2
5959 6060 2
6060 6161 2
6062 6061 6
6063 6062 6
6064 6063 6
6065 6064 6
6066 6065 6
6067 6066 6
6068 6067 6
6069 6068 6
6070 6069 6
6071 6070 6
6072 6071 6
6073 6072 6
6074 6073 6
6075 6074 6
6076 6075 6
6077 6076 6
6078 6077 6
6079 6078 6
6080 6079 6
6081 6080 6
6082 6081 6
6083 6082 6
6084 6083 6
6085 6084 6
6086 6085 6
6087 6086 6
6088 6087 6
6089 6088 6
6090 6089 6
6091 6090 6
6092 6091 6
6093 6092 6
6094 6093 6
6095 6094 6
6096 6095 6
6097 6096 6
6098 6097 6
6099 6098 6
6100 6099 6
6101 6100 6
6102 6101 6
6103 6102 6
6104 6103 6
6105 6104 6
6106 6105 6
6107 6106 6
6108 6107 6
6109 6108 6
6110 6109 6
6111 6110 6
6112 6111 6
6113 6112 6
6114 6113 6
6115 6114 6
6116 6115 6
6117 6116 6
6118 6117 6
6119 6118 6
6120 6119 6
6121 6120 6
6122 6121 6
6123 6122 6
6124 6123 6
6125 6124 6
6126 6125 6
6127 6126 6
6128 6127 6
6129 6128 6
6130 6129 6
6131 6130 6
6132 6131 6
6133 6132 6
6134 6133 6
6135 6134 6
6136 6135 6
6137 6136 6
6138 6137 6
6139 6138 6
6140 6139 6
6141 6140 6
6142 6141 6
6143 6142 6
6144 6143 6
6145 6144 6
6146 6145 6
6147 6146 6
6148 6147 6
6149 6148 6
6150 6149 6
6151 6150 6
6152 6151 6
6153 6152 6
6154 6153 6
6155 6154 6
6156 6155 6
6157 6156 6
6158 6157 6
6159 6158 6
6160 6159 6
6161 6160 6
102 1 2
203 102 2
304 203 2
405 304 2
506 405 2
607 506 2
708 607 2
809 708 2
910 809 2
1011 910 2
1112 1011 2
1213 1112 2
1314 1213 2
1415 1314 2
1516 1415 2
1617 1516 2
1718 1617 2
1819 1718 2
1920 1819 2
2021 1920 2
2122 2021 2
2223 2122 2
2324 2223 2
2425 2324 2
2526 2425 2
2627 2526 2
2728 2627 2
2829 2728 2
2930 2829 2
3031 2930 2
3132 3031 2
3233 3132 2
3334 3233 2
3435 3334 2
3536 3435 2
3637 3536 2
3738 3637 2
3839 3738 2
3940 3839 2
4041 3940 2
4142 4041 2
4243 4142 2
4344 4243 2
4445 4344 2
4546 4445 2
4647 4546 2
4748 4647 2
4849 4748 2
4950 4849 2
5051 4950 2
5152 5051 2
5253 5152 2
5354 5253 2
5455 5354 2
5556 5455 2
5657 5556 2
5758 5657 2
5859 5758 2
5960 5859 2
6061 5960 2
6161 6262 3
6262 6363 3
6363 6464 3
6464 6565 3
6565 6666 3
6567 6566 7
6568 6567 7
6569 6568 7
6570 6569 7
6571 6570 7
6572 6571 7
6573 6572 7
6574 6573 7
6575 6574 7
6576 6575 7
6577 6576 7
6578 6577 7
6579 6578 7
6580 6579 7
6581 6580 7
6582 6581 7
6583 6582 7
6584 6583 7
6585 6584 7
6586 6585 7
6587 6586 7
6588 6587 7
6589 6588 7
6590 6589 7
6591 6590 7
6592 6591 7
6593 6592 7
6594 6593 7
6595 6594 7
6596 6595 7
6597 6596 7
6598 6597 7
6599 6598 7
6600 6599 7
6601 6600 7
6602 6601 7
6603 6602 7
6604 6603 7
6605 6604 7
6606 6605 7
6607 6606 7
6608 6607 7
6609 6608 7
6610 6609 7
6611 6610 7
6612 6611 7
6613 6612 7
6614 6613 7
6615 6614 7
6616 6615 7
6617 6616 7
6618 6617 7
6619 6618 7
6620 6619 7
6621 6620 7
6622 6621 7
6623 6622 7
6624 6623 7
6625 6624 7
6626 6625 7
6627 6626 7
6628 6627 7
6629 6628 7
6630 6629 7
6631 6630 7
6632 6631 7
6633 6632 7
6634 6633 7
6635 6634 7
6636 6635 7
6637 6636 7
6638 6637 7
6639 6638 7
6640 6639 7
6641 6640 7
6642 6641 7
6643 6642 7
6644 6643 7
6645 6644 7
6646 6645 7
6647 6646 7
6648 6647 7
6649 6648 7
6650 6649 7
6651 6650 7
6652 6651 7
6653 6652 7
6654 6653 7
6655 6654 7
6656 6655 7
6657 6656 7
6658 6657 7
6659 6658 7
6660 6659 7
6661 6660 7
6662 6661 7
6663 6662 7
6664 6663 7
6665 6664 7
6666 6665 7
6162 6061 3
6263 6162 3
6364 6263 3
6465 6364 3
6566 6465 3
6666 6767 3
6767 6868 3
6769 6768 8
6770 6769 8
6771 6770 8
6772 6771 8
6773 6772 8
6774 6773 8
6775 6774 8
6776 6775 8
6777 6776 8
6778 6777 8
6779 6778 8
6780 6779 8
6781 6780 8
6782 6781 8
6783 6782 8
6784 6783 8
6785 6784 8
6786 6785 8
6787 6786 8
6788 6787 8
6789 6788 8
6790 6789 8
6791 6790 8
6792 6791 8
6793 6792 8
6794 6793 8
6795 6794 8
6796 6795 8
6797 6796 8
6798 6797 8
6799 6798 8
6800 6799 8
6801 6800 8
6802 6801 8
6803 6802 8
6804 6803 8
6805 6804 8
6806 6805 8
6807 6806 8
6808 6807 8
6809 6808 8
6810 6809 8
6811 6810 8
6812 6811 8
6813 6812 8
6814 6813 8
6815 6814 8
6816 6815 8
6817 6816 8
6818 6817 8
6819 6818 8
6820 6819 8
6821 6820 8
6822 6821 8
6823 6822 8
6824 6823 8
6825 6824 8
6826 6825 8
6827 6826 8
6828 6827 8
6829 6828 8
6830 6829 8
6831 6830 8
6832 6831 8
6833 6832 8
6834 6833 8
6835 6834 8
6836 6835 8
6837 6836 8
6838 6837 8
6839 6838 8
6840 6839 8
6841 6840 8
6842 6841 8
6843 6842 8
6844 6843 8
6845 6844 8
6846 6845 8
6847 6846 8
6848 6847 8
6849 6848 8
6850 6849 8
6851 6850 8
6852 6851 8
6853 6852 8
6854 6853 8
6855 6854 8
6856 6855 8
6857 6856 8
6858 6857 8
6859 6858 8
6860 6859 8
6861 6860 8
6862 6861 8
6863 6862 8
6864 6863 8
6865 6864 8
6866 6865 8
6867 6866 8
6868 6867 8
6667 6566 3
6768 6667 3
6868 6969 3
6870 6869 4
6871 6870 4
6872 6871 4
6873 6872 4
6874 6873 4
6875 6874 4
6876 6875 4
6877 6876 4
6878 6877 4
6879 6878 4
6880 6879 4
6881 6880 4
6882 6881 4
6883 6882 4
6884 6883 4
6885 6884 4
6886 6885 4
6887 6886 4
6888 6887 4
6889 6888 4
6890 6889 4
6891 6890 4
6892 6891 4
6893 6892 4
6894 6893 4
6895 6894 4
6896 6895 4
6897 6896 4
6898 6897 4
6899 6898 4
6900 6899 4
6901 6900 4
6902 6901 4
6903 6902 4
6904 6903 4
6905 6904 4
6906 6905 4
6907 6906 4
6908 6907 4
6909 6908 4
6910 6909 4
6911 6910 4
6912 6911 4
6913 6912 4
6914 6913 4
6915 6914 4
6916 6915 4
6917 6916 4
6918 6917 4
6919 6918 4
6920 6919 4
6921 6920 4
6922 6921 4
6923 6922 4
6924 6923 4
6925 6924 4
6926 6925 4
6927 6926 4
6928 6927 4
6929 6928 4
6930 6929 4
6931 6930 4
6932 6931 4
6933 6932 4
6934 6933 4
6935 6934 4
6936 6935 4
6937 6936 4
6938 6937 4
6939 6938 4
6940 6939 4
6941 6940 4
6942 6941 4
6943 6942 4
6944 6943 4
6945 6944 4
6946 6945 4
6947 6946 4
6948 6947 4
6949 6948 4
6950 6949 4
6951 6950 4
6952 6951 4
6953 6952 4
6954 6953 4
6955 6954 4
6956 6955 4
6957 6956 4
6958 6957 4
6959 6958 4
6960 6959 4
6961 6960 4
6962 6961 4
6963 6962 4
6964 6963 4
6965 6964 4
6966 6965 4
6967 6966 4
6968 6967 4
6969 6968 4
6869 6768 3

Triangles
13600
1 2 102 10
102 2 103 10
2 3 104 10
2 104 103 10
3 4 104 10
104 4 105 10
4 5 106 10
4 106 105 10
5 6 106 10
106 6 107 10
6 7 108 10
6 108 107 10
7 8 108 10
108 8 109 10
8 9 110 10
8 110 109 10
9 10 110 10
110 10 111 10
10 11 112 10
10 112 111 10
11 12 112 10
112 12 113 10
12 13 114 10
12 114 113 10
13 14 114 10
114 14 115 10
14 15 116 10
14 116 115 10
15 16 116 10
116 16 117 10
16 17 118 10
16 118 117 10
17 18 118 10
118 18 119 10
18 19 120 10
18 120 119 10
19 20 120 10
120 20 121 10
20 21 122 10
20 122 121 10
21 22 122 10
122 22 123 10
22 23 124 10
22 124 123 10
23 24 124 10
124 24 125 10
24 25 126 10
24 126 125 10
25 26 126 10
126 26 127 10
26 27 128 10
26 128 127 10
27 28 128 10
128 28 129 10
28 29 130 10
28 130 129 10
29 30 130 10
130 30 131 10
30 31 132 10
30 132 131 10
31 32 132 10
132 32 133 10
32 33 134 10
32 134 133 10
33 34 134 10
134 34 135 10
34 35 136 10
34 136 135 10
35 36 136 10
136 36 137 10
36 37 138 10
36 138 137 10
37 38 138 10
138 38 139 10
38 39 140 10
38 140 139 10
39 40 140 10
140 40 141 10
40 41 142 10
40 142 141 10
41 42 142 10
142 42 143 10
42 43 144 10
42 144 143 10
43 44 144 10
144 44 145 10
44 45 146 10
44 146 145 10
45 46 146 10
146 46 147 10
46 47 148 10
46 148 147 10
47 48 148 10
148 48 149 10
48 49 150 10
48 150 149 10
49 50 150 10
150 50 151 10
50 51 152 10
50 152 151 10
51 52 152 10
152 52 153 10
52 53 154 10
52 154 153 10
53 54 154 10
154 54 155 10
54 55 156 10
54 156 155 10
55 56 156 10
156 56 157 10
56 57 158 10
56 158 157 10
57 58 158 10
158 58 159 10
58 59 160 10
58 160 159 10
59 60 160 10
160 60 161 10
60 61 162 10
60 162 161 10
61 62 162 10
162 62 163 10
62 63 164 10
62 164 163 10
63 64 164 10
164 64 165 10
64 65 166 10
64 166 165 10
65 66 166 10
166 66 167 10
66 67 168 10
66 168 167 10
67 68 168 10
168 68 169 10
68 69 170 10
68 170 169 10
69 70 170 10
170 70 171 10
70 71 172 10
70 172 171 10
71 72 172 10
172 72 173 10
72 73 174 10
72 174 173 10
73 74 174 10
174 74 175 10
74 75 176 10
74 176 175 10
75 76 176 10
176 76 177 10
76 77 178 10
76 178 177 10
77 78 178 10
178 78 179 10
78 79 180 10
78 180 179 10
79 80 180 10
180 80 181 10
80 81 182 10
80 182 181 10
81 82 182 10
182 82 183 10
82 83 184 10
82 184 183 10
83 84 184 10
184 84 185 10
84 85 186 10
84 186 185 10
85 86 186 10
186 86 187 10
86 87 188 10
86 188 187 10
87 88 188 10
188 88 189 10
88 89 190 10
88 190 189 10
89 90 190 10
190 90 191 10
90 91 192 10
90 192 191 10
91 92 192 10
192 92 193 10
92 93 194 10
92 194 193 10
93 94 194 10
194 94 195 10
94 95 196 10
94 196 195 10
95 96 196 10
196 96 197 10
96 97 198 10
96 198 197 10
97 98 198 10
198 98 199 10
98 99 200 10
98 200 199 10
99 100 200 10
200 100 201 10
100 101 202 10
100 202 201 10
102 103 204 10
102 204 203 10
103 104 204 10
204 104 205 10
104 105 206 10
104 206 205 10
105 106 206 10
206 106 207 10
106 107 208 10
106 208 207 10
107 108 208 10
208 108 209 10
108 109 210 10
108 210 209 10
109 110 210 10
210 110 211 10
110 111 212 10
110 212 211 10
111 112 212 10
212 112 213 10
112 113 214 10
112 214 213 10
113 114 214 10
214 114 215 10
114 115 216 10
114 216 215 10
115 116 216 10
216 116 217 10
116 117 218 10
116 218 217 10
117 118 218 10
218 118 219 10
118 119 220 10
118 220 219 10
119 120 220 10
220 120 221 10
120 121 222 10
120 222 221 10
121 122 222 10
222 122 223 10
122 123 224 10
122 224 223 10
123 124 224 10
224 124 225 10
124 125 226 10
124 226 225 10
125 126 226 10
226 126 227 10
126 127 228 10
126 228 227 10
127 128 228 10
228 128 229 10
128 129 230 10
128 230 229 10
129 130 230 10
230 130 231 10
130 131 232 10
130 232 231 10
131 132 232 10
232 132 233 10
132 133 234 10
132 234 233 10
133 134 234 10
234 134 235 10
134 135 236 10
134 236 235 10
135 136 236 10
236 136 237 10
136 137 238 10
136 238 237 10
137 138 238 10
238 138 239 10
138 139 240 10
138 240 239 10
139 140 240 10
240 140 241 10
140 141 242 10
140 242 241 10
141 142 242 10
242 142 243 10
142 143 244 10
142 244 243 10
143 144 244 10
244 144 245 10
144 145 246 10
144 246 245 10
145 146 246 10
246 146 247 10
146 147 248 10
146 248 247 10
147 148 248 10
248 148 249 10
148 149 250 10
148 250 249 10
149 150 250 10
250 150 251 10
150 151 252 10
150 252 251 10
151 152 252 10
252 152 253 10
152 153 254 10
152 254 253 10
153 154 254 10
254 154 255 10
154 155 256 10
154 256 255 10
155 156 256 10
256 156 257 10
156 157 258 10
156 258 257 10
157 158 258 10
258 158 259 10
158 159 260 10
158 260 259 10
159 160 260 10
260 160 261 10
160 161 262 10
160 262 261 10
161 162 262 10
262 162 263 10
162 163 264 10
162 264 263 10
163 164 264 10
264 164 265 10
164 165 266 10
164 266 265 10
165 166 266 10
266 166 267 10
166 167 268 10
166 268 267 10
167 168 268 10
268 168 269 10
168 169 270 10
168 270 269 10
169 170 270 10
270 170 271 10
170 171 272 10
170 272 271 10
171 172 272 10
272 172 273 10
172 173 274 10
172 274 273 10
173 174 274 10
274 174 275 10
174 175 276 10
174 276 275 10
175 176 276 10
276 176 277 10
176 177 278 10
176 278 277 10
177 178 278 10
278 178 279 10
178 179 280 10
178 280 279 10
179 180 280 10
280 180 281 10
180 181 282 10
180 282 281 10
181 182 282 10
282 182 283 10
182 183 284 10
182 284 283 10
183 184 284 10
284 184 285 10
184 185 286 10
184 286 285 10
185 186 286 10
286 186 287 10
186 187 288 10
186 288 287 10
187 188 288 10
288 188 289 10
188 189 290 10
188 290 289 10
189 190 290 10
290 190 291 10
190 191 292 10
190 292 291 10
191 192 292 10
292 192 293 10
192 193 294 10
192 294 293 10
193 194 294 10
294 194 295 10
194 195 296 10
194 296 295 10
195 196 296 10
296 196 297 10
196 197 298 10
196 298 297 10
197 198 298 10
298 198 299 10
198 199 300 10
198 300 299 10
199 200 300 10
300 200 301 10
200 201 302 10
200 302 301 10
201 202 302 10
302 202 303 10
203 204 304 10
304 204 305 10
204 205 306 10
204 306 305 10
205 206 306 10
306 206 307 10
206 207 308 10
206 308 307 10
207 208 308 10
308 208 309 10
208 209 310 10
208 310 309 10
209 210 310 10
310 210 311 10
210 211 312 10
210 312 311 10
211 212 312 10
312 212 313 10
212 213 314 10
212 314 313 10
213 214 314 10
314 214 315 10
214 215 316 10
214 316 315 10
215 216 316 10
316 216 317 10
216 217 318 10
216 318 317 10
217 218 318 10
318 218 319 10
218 219 320 10
218 320 319 10
219 220 320 10
320 220 321 10
220 221 322 10
220 322 321 10
221 222 322 10
322 222 323 10
222 223 324 10
222 324 323 10
223 224 324 10
324 224 325 10
224 225 326 10
224 326 325 10
225 226 326 10
326 226 327 10
226 227 328 10
226 328 327 10
227 228 328 10
328 228 329 10
228 229 330 10
228 330 329 10
229 230 330 10
330 230 331 10
230 231 332 10
230 332 331 10
231 232 332 10
332 232 333 10
232 233 334 10
232 334 333 10
233 234 334 10
334 234 335 10
234 235 336 10
234 336 335 10
235 236 336 10
336 236 337 10
236 237 338 10
236 338 337 10
237 238 338 10
338 238 339 10
238 239 340 10
238 340 339 10
239 240 340 10
340 240 341 10
240 241 342 10
240 342 341 10
241 242 342 10
342 242 343 10
242 243 344 10
242 344 343 10
243 244 344 10
344 244 345 10
244 245 346 10
244 346 345 10
245 246 346 10
346 246 347 10
246 247 348 10
246 348 347 10
247 248 348 10
348 248 349 10
248 249 350 10
248 350 349 10
249 250 350 10
350 250 351 10
250 251 352 10
250 352 351 10
251 252 352 10
352 252 353 10
252 253 354 10
252 354 353 10
253 254 354 10
354 254 355 10
254 255 356 10
254 356 355 10
255 256 356 10
356 256 357 10
256 257 358 10
256 358 357 10
257 258 358 10
358 258 359 10
258 259 360 10
258 360 359 10
259 260 360 10
360 260 361 10
260 261 362 10
260 362 361 10
261 262 362 10
362 262 363 10
262 263 364 10
262 364 363 10
263 264 364 10
364 264 365 10
264 265 366 10
264 366 365 10
265 266 366 10
366 266 367 10
266 267 368 10
266 368 367 10
267 268 368 10
368 268 369 10
268 269 370 10
268 370 369 10
269 270 370 10
370 270 371 10
270 271 372 10
270 372 371 10
271 272 372 10
372 272 373 10
272 273 374 10
272 374 373 10
273 274 374 10
374 274 375 10
274 275 376 10
274 376 375 10
275 276 376 10
376 276 377 10
276 277 378 10
276 378 377 10
277 278 378 10
378 278 379 10
278 279 380 10
278 380 379 10
279 280 380 10
380 280 381 10
280 281 382 10
280 382 381 10
281 282 382 10
382 282 383 10
282 283 384 10
282 384 383 10
283 284 384 10
384 284 385 10
284 285 386 10
284 386 385 10
285 286 386 10
386 286 387 10
286 287 388 10
286 388 387 10
287 288 388 10
388 288 389 10
288 289 390 10
288 390 389 10
289 290 390 10
390 290 391 10
290 291 392 10
290 392 391 10
291 292 392 10
392 292 393 10
292 293 394 10
292 394 393 10
293 294 394 10
394 294 395 10
294 295 396 10
294 396 395 10
295 296 396 10
396 296 397 10
296 297 398 10
296 398 397 10
297 298 398 10
398 298 399 10
298 299 400 10
298 400 399 10
299 300 400 10
400 300 401 10
300 301 402 10
300 402 401 10
301 302 402 10
402 302 403 10
302 303 404 10
302 404 403 10
304 305 406 10
304 406 405 10
305 306 406 10
406 306 407 10
306 307 408 10
306 408 407 10
307 308 408 10
408 308 409 10
308 309 410 10
308 410 409 10
309 310 410 10
410 310 411 10
310 311 412 10
310 412 411 10
311 312 412 10
412 312 413 10
312 313 414 10
312 414 413 10
313 314 414 10
414 314 415 10
314 315 416 10
314 416 415 10
315 316 416 10
416 316 417 10
316 317 418 10
316 418 417 10
317 318 418 10
418 318 419 10
318 319 420 10
318 420 419 10
319 320 420 10
420 320 421 10
320 321 422 10
320 422 421 10
321 322 422 10
422 322 423 10
322 323 424 10
322 424 423 10
323 324 424 10
424 324 425 10
324 325 426 10
324 426 425 10
325 326 426 10
426 326 427 10
326 327 428 10
326 428 427 10
327 328 428 10
428 328 429 10
328 329 430 10
328 430 429 10
329 330 430 10
430 330 431 10
330 331 432 10
330 432 431 10
331 332 432 10
432 332 433 10
332 333 434 10
332 434 433 10
333 334 434 10
434 334 435 10
334 335 436 10
334 436 435 10
335 336 436 10
436 336 437 10
336 337 438 10
336 438 437 10
337 338 438 10
438 338 439 10
338 339 440 10
338 440 439 10
339 340 440 10
440 340 441 10
340 341 442 10
340 442 441 10
341 342 442 10
442 342 443 10
342 343 444 10
342 444 443 10
343 344 444 10
444 344 445 10
344 345 446 10
344 446 445 10
345 346 446 10
446 346 447 10
346 347 448 10
346 448 447 10
347 348 448 10
448 348 449 10
348 349 450 10
348 450 449 10
349 350 450 10
450 350 451 10
350 351 452 10
350 452 451 10
351 352 452 10
452 352 453 10
352 353 454 10
352 454 453 10
353 354 454 10
454 354 455 10
354 355 456 10
354 456 455 10
355 356 456 10
456 356 457 10
356 357 458 10
356 458 457 10
357 358 458 10
458 358 459 10
358 359 460 10
358 460 459 10
359 360 460 10
460 360 461 10
360 361 462 10
360 462 461 10
361 362 462 10
462 362 463 10
362 363 464 10
362 464 463 10
363 364 464 10
464 364 465 10
364 365 466 10
364 466 465 10
365 366 466 10
466 366 467 10
366 367 468 10
366 468 467 10
367 368 468 10
468 368 469 10
368 369 470 10
368 470 469 10
369 370 470 10
470 370 471 10
370 371 472 10
370 472 471 10
371 372 472 10
472 372 473 10
372 373 474 10
372 474 473 10
373 374 474 10
474 374 475 10
374 375 476 10
374 476 475 10
375 376 476 10
476 376 477 10
376 377 478 10
376 478 477 10
377 378 478 10
478 378 479 10
378 379 480 10
378 480 479 10
379 380 480 10
480 380 481 10
380 381 482 10
380 482 481 10
381 382 482 10
482 382 483 10
382 383 484 10
382 484 483 10
383 384 484 10
484 384 485 10
384 385 486 10
384 486 485 10
385 386 486 10
486 386 487 10
386 387 488 10
386 488 487 10
387 388 488 10
488 388 489 10
388 389 490 10
388 490 489 10
389 390 490 10
490 390 491 10
390 391 492 10
390 492 491 10
391 392 492 10
492 392 493 10
392 393 494 10
392 494 493 10
393 394 494 10
494 394 495 10
394 395 496 10
394 496 495 10
395 396 496 10
496 396 497 10
396 397 498 10
396 498 497 10
397 398 498 10
498 398 499 10
398 399 500 10
398 500 499 10
399 400 500 10
500 400 501 10
400 401 502 10
400 502 501 10
401 402 502 10
502 402 503 10
402 403 504 10
402 504 503 10
403 404 504 10
504 404 505 10
405 406 506 10
506 406 507 10
406 407 508 10
406 508 507 10
407 408 508 10
508 408 509 10
408 409 510 10
408 510 509 10
409 410 510 10
510 410 511 10
410 411 512 10
410 512 511 10
411 412 512 10
512 412 513 10
412 413 514 10
412 514 513 10
413 414 514 10
514 414 515 10
414 415 516 10
414 516 515 10
415 416 516 10
516 416 517 10
416 417 518 10
416 518 517 10
417 418 518 10
518 418 519 10
418 419 520 10
418 520 519 10
419 420 520 10
520 420 521 10
420 421 522 10
420 522 521 10
421 422 522 10
522 422 523 10
422 423 524 10
422 524 523 10
423 424 524 10
524 424 525 10
424 425 526 10
424 526 525 10
425 426 526 10
526 426 527 10
426 427 528 10
426 528 527 10
427 428 528 10
528 428 529 10
428 429 530 10
428 530 529 10
429 430 530 10
530 430 531 10
430 431 532 10
430 532 531 10
431 432 532 10
532 432 533 10
432 433 534 10
432 534 533 10
433 434 534 10
534 434 535 10
434 435 536 10
434 536 535 10
435 436 536 10
536 436 537 10
436 437 538 10
436 538 537 10
437 438 538 10
538 438 539 10
438 439 540 10
438 540 539 10
439 440 540 10
540 440 541 10
440 441 542 10
440 542 541 10
441 442 542 10
542 442 543 10
442 443 544 10
442 544 543 10
443 444 544 10
544 444 545 10
444 445 546 10
444 546 545 10
445 446 546 10
546 446 547 10
446 447 548 10
446 548 547 10
447 448 548 10
548 448 549 10
448 449 550 10
448 550 549 10
449 450 550 10
550 450 551 10
450 451 552 10
450 552 551 10
451 452 552 10
552 452 553 10
452 453 554 10
452 554 553 10
453 454 554 10
554 454 555 10
454 455 556 10
454 556 555 10
455 456 556 10
556 456 557 10
456 457 558 10
456 558 557 10
457 458 558 10
558 458 559 10
458 459 560 10
458 560 559 10
459 460 560 10
560 460 561 10
460 461 562 10
460 562 561 10
461 462 562 10
562 462 563 10
462 463 564 10
462 564 563 10
463 464 564 10
564 464 565 10
464 465 566 10
464 566 565 10
465 466 566 10
566 466 567 10
466 467 568 10
466 568 567 10
467 468 568 10
568 468 569 10
468 469 570 10
468 570 569 10
469 470 570 10
570 470 571 10
470 471 572 10
470 572 571 10
471 472 572 10
572 472 573 10
472 473 574 10
472 574 573 10
473 474 574 10
574 474 575 10
474 475 576 10
474 576 575 10
475 476 576 10
576 476 577 10
476 477 578 10
476 578 577 10
477 478 578 10
578 478 579 10
478 479 580 10
478 580 579 10
479 480 580 10
580 480 581 10
480 481 582 10
480 582 581 10
481 482 582 10
582 482 583 10
482 483 584 10
482 584 583 10
483 484 584 10
584 484 585 10
484 485 586 10
484 586 585 10
485 486 586 10
586 486 587 10
486 487 588 10
486 588 587 10
487 488 588 10
588 488 589 10
488 489 590 10
488 590 589 10
489 490 590 10
590 490 591 10
490 491 592 10
490 592 591 10
491 492 592 10
592 492 593 10
492 493 594 10
492 594 593 10
493 494 594 10
594 494 595 10
494 495 596 10
494 596 595 10
495 496 596 10
596 496 597 10
496 497 598 10
496 598 597 10
497 498 598 10
598 498 599 10
498 499 600 10
498 600 599 10
499 500 600 10
600 500 601 10
500 501 602 10
500 602 601 10
501 502 602 10
602 502 603 10
502 503 604 10
502 604 603 10
503 504 604 10
604 504 605 10
504 505 606 10
504 606 605 10
506 507 608 10
506 608 607 10
507 508 608 10
608 508 609 10
508 509 610 10
508 610 609 10
509 510 610 10
610 510 611 10
510 511 612 10
510 612 611 10
511 512 612 10
612 512 613 10
512 513 614 10
512 614 613 10
513 514 614 10
614 514 615 10
514 515 616 10
514 616 615 10
515 516 616 10
616 516 617 10
516 517 618 10
516 618 617 10
517 518 618 10
618 518 619 10
518 519 620 10
518 620 619 10
519 520 620 10
620 520 621 10
520 521 622 10
520 622 621 10
521 522 622 10
622 522 623 10
522 523 624 10
522 624 623 10
523 524 624 10
624 524 625 10
524 525 626 10
524 626 625 10
525 526 626 10
626 526 627 10
526 527 628 10
526 628 627 10
527 528 628 10
628 528 629 10
528 529 630 10
528 630 629 10
529 530 630 10
630 530 631 10
530 531 632 10
530 632 631 10
531 532 632 10
632 532 633 10
532 533 634 10
532 634 633 10
533 534 634 10
634 534 635 10
534 535 636 10
534 636 635 10
535 536 636 10
636 536 637 10
536 537 638 10
536 638 637 10
537 538 638 10
638 538 639 10
538 539 640 10
538 640 639 10
539 540 640 10
640 540 641 10
540 541 642 10
540 642 641 10
541 542 642 10
642 542 643 10
542 543 644 10
542 644 643 10
543 544 644 10
644 544 645 10
544 545 646 10
544 646 645 10
545 546 646 10
646 546 647 10
546 547 648 10
546 648 647 10
547 548 648 10
648 548 649 10
548 549 650 10
548 650 649 10
549 550 650 10
650 550 651 10
550 551 652 10
550 652 651 10
551 552 652 10
652 552 653 10
552 553 654 10
552 654 653 10
553 554 654 10
654 554 655 10
554 555 656 10
554 656 655 10
555 556 656 10
656 556 657 10
556 557 658 10
556 658 657 10
557 558 658 10
658 558 659 10
558 559 660 10
558 660 659 10
559 560 660 10
660 560 661 10
560 561 662 10
560 662 661 10
561 562 662 10
662 562 663 10
562 563 664 10
562 664 663 10
563 564 664 10
664 564 665 10
564 565 666 10
564 666 665 10
565 566 666 10
666 566 667 10
566 567 668 10
566 668 667 10
567 568 668 10
668 568 669 10
568 569 670 10
568 670 669 10
569 570 670 10
670 570 671 10
570 571 672 10
570 672 671 10
571 572 672 10
672 572 673 10
572 573 674 10
572 674 673 10
573 574 674 10
674 574 675 10
574 575 676 10
574 676 675 10
575 576 676 10
676 576 677 10
576 577 678 10
576 678 677 10
577 578 678 10
678 578 679 10
578 579 680 10
578 680 679 10
579 580 680 10
680 580 681 10
580 581 682 10
580 682 681 10
581 582 682 10
682 582 683 10
582 583 684 10
582 684 683 10
583 584 684 10
684 584 685 10
584 585 686 10
584 686 685 10
585 586 686 10
686 586 687 10
586 587 688 10
586 688 687 10
587 588 688 10
688 588 689 10
588 589 690 10
588 690 689 10
589 590 690 10
690 590 691 10
590 591 692 10
590 692 691 10
591 592 692 10
692 592 693 10
592 593 694 10
592 694 693 10
593 594 694 10
694 594 695 10
594 595 696 10
594 696 695 10
595 596 696 10
696 596 697 10
596 597 698 10
596 698 697 10
597 598 698 10
698 598 699 10
598 599 700 10
598 700 699 10
599 600 700 10
700 600 701 10
600 601 702 10
600 702 701 10
601 602 702 10
702 602 703 10
602 603 704 10
602 704 703 10
603 604 704 10
704 604 705 10
604 605 706 10
604 706 705 10
605 606 706 10
706 606 707 10
607 608 708 10
708 608 709 10
608 609 710 10
608 710 709 10
609 610 710 10
710 610 711 10
610 611 712 10
610 712 711 10
611 612 712 10
712 612 713 10
612 613 714 10
612 714 713 10
613 614 714 10
714 614 715 10
614 615 716 10
614 716 715 10
615 616 716 10
716 616 717 10
616 617 718 10
616 718 717 10
617 618 718 10
718 618 719 10
618 619 720 10
618 720 719 10
619 620 720 10
720 620 721 10
620 621 722 10
620 722 721 10
621 622 722 10
722 622 723 10
622 623 724 10
622 724 723 10
623 624 724 10
724 624 725 10
624 625 726 10
624 726 725 10
625 626 726 10
726 626 727 10
626 627 728 10
626 728 727 10
627 628 728 10
728 628 729 10
628 629 730 10
628 730 729 10
629 630 730 10
730 630 731 10
630 631 732 10
630 732 731 10
631 632 732 10
732 632 733 10
632 633 734 10
632 734 733 10
633 634 734 10
734 634 735 10
634 635 736 10
634 736 735 10
635 636 736 10
736 636 737 10
636 637 738 10
636 738 737 10
637 638 738 10
738 638 739 10
638 639 740 10
638 740 739 10
639 640 740 10
740 640 741 10
640 641 742 10
640 742 741 10
641 642 742 10
742 642 743 10
642 643 744 10
642 744 743 10
643 644 744 10
744 644 745 10
644 645 746 10
644 746 745 10
645 646 746 10
746 646 747 10
646 647 748 10
646 748 747 10
647 648 748 10
748 648 749 10
648 649 750 10
648 750 749 10
649 650 750 10
750 650 751 10
650 651 752 10
650 752 751 10
651 652 752 10
752 652 753 10
652 653 754 10
652 754 753 10
653 654 754 10
754 654 755 10
654 655 756 10
654 756 755 10
655 656 756 10
756 656 757 10
656 657 758 10
656 758 757 10
657 658 758 10
758 658 759 10
658 659 760 10
658 760 759 10
659 660 760 10
760 660 761 10
660 661 762 10
660 762 761 10
661 662 762 10
762 662 763 10
662 663 764 10
662 764 763 10
663 664 764 10
764 664 765 10
664 665 766 10
664 766 765 10
665 666 766 10
766 666 767 10
666 667 768 10
666 768 767 10
667 668 768 10
768 668 769 10
668 669 770 10
668 770 769 10
669 670 770 10
770 670 771 10
670 671 772 10
670 772 771 10
671 672 772 10
772 672 773 10
672 673 774 10
672 774 773 10
673 674 774 10
774 674 775 10
674 675 776 10
674 776 775 10
675 676 776 10
776 676 777 10
676 677 778 10
676 778 777 10
677 678 778 10
778 678 779 10
678 679 780 10
678 780 779 10
679 680 780 10
780 680 781 10
680 681 782 10
680 782 781 10
681 682 782 10
782 682 783 10
682 683 784 10
682 784 783 10
683 684 784 10
784 684 785 10
684 685 786 10
684 786 785 10
685 686 786 10
786 686 787 10
686 687 788 10
686 788 787 10
687 688 788 10
788 688 789 10
688 689 790 10
688 790 789 10
689 690 790 10
790 690 791 10
690 691 792 10
690 792 791 10
691 692 792 10
792 692 793 10
692 693 794 10
692 794 793 10
693 694 794 10
794 694 795 10
694 695 796 10
694 796 795 10
695 696 796 10
796 696 797 10
696 697 798 10
696 798 797 10
697 698 798 10
798 698 799 10
698 699 800 10
698 800 799 10
699 700 800 10
800 700 801 10
700 701 802 10
700 802 801 10
701 702 802 10
802 702 803 10
702 703 804 10
702 804 803 10
703 704 804 10
804 704 805 10
704 705 806 10
704 806 805 10
705 706 806 10
806 706 807 10
706 707 808 10
706 808 807 10
708 709 810 10
708 810 809 10
709 710 810 10
810 710 811 10
710 711 812 10
710 812 811 10
711 712 812 10
812 712 813 10
712 713 814 10
712 814 813 10
713 714 814 10
814 714 815 10
714 715 816 10
714 816 815 10
715 716 816 10
816 716 817 10
716 717 818 10
716 818 817 10
717 718 818 10
818 718 819 10
718 719 820 10
718 820 819 10
719 720 820 10
820 720 821 10
720 721 822 10
720 822 821 10
721 722 822 10
822 722 823 10
722 723 824 10
722 824 823 10
723 724 824 10
824 724 825 10
724 725 826 10
724 826 825 10
725 726 826 10
826 726 827 10
726 727 828 10
726 828 827 10
727 728 828 10
828 728 829 10
728 729 830 10
728 830 829 10
729 730 830 10
830 730 831 10
730 731 832 10
730 832 831 10
731 732 832 10
832 732 833 10
732 733 834 10
732 834 833 10
733 734 834 10
834 734 835 10
734 735 836 10
734 836 835 10
735 736 836 10
836 736 837 10
736 737 838 10
736 838 837 10
737 738 838 10
838 738 839 10
738 739 840 10
738 840 839 10
739 740 840 10
840 740 841 10
740 741 842 10
740 842 841 10
741 742 842 10
842 742 843 10
742 743 844 10
742 844 843 10
743 744 844 10
844 744 845 10
744 745 846 10
744 846 845 10
745 746 846 10
846 746 847 10
746 747 848 10
746 848 847 10
747 748 848 10
848 748 849 10
748 749 850 10
748 850 849 10
749 750 850 10
850 750 851 10
750 751 852 10
750 852 851 10
751 752 852 10
852 752 853 10
752 753 854 10
752 854 853 10
753 754 854 10
854 754 855 10
754 755 856 10
754 856 855 10
755 756 856 10
856 756 857 10
756 757 858 10
756 858 857 10
757 758 858 10
858 758 859 10
758 759 860 10
758 860 859 10
759 760 860 10
860 760 861 10
760 761 862 10
760 862 861 10
761 762 862 10
862 762 863 10
762 763 864 10
762 864 863 10
763 764 864 10
864 764 865 10
764 765 866 10
764 866 865 10
765 766 866 10
866 766 867 10
766 767 868 10
766 868 867 10
767 768 868 10
868 768 869 10
768 769 870 10
768 870 869 10
769 770 870 10
870 770 871 10
770 771 872 10
770 872 871 10
771 772 872 10
872 772 873 10
772 773 874 10
772 874 873 10
773 774 874 10
874 774 875 10
774 775 876 10
774 876 875 10
775 776 876 10
876 776 877 10
776 777 878 10
776 878 877 10
777 778 878 10
878 778 879 10
778 779 880 10
778 880 879 10
779 780 880 10
880 780 881 10
780 781 882 10
780 882 881 10
781 782 882 10
882 782 883 10
782 783 884 10
782 884 883 10
783 784 884 10
884 784 885 10
784 785 886 10
784 886 885 10
785 786 886 10
886 786 887 10
786 787 888 10
786 888 887 10
787 788 888 10
888 788 889 10
788 789 890 10
788 890 889 10
789 790 890 10
890 790 891 10
790 791 892 10
790 892 891 10
791 792 892 10
892 792 893 10
792 793 894 10
792 894 893 10
793 794 894 10
894 794 895 10
794 795 896 10
794 896 895 10
795 796 896 10
896 796 897 10
796 797 898 10
796 898 897 10
797 798 898 10
898 798 899 10
798 799 900 10
798 900 899 10
799 800 900 10
900 800 901 10
800 801 902 10
800 902 901 10
801 802 902 10
902 802 903 10
802 803 904 10
802 904 903 10
803 804 904 10
904 804 905 10
804 805 906 10
804 906 905 10
805 806 906 10
906 806 907 10
806 807 908 10
806 908 907 10
807 808 908 10
908 808 909 10
809 810 910 10
910 810 911 10
810 811 912 10
810 912 911 10
811 812 912 10
912 812 913 10
812 813 914 10
812 914 913 10
813 814 914 10
914 814 915 10
814 815 916 10
814 916 915 10
815 816 916 10
916 816 917 10
816 817 918 10
816 918 917 10
817 818 918 10
918 818 919 10
818 819 920 10
818 920 919 10
819 820 920 10
920 820 921 10
820 821 922 10
820 922 921 10
821 822 922 10
922 822 923 10
822 823 924 10
822 924 923 10
823 824 924 10
924 824 925 10
824 825 926 10
824 926 925 10
825 826 926 10
926 826 927 10
826 827 928 10
826 928 927 10
827 828 928 10
928 828 929 10
828 829 930 10
828 930 929 10
829 830 930 10
930 830 931 10
830 831 932 10
830 932 931 10
831 832 932 10
932 832 933 10
832 833 934 10
832 934 933 10
833 834 934 10
934 834 935 10
834 835 936 10
834 936 935 10
835 836 936 10
936 836 937 10
836 837 938 10
836 938 937 10
837 838 938 10
938 838 939 10
838 839 940 10
838 940 939 10
839 840 940 10
940 840 941 10
840 841 942 10
840 942 941 10
841 842 942 10
942 842 943 10
842 843 944 10
842 944 943 10
843 844 944 10
944 844 945 10
844 845 946 10
844 946 945 10
845 846 946 10
946 846 947 10
846 847 948 10
846 948 947 10
847 848 948 10
948 848 949 10
848 849 950 10
848 950 949 10
849 850 950 10
950 850 951 10
850 851 952 10
850 952 951 10
851 852 952 10
952 852 953 10
852 853 954 10
852 954 953 10
853 854 954 10
954 854 955 10
854 855 956 10
854 956 955 10
855 856 956 10
956 856 957 10
856 857 958 10
856 958 957 10
857 858 958 10
958 858 959 10
858 859 960 10
858 960 959 10
859 860 960 10
960 860 961 10
860 861 962 10
860 962 961 10
861 862 962 10
962 862 963 10
862 863 964 10
862 964 963 10
863 864 964 10
964 864 965 10
864 865 966 10
864 966 965 10
865 866 966 10
966 866 967 10
866 867 968 10
866 968 967 10
867 868 968 10
968 868 969 10
868 869 970 10
868 970 969 10
869 870 970 10
970 870 971 10
870 871 972 10
870 972 971 10
871 872 972 10
972 872 973 10
872 873 974 10
872 974 973 10
873 874 974 10
974 874 975 10
874 875 976 10
874 976 975 10
875 876 976 10
976 876 977 10
876 877 978 10
876 978 977 10
877 878 978 10
978 878 979 10
878 879 980 10
878 980 979 10
879 880 980 10
980 880 981 10
880 881 982 10
880 982 981 10
881 882 982 10
982 882 983 10
882 883 984 10
882 984 983 10
883 884 984 10
984 884 985 10
884 885 986 10
884 986 985 10
885 886 986 10
986 886 987 10
886 887 988 10
886 988 987 10
887 888 988 10
988 888 989 10
888 889 990 10
888 990 989 10
889 890 990 10
990 890 991 10
890 891 992 10
890 992 991 10
891 892 992 10
992 892 993 10
892 893 994 10
892 994 993 10
893 894 994 10
994 894 995 10
894 895 996 10
894 996 995 10
895 896 996 10
996 896 997 10
896 897 998 10
896 998 997 10
897 898 998 10
998 898 999 10
898 899 1000 10
898 1000 999 10
899 900 1000 10
1000 900 1001 10
900 901 1002 10
900 1002 1001 10
901 902 1002 10
1002 902 1003 10
902 903 1004 10
902 1004 1003 10
903 904 1004 10
1004 904 1005 10
904 905 1006 10
904 1006 1005 10
905 906 1006 10
1006 906 1007 10
906 907 1008 10
906 1008 1007 10
907 908 1008 10
1008 908 1009 10
908 909 1010 10
908 1010 1009 10
910 911 1012 10
910 1012 1011 10
911 912 1012 10
1012 912 1013 10
912 913 1014 10
912 1014 1013 10
913 914 1014 10
1014 914 1015 10
914 915 1016 10
914 1016 1015 10
915 916 1016 10
1016 916 1017 10
916 917 1018 10
916 1018 1017 10
917 918 1018 10
1018 918 1019 10
918 919 1020 10
918 1020 1019 10
919 920 1020 10
1020 920 1021 10
920 921 1022 10
920 1022 1021 10
921 922 1022 10
1022 922 1023 10
922 923 1024 10
922 1024 1023 10
923 924 1024 10
1024 924 1025 10
924 925 1026 10
924 1026 1025 10
925 926 1026 10
1026 926 1027 10
926 927 1028 10
926 1028 1027 10
927 928 1028 10
1028 928 1029 10
928 929 1030 10
928 1030 1029 10
929 930 1030 10
1030 930 1031 10
930 931 1032 10
930 1032 1031 10
931 932 1032 10
1032 932 1033 10
932 933 1034 10
932 1034 1033 10
933 934 1034 10
1034 934 1035 10
934 935 1036 10
934 1036 1035 10
935 936 1036 10
1036 936 1037 10
936 937 1038 10
936 1038 1037 10
937 938 1038 10
1038 938 1039 10
938 939 1040 10
938 1040 1039 10
939 940 1040 10
1040 940 1041 10
940 941 1042 10
940 1042 1041 10
941 942 1042 10
1042 942 1043 10
942 943 1044 10
942 1044 1043 10
943 944 1044 10
1044 944 1045 10
944 945 1046 10
944 1046 1045 10
945 946 1046 10
1046 946 1047 10
946 947 1048 10
946 1048 1047 10
947 948 1048 10
1048 948 1049 10
948 949 1050 10
948 1050 1049 10
949 950 1050 10
1050 950 1051 10
950 951 1052 10
950 1052 1051 10
951 952 1052 10
1052 952 1053 10
952 953 1054 10
952 1054 1053 10
953 954 1054 10
1054 954 1055 10
954 955 1056 10
954 1056 1055 10
955 956 1056 10
1056 956 1057 10
956 957 1058 10
956 1058 1057 10
957 958 1058 10
1058 958 1059 10
958 959 1060 10
958 1060 1059 10
959 960 1060 10
1060 960 1061 10
960 961 1062 10
960 1062 1061 10
961 962 1062 10
1062 962 1063 10
962 963 1064 10
962 1064 1063 10
963 964 1064 10
1064 964 1065 10
964 965 1066 10
964 1066 1065 10
965 966 1066 10
1066 966 1067 10
966 967 1068 10
966 1068 1067 10
967 968 1068 10
1068 968 1069 10
968 969 1070 10
968 1070 1069 10
969 970 1070 10
1070 970 1071 10
970 971 1072 10
970 1072 1071 10
971 972 1072 10
1072 972 1073 10
972 973 1074 10
972 1074 1073 10
973 974 1074 10
1074 974 1075 10
974 975 1076 10
974 1076 1075 10
975 976 1076 10
1076 976 1077 10
976 977 1078 10
976 1078 1077 10
977 978 1078 10
1078 978 1079 10
978 979 1080 10
978 1080 1079 10
979 980 1080 10
1080 980 1081 10
980 981 1082 10
980 1082 1081 10
981 982 1082 10
1082 982 1083 10
982 983 1084 10
982 1084 1083 10
983 984 1084 10
1084 984 1085 10
984 985 1086 10
984 1086 1085 10
985 986 1086 10
1086 986 1087 10
986 987 1088 10
986 1088 1087 10
987 988 1088 10
1088 988 1089 10
988 989 1090 10
988 1090 1089 10
989 990 1090 10
1090 990 1091 10
990 991 1092 10
990 1092 1091 10
991 992 1092 10
1092 992 1093 10
992 993 1094 10
992 1094 1093 10
993 994 1094 10
1094 994 1095 10
994 995 1096 10
994 1096 1095 10
995 996 1096 10
1096 996 1097 10
996 997 1098 10
996 1098 1097 10
997 998 1098 10
1098 998 1099 10
998 999 1100 10
998 1100 1099 10
999 1000 1100 10
1100 1000 1101 10
1000 1001 1102 10
1000 1102 1101 10
1001 1002 1102 10
1102 1002 1103 10
1002 1003 1104 10
1002 1104 1103 10
1003 1004 1104 10
1104 1004 1105 10
1004 1005 1106 10
1004 1106 1105 10
1005 1006 1106 10
1106 1006 1107 10
1006 1007 1108 10
1006 1108 1107 10
1007 1008 1108 10
1108 1008 1109 10
1008 1009 1110 10
1008 1110 1109 10
1009 1010 1110 10
1110 1010 1111 10
1011 1012 1112 10
1112 1012 1113 10
1012 1013 1114 10
1012 1114 1113 10
1013 1014 1114 10
1114 1014 1115 10
1014 1015 1116 10
1014 1116 1115 10
1015 1016 1116 10
1116 1016 1117 10
1016 1017 1118 10
1016 1118 1117 10
1017 1018 1118 10
1118 1018 1119 10
1018 1019 1120 10
1018 1120 1119 10
1019 1020 1120 10
1120 1020 1121 10
1020 1021 1122 10
1020 1122 1121 10
1021 1022 1122 10
1122 1022 1123 10
1022 1023 1124 10
1022 1124 1123 10
1023 1024 1124 10
1124 1024 1125 10
1024 1025 1126 10
1024 1126 1125 10
1025 1026 1126 10
1126 1026 1127 10
1026 1027 1128 10
1026 1128 1127 10
1027 1028 1128 10
1128 1028 1129 10
1028 1029 1130 10
1028 1130 1129 10
1029 1030 1130 10
1130 1030 1131 10
1030 1031 1132 10
1030 1132 1131 10
1031 1032 1132 10
1132 1032 1133 10
1032 1033 1134 10
1032 1134 1133 10
1033 1034 1134 10
1134 1034 1135 10
1034 1035 1136 10
1034 1136 1135 10
1035 1036 1136 10
1136 1036 1137 10
1036 1037 1138 10
1036 1138 1137 10
1037 1038 1138 10
1138 1038 1139 10
1038 1039 1140 10
1038 1140 1139 10
1039 1040 1140 10
1140 1040 1141 10
1040 1041 1142 10
1040 1142 1141 10
1041 1042 1142 10
1142 1042 1143 10
1042 1043 1144 10
1042 1144 1143 10
1043 1044 1144 10
1144 1044 1145 10
1044 1045 1146 10
1044 1146 1145 10
1045 1046 1146 10
1146 1046 1147 10
1046 1047 1148 10
1046 1148 1147 10
1047 1048 1148 10
1148 1048 1149 10
1048 1049 1150 10
1048 1150 1149 10
1049 1050 1150 10
1150 1050 1151 10
1050 1051 1152 10
1050 1152 1151 10
1051 1052 1152 10
1152 1052 1153 10
1052 1053 1154 10
1052 1154 1153 10
1053 1054 1154 10
1154 1054 1155 10
1054 1055 1156 10
1054 1156 1155 10
1055 1056 1156 10
1156 1056 1157 10
1056 1057 1158 10
1056 1158 1157 10
1057 1058 1158 10
1158 1058 1159 10
1058 1059 1160 10
1058 1160 1159 10
1059 1060 1160 10
1160 1060 1161 10
1060 1061 1162 10
1060 1162 1161 10
1061 1062 1162 10
1162 1062 1163 10
1062 1063 1164 10
1062 1164 1163 10
1063 1064 1164 10
1164 1064 1165 10
1064 1065 1166 10
1064 1166 1165 10
1065 1066 1166 10
1166 1066 1167 10
1066 1067 1168 10
1066 1168 1167 10
1067 1068 1168 10
1168 1068 1169 10
1068 1069 1170 10
1068 1170 1169 10
1069 1070 1170 10
1170 1070 1171 10
1070 1071 1172 10
1070 1172 1171 10
1071 1072 1172 10
1172 1072 1173 10
1072 1073 1174 10
1072 1174 1173 10
1073 1074 1174 10
1174 1074 1175 10
1074 1075 1176 10
1074 1176 1175 10
1075 1076 1176 10
1176 1076 1177 10
1076 1077 1178 10
1076 1178 1177 10
1077 1078 1178 10
1178 1078 1179 10
1078 1079 1180 10
1078 1180 1179 10
1079 1080 1180 10
1180 1080 1181 10
1080 1081 1182 10
1080 1182 1181 10
1081 1082 1182 10
1182 1082 1183 10
1082 1083 1184 10
1082 1184 1183 10
1083 1084 1184 10
1184 1084 1185 10
1084 1085 1186 10
1084 1186 1185 10
1085 1086 1186 10
1186 1086 1187 10
1086 1087 1188 10
1086 1188 1187 10
1087 1088 1188 10
1188 1088 1189 10
1088 1089 1190 10
1088 1190 1189 10
1089 1090 1190 10
1190 1090 1191 10
1090 1091 1192 10
1090 1192 1191 10
1091 1092 1192 10
1192 1092 1193 10
1092 1093 1194 10
1092 1194 1193 10
1093 1094 1194 10
1194 1094 1195 10
1094 1095 1196 10
1094 1196 1195 10
1095 1096 1196 10
1196 1096 1197 10
1096 1097 1198 10
1096 1198 1197 10
1097 1098 1198 10
1198 1098 1199 10
1098 1099 1200 10
1098 1200 1199 10
1099 1100 1200 10
1200 1100 1201 10
1100 1101 1202 10
1100 1202 1201 10
1101 1102 1202 10
1202 1102 1203 10
1102 1103 1204 10
1102 1204 1203 10
1103 1104 1204 10
1204 1104 1205 10
1104 1105 1206 10
1104 1206 1205 10
1105 1106 1206 10
1206 1106 1207 10
1106 1107 1208 10
1106 1208 1207 10
1107 1108 1208 10
1208 1108 1209 10
1108 1109 1210 10
1108 1210 1209 10
1109 1110 1210 10
1210 1110 1211 10
1110 1111 1212 10
1110 1212 1211 10
1112 1113 1214 10
1112 1214 1213 10
1113 1114 1214 10
1214 1114 1215 10
1114 1115 1216 10
1114 1216 1215 10
1115 1116 1216 10
1216 1116 1217 10
1116 1117 1218 10
1116 1218 1217 10
1117 1118 1218 10
1218 1118 1219 10
1118 1119 1220 10
1118 1220 1219 10
1119 1120 1220 10
1220 1120 1221 10
1120 1121 1222 10
1120 1222 1221 10
1121 1122 1222 10
1222 1122 1223 10
1122 1123 1224 10
1122 1224 1223 10
1123 1124 1224 10
1224 1124 1225 10
1124 1125 1226 10
1124 1226 1225 10
1125 1126 1226 10
1226 1126 1227 10
1126 1127 1228 10
1126 1228 1227 10
1127 1128 1228 10
1228 1128 1229 10
1128 1129 1230 10
1128 1230 1229 10
1129 1130 1230 10
1230 1130 1231 10
1130 1131 1232 10
1130 1232 1231 10
1131 1132 1232 10
1232 1132 1233 10
1132 1133 1234 10
1132 1234 1233 10
1133 1134 1234 10
1234 1134 1235 10
1134 1135 1236 10
1134 1236 1235 10
1135 1136 1236 10
1236 1136 1237 10
1136 1137 1238 10
1136 1238 1237 10
1137 1138 1238 10
1238 1138 1239 10
1138 1139 1240 10
1138 1240 1239 10
1139 1140 1240 10
1240 1140 1241 10
1140 1141 1242 10
1140 1242 1241 10
1141 1142 1242 10
1242 1142 1243 10
1142 1143 1244 10
1142 1244 1243 10
1143 1144 1244 10
1244 1144 1245 10
1144 1145 1246 10
1144 1246 1245 10
1145 1146 1246 10
1246 1146 1247 10
1146 1147 1248 10
1146 1248 1247 10
1147 1148 1248 10
1248 1148 1249 10
1148 1149 1250 10
1148 1250 1249 10
1149 1150 1250 10
1250 1150 1251 10
1150 1151 1252 10
1150 1252 1251 10
1151 1152 1252 10
1252 1152 1253 10
1152 1153 1254 10
1152 1254 1253 10
1153 1154 1254 10
1254 1154 1255 10
1154 1155 1256 10
1154 1256 1255 10
1155 1156 1256 10
1256 1156 1257 10
1156 1157 1258 10
1156 1258 1257 10
1157 1158 1258 10
1258 1158 1259 10
1158 1159 1260 10
1158 1260 1259 10
1159 1160 1260 10
1260 1160 1261 10
1160 1161 1262 10
1160 1262 1261 10
1161 1162 1262 10
1262 1162 1263 10
1162 1163 1264 10
1162 1264 1263 10
1163 1164 1264 10
1264 1164 1265 10
1164 1165 1266 10
1164 1266 1265 10
1165 1166 1266 10
1266 1166 1267 10
1166 1167 1268 10
1166 1268 1267 10
1167 1168 1268 10
1268 1168 1269 10
1168 1169 1270 10
1168 1270 1269 10
1169 1170 1270 10
1270 1170 1271 10
1170 1171 1272 10
1170 1272 1271 10
1171 1172 1272 10
1272 1172 1273 10
1172 1173 1274 10
1172 1274 1273 10
1173 1174 1274 10
1274 1174 1275 10
1174 1175 1276 10
1174 1276 1275 10
1175 1176 1276 10
1276 1176 1277 10
1176 1177 1278 10
1176 1278 1277 10
1177 1178 1278 10
1278 1178 1279 10
1178 1179 1280 10
1178 1280 1279 10
1179 1180 1280 10
1280 1180 1281 10
1180 1181 1282 10
1180 1282 1281 10
1181 1182 1282 10
1282 1182 1283 10
1182 1183 1284 10
1182 1284 1283 10
1183 1184 1284 10
1284 1184 1285 10
1184 1185 1286 10
1184 1286 1285 10
1185 1186 1286 10
1286 1186 1287 10
1186 1187 1288 10
1186 1288 1287 10
1187 1188 1288 10
1288 1188 1289 10
1188 1189 1290 10
1188 1290 1289 10
1189 1190 1290 10
1290 1190 1291 10
1190 1191 1292 10
1190 1292 1291 10
1191 1192 1292 10
1292 1192 1293 10
1192 1193 1294 10
1192 1294 1293 10
1193 1194 1294 10
1294 1194 1295 10
1194 1195 1296 10
1194 1296 1295 10
1195 1196 1296 10
1296 1196 1297 10
1196 1197 1298 10
1196 1298 1297 10
1197 1198 1298 10
1298 1198 1299 10
1198 1199 1300 10
1198 1300 1299 10
1199 1200 1300 10
1300 1200 1301 10
1200 1201 1302 10
1200 1302 1301 10
1201 1202 1302 10
1302 1202 1303 10
1202 1203 1304 10
1202 1304 1303 10
1203 1204 1304 10
1304 1204 1305 10
1204 1205 1306 10
1204 1306 1305 10
1205 1206 1306 10
1306 1206 1307 10
1206 1207 1308 10
1206 1308 1307 10
1207 1208 1308 10
1308 1208 1309 10
1208 1209 1310 10
1208 1310 1309 10
1209 1210 1310 10
1310 1210 1311 10
1210 1211 1312 10
1210 1312 1311 10
1211 1212 1312 10
1312 1212 1313 10
1213 1214 1314 10
1314 1214 1315 10
1214 1215 1316 10
1214 1316 1315 10
1215 1216 1316 10
1316 1216 1317 10
1216 1217 1318 10
1216 1318 1317 10
1217 1218 1318 10
1318 1218 1319 10
1218 1219 1320 10
1218 1320 1319 10
1219 1220 1320 10
1320 1220 1321 10
1220 1221 1322 10
1220 1322 1321 10
1221 1222 1322 10
1322 1222 1323 10
1222 1223 1324 10
1222 1324 1323 10
1223 1224 1324 10
1324 1224 1325 10
1224 1225 1326 10
1224 1326 1325 10
1225 1226 1326 10
1326 1226 1327 10
1226 1227 1328 10
1226 1328 1327 10
1227 1228 1328 10
1328 1228 1329 10
1228 1229 1330 10
1228 1330 1329 10
1229 1230 1330 10
1330 1230 1331 10
1230 1231 1332 10
1230 1332 1331 10
1231 1232 1332 10
1332 1232 1333 10
1232 1233 1334 10
1232 1334 1333 10
1233 1234 1334 10
1334 1234 1335 10
1234 1235 1336 10
1234 1336 1335 10
1235 1236 1336 10
1336 1236 1337 10
1236 1237 1338 10
1236 1338 1337 10
1237 1238 1338 10
1338 1238 1339 10
1238 1239 1340 10
1238 1340 1339 10
1239 1240 1340 10
1340 1240 1341 10
1240 1241 1342 10
1240 1342 1341 10
1241 1242 1342 10
1342 1242 1343 10
1242 1243 1344 10
1242 1344 1343 10
1243 1244 1344 10
1344 1244 1345 10
1244 1245 1346 10
1244 1346 1345 10
1245 1246 1346 10
1346 1246 1347 10
1246 1247 1348 10
1246 1348 1347 10
1247 1248 1348 10
1348 1248 1349 10
1248 1249 1350 10
1248 1350 1349 10
1249 1250 1350 10
1350 1250 1351 10
1250 1251 1352 10
1250 1352 1351 10
1251 1252 1352 10
1352 1252 1353 10
1252 1253 1354 10
1252 1354 1353 10
1253 1254 1354 10
1354 1254 1355 10
1254 1255 1356 10
1254 1356 1355 10
1255 1256 1356 10
1356 1256 1357 10
1256 1257 1358 10
1256 1358 1357 10
1257 1258 1358 10
1358 1258 1359 10
1258 1259 1360 10
1258 1360 1359 10
1259 1260 1360 10
1360 1260 1361 10
1260 1261 1362 10
1260 1362 1361 10
1261 1262 1362 10
1362 1262 1363 10
1262 1263 1364 10
1262 1364 1363 10
1263 1264 1364 10
1364 1264 1365 10
1264 1265 1366 10
1264 1366 1365 10
1265 1266 1366 10
1366 1266 1367 10
1266 1267 1368 10
1266 1368 1367 10
1267 1268 1368 10
1368 1268 1369 10
1268 1269 1370 10
1268 1370 1369 10
1269 1270 1370 10
1370 1270 1371 10
1270 1271 1372 10
1270 1372 1371 10
1271 1272 1372 10
1372 1272 1373 10
1272 1273 1374 10
1272 1374 1373 10
1273 1274 1374 10
1374 1274 1375 10
1274 1275 1376 10
1274 1376 1375 10
1275 1276 1376 10
1376 1276 1377 10
1276 1277 1378 10
1276 1378 1377 10
1277 1278 1378 10
1378 1278 1379 10
1278 1279 1380 10
1278 1380 1379 10
1279 1280 1380 10
1380 1280 1381 10
1280 1281 1382 10
1280 1382 1381 10
1281 1282 1382 10
1382 1282 1383 10
1282 1283 1384 10
1282 1384 1383 10
1283 1284 1384 10
1384 1284 1385 10
1284 1285 1386 10
1284 1386 1385 10
1285 1286 1386 10
1386 1286 1387 10
1286 1287 1388 10
1286 1388 1387 10
1287 1288 1388 10
1388 1288 1389 10
1288 1289 1390 10
1288 1390 1389 10
1289 1290 1390 10
1390 1290 1391 10
1290 1291 1392 10
1290 1392 1391 10
1291 1292 1392 10
1392 1292 1393 10
1292 1293 1394 10
1292 1394 1393 10
1293 1294 1394 10
1394 1294 1395 10
1294 1295 1396 10
1294 1396 1395 10
1295 1296 1396 10
1396 1296 1397 10
1296 1297 1398 10
1296 1398 1397 10
1297 1298 1398 10
1398 1298 1399 10
1298 1299 1400 10
1298 1400 1399 10
1299 1300 1400 10
1400 1300 1401 10
1300 1301 1402 10
1300 1402 1401 10
1301 1302 1402 10
1402 1302 1403 10
1302 1303 1404 10
1302 1404 1403 10
1303 1304 1404 10
1404 1304 1405 10
1304 1305 1406 10
1304 1406 1405 10
1305 1306 1406 10
1406 1306 1407 10
1306 1307 1408 10
1306 1408 1407 10
1307 1308 1408 10
1408 1308 1409 10
1308 1309 1410 10
1308 1410 1409 10
1309 1310 1410 10
1410 1310 1411 10
1310 1311 1412 10
1310 1412 1411 10
1311 1312 1412 10
1412 1312 1413 10
1312 1313 1414 10
1312 1414 1413 10
1314 1315 1416 10
1314 1416 1415 10
1315 1316 1416 10
1416 1316 1417 10
1316 1317 1418 10
1316 1418 1417 10
1317 1318 1418 10
1418 1318 1419 10
1318 1319 1420 10
1318 1420 1419 10
1319 1320 1420 10
1420 1320 1421 10
1320 1321 1422 10
1320 1422 1421 10
1321 1322 1422 10
1422 1322 1423 10
1322 1323 1424 10
1322 1424 1423 10
1323 1324 1424 10
1424 1324 1425 10
1324 1325 1426 10
1324 1426 1425 10
1325 1326 1426 10
1426 1326 1427 10
1326 1327 1428 10
1326 1428 1427 10
1327 1328 1428 10
1428 1328 1429 10
1328 1329 1430 10
1328 1430 1429 10
1329 1330 1430 10
1430 1330 1431 10
1330 1331 1432 10
1330 1432 1431 10
1331 1332 1432 10
1432 1332 1433 10
1332 1333 1434 10
1332 1434 1433 10
1333 1334 1434 10
1434 1334 1435 10
1334 1335 1436 10
1334 1436 1435 10
1335 1336 1436 10
1436 1336 1437 10
1336 1337 1438 10
1336 1438 1437 10
1337 1338 1438 10
1438 1338 1439 10
1338 1339 1440 10
1338 1440 1439 10
1339 1340 1440 10
1440 1340 1441 10
1340 1341 1442 10
1340 1442 1441 10
1341 1342 1442 10
1442 1342 1443 10
1342 1343 1444 10
1342 1444 1443 10
1343 1344 1444 10
1444 1344 1445 10
1344 1345 1446 10
1344 1446 1445 10
1345 1346 1446 10
1446 1346 1447 10
1346 1347 1448 10
1346 1448 1447 10
1347 1348 1448 10
1448 1348 1449 10
1348 1349 1450 10
1348 1450 1449 10
1349 1350 1450 10
1450 1350 1451 10
1350 1351 1452 10
1350 1452 1451 10
1351 1352 1452 10
1452 1352 1453 10
1352 1353 1454 10
1352 1454 1453 10
1353 1354 1454 10
1454 1354 1455 10
1354 1355 1456 10
1354 1456 1455 10
1355 1356 1456 10
1456 1356 1457 10
1356 1357 1458 10
1356 1458 1457 10
1357 1358 1458 10
1458 1358 1459 10
1358 1359 1460 10
1358 1460 1459 10
1359 1360 1460 10
1460 1360 1461 10
1360 1361 1462 10
1360 1462 1461 10
1361 1362 1462 10
1462 1362 1463 10
1362 1363 1464 10
1362 1464 1463 10
1363 1364 1464 10
1464 1364 1465 10
1364 1365 1466 10
1364 1466 1465 10
1365 1366 1466 10
1466 1366 1467 10
1366 1367 1468 10
1366 1468 1467 10
1367 1368 1468 10
1468 1368 1469 10
1368 1369 1470 10
1368 1470 1469 10
1369 1370 1470 10
1470 1370 1471 10
1370 1371 1472 10
1370 1472 1471 10
1371 1372 1472 10
1472 1372 1473 10
1372 1373 1474 10
1372 1474 1473 10
1373 1374 1474 10
1474 1374 1475 10
1374 1375 1476 10
1374 1476 1475 10
1375 1376 1476 10
1476 1376 1477 10
1376 1377 1478 10
1376 1478 1477 10
1377 1378 1478 10
1478 1378 1479 10
1378 1379 1480 10
1378 1480 1479 10
1379 1380 1480 10
1480 1380 1481 10
1380 1381 1482 10
1380 1482 1481 10
1381 1382 1482 10
1482 1382 1483 10
1382 1383 1484 10
1382 1484 1483 10
1383 1384 1484 10
1484 1384 1485 10
1384 1385 1486 10
1384 1486 1485 10
1385 1386 1486 10
1486 1386 1487 10
1386 1387 1488 10
1386 1488 1487 10
1387 1388 1488 10
1488 1388 1489 10
1388 1389 1490 10
1388 1490 1489 10
1389 1390 1490 10
1490 1390 1491 10
1390 1391 1492 10
1390 1492 1491 10
1391 1392 1492 10
1492 1392 1493 10
1392 1393 1494 10
1392 1494 1493 10
1393 1394 1494 10
1494 1394 1495 10
1394 1395 1496 10
1394 1496 1495 10
1395 1396 1496 10
1496 1396 1497 10
1396 1397 1498 10
1396 1498 1497 10
1397 1398 1498 10
1498 1398 1499 10
1398 1399 1500 10
1398 1500 1499 10
1399 1400 1500 10
1500 1400 1501 10
1400 1401 1502 10
1400 1502 1501 10
1401 1402 1502 10
1502 1402 1503 10
1402 1403 1504 10
1402 1504 1503 10
1403 1404 1504 10
1504 1404 1505 10
1404 1405 1506 10
1404 1506 1505 10
1405 1406 1506 10
1506 1406 1507 10
1406 1407 1508 10
1406 1508 1507 10
1407 1408 1508 10
1508 1408 1509 10
1408 1409 1510 10
1408 1510 1509 10
1409 1410 1510 10
1510 1410 1511 10
1410 1411 1512 10
1410 1512 1511 10
1411 1412 1512 10
1512 1412 1513 10
1412 1413 1514 10
1412 1514 1513 10
1413 1414 1514 10
1514 1414 1515 10
1415 1416 1516 10
1516 1416 1517 10
1416 1417 1518 10
1416 1518 1517 10
1417 1418 1518 10
1518 1418 1519 10
1418 1419 1520 10
1418 1520 1519 10
1419 1420 1520 10
1520 1420 1521 10
1420 1421 1522 10
1420 1522 1521 10
1421 1422 1522 10
1522 1422 1523 10
1422 1423 1524 10
1422 1524 1523 10
1423 1424 1524 10
1524 1424 1525 10
1424 1425 1526 10
1424 1526 1525 10
1425 1426 1526 10
1526 1426 1527 10
1426 1427 1528 10
1426 1528 1527 10
1427 1428 1528 10
1528 1428 1529 10
1428 1429 1530 10
1428 1530 1529 10
1429 1430 1530 10
1530 1430 1531 10
1430 1431 1532 10
1430 1532 1531 10
1431 1432 1532 10
1532 1432 1533 10
1432 1433 1534 10
1432 1534 1533 10
1433 1434 1534 10
1534 1434 1535 10
1434 1435 1536 10
1434 1536 1535 10
1435 1436 1536 10
1536 1436 1537 10
1436 1437 1538 10
1436 1538 1537 10
1437 1438 1538 10
1538 1438 1539 10
1438 1439 1540 10
1438 1540 1539 10
1439 1440 1540 10
1540 1440 1541 10
1440 1441 1542 10
1440 1542 1541 10
1441 1442 1542 10
1542 1442 1543 10
1442 1443 1544 10
1442 1544 1543 10
1443 1444 1544 10
1544 1444 1545 10
1444 1445 1546 10
1444 1546 1545 10
1445 1446 1546 10
1546 1446 1547 10
1446 1447 1548 10
1446 1548 1547 10
1447 1448 1548 10
1548 1448 1549 10
1448 1449 1550 10
1448 1550 1549 10
1449 1450 1550 10
1550 1450 1551 10
1450 1451 1552 10
1450 1552 1551 10
1451 1452 1552 10
1552 1452 1553 10
1452 1453 1554 10
1452 1554 1553 10
1453 1454 1554 10
1554 1454 1555 10
1454 1455 1556 10
1454 1556 1555 10
1455 1456 1556 10
1556 1456 1557 10
1456 1457 1558 10
1456 1558 1557 10
1457 1458 1558 10
1558 1458 1559 10
1458 1459 1560 10
1458 1560 1559 10
1459 1460 1560 10
1560 1460 1561 10
1460 1461 1562 10
1460 1562 1561 10
1461 1462 1562 10
1562 1462 1563 10
1462 1463 1564 10
1462 1564 1563 10
1463 1464 1564 10
1564 1464 1565 10
1464 1465 1566 10
1464 1566 1565 10
1465 1466 1566 10
1566 1466 1567 10
1466 1467 1568 10
1466 1568 1567 10
1467 1468 1568 10
1568 1468 1569 10
1468 1469 1570 10
1468 1570 1569 10
1469 1470 1570 10
1570 1470 1571 10
1470 1471 1572 10
1470 1572 1571 10
1471 1472 1572 10
1572 1472 1573 10
1472 1473 1574 10
1472 1574 1573 10
1473 1474 1574 10
1574 1474 1575 10
1474 1475 1576 10
1474 1576 1575 10
1475 1476 1576 10
1576 1476 1577 10
1476 1477 1578 10
1476 1578 1577 10
1477 1478 1578 10
1578 1478 1579 10
1478 1479 1580 10
1478 1580 1579 10
1479 1480 1580 10
1580 1480 1581 10
1480 1481 1582 10
1480 1582 1581 10
1481 1482 1582 10
1582 1482 1583 10
1482 1483 1584 10
1482 1584 1583 10
1483 1484 1584 10
1584 1484 1585 10
1484 1485 1586 10
1484 1586 1585 10
1485 1486 1586 10
1586 1486 1587 10
1486 1487 1588 10
1486 1588 1587 10
1487 1488 1588 10
1588 1488 1589 10
1488 1489 1590 10
1488 1590 1589 10
1489 1490 1590 10
1590 1490 1591 10
1490 1491 1592 10
1490 1592 1591 10
1491 1492 1592 10
1592 1492 1593 10
1492 1493 1594 10
1492 1594 1593 10
1493 1494 1594 10
1594 1494 1595 10
1494 1495 1596 10
1494 1596 1595 10
1495 1496 1596 10
1596 1496 1597 10
1496 1497 1598 10
1496 1598 1597 10
1497 1498 1598 10
1598 1498 1599 10
1498 1499 1600 10
1498 1600 1599 10
1499 1500 1600 10
1600 1500 1601 10
1500 1501 1602 10
1500 1602 1601 10
1501 1502 1602 10
1602 1502 1603 10
1502 1503 1604 10
1502 1604 1603 10
1503 1504 1604 10
1604 1504 1605 10
1504 1505 1606 10
1504 1606 1605 10
1505 1506 1606 10
1606 1506 1607 10
1506 1507 1608 10
1506 1608 1607 10
1507 1508 1608 10
1608 1508 1609 10
1508 1509 1610 10
1508 1610 1609 10
1509 1510 1610 10
1610 1510 1611 10
1510 1511 1612 10
1510 1612 1611 10
1511 1512 1612 10
1612 1512 1613 10
1512 1513 1614 10
1512 1614 1613 10
1513 1514 1614 10
1614 1514 1615 10
1514 1515 1616 10
1514 1616 1615 10
1516 1517 1618 10
1516 1618 1617 10
1517 1518 1618 10
1618 1518 1619 10
1518 1519 1620 10
1518 1620 1619 10
1519 1520 1620 10
1620 1520 1621 10
1520 1521 1622 10
1520 1622 1621 10
1521 1522 1622 10
1622 1522 1623 10
1522 1523 1624 10
1522 1624 1623 10
1523 1524 1624 10
1624 1524 1625 10
1524 1525 1626 10
1524 1626 1625 10
1525 1526 1626 10
1626 1526 1627 10
1526 1527 1628 10
1526 1628 1627 10
1527 1528 1628 10
1628 1528 1629 10
1528 1529 1630 10
1528 1630 1629 10
1529 1530 1630 10
1630 1530 1631 10
1530 1531 1632 10
1530 1632 1631 10
1531 1532 1632 10
1632 1532 1633 10
1532 1533 1634 10
1532 1634 1633 10
1533 1534 1634 10
1634 1534 1635 10
1534 1535 1636 10
1534 1636 1635 10
1535 1536 1636 10
1636 1536 1637 10
1536 1537 1638 10
1536 1638 1637 10
1537 1538 1638 10
1638 1538 1639 10
1538 1539 1640 10
1538 1640 1639 10
1539 1540 1640 10
1640 1540 1641 10
1540 1541 1642 10
1540 1642 1641 10
1541 1542 1642 10
1642 1542 1643 10
1542 1543 1644 10
1542 1644 1643 10
1543 1544 1644 10
1644 1544 1645 10
1544 1545 1646 10
1544 1646 1645 10
1545 1546 1646 10
1646 1546 1647 10
1546 1547 1648 10
1546 1648 1647 10
1547 1548 1648 10
1648 1548 1649 10
1548 1549 1650 10
1548 1650 1649 10
1549 1550 1650 10
1650 1550 1651 10
1550 1551 1652 10
1550 1652 1651 10
1551 1552 1652 10
1652 1552 1653 10
1552 1553 1654 10
1552 1654 1653 10
1553 1554 1654 10
1654 1554 1655 10
1554 1555 1656 10
1554 1656 1655 10
1555 1556 1656 10
1656 1556 1657 10
1556 1557 1658 10
1556 1658 1657 10
1557 1558 1658 10
1658 1558 1659 10
1558 1559 1660 10
1558 1660 1659 10
1559 1560 1660 10
1660 1560 1661 10
1560 1561 1662 10
1560 1662 1661 10
1561 1562 1662 10
1662 1562 1663 10
1562 1563 1664 10
1562 1664 1663 10
1563 1564 1664 10
1664 1564 1665 10
1564 1565 1666 10
1564 1666 1665 10
1565 1566 1666 10
1666 1566 1667 10
1566 1567 1668 10
1566 1668 1667 10
1567 1568 1668 10
1668 1568 1669 10
1568 1569 1670 10
1568 1670 1669 10
1569 1570 1670 10
1670 1570 1671 10
1570 1571 1672 10
1570 1672 1671 10
1571 1572 1672 10
1672 1572 1673 10
1572 1573 1674 10
1572 1674 1673 10
1573 1574 1674 10
1674 1574 1675 10
1574 1575 1676 10
1574 1676 1675 10
1575 1576 1676 10
1676 1576 1677 10
1576 1577 1678 10
1576 1678 1677 10
1577 1578 1678 10
1678 1578 1679 10
1578 1579 1680 10
1578 1680 1679 10
1579 1580 1680 10
1680 1580 1681 10
1580 1581 1682 10
1580 1682 1681 10
1581 1582 1682 10
1682 1582 1683 10
1582 1583 1684 10
1582 1684 1683 10
1583 1584 1684 10
1684 1584 1685 10
1584 1585 1686 10
1584 1686 1685 10
1585 1586 1686 10
1686 1586 1687 10
1586 1587 1688 10
1586 1688 1687 10
1587 1588 1688 10
1688 1588 1689 10
1588 1589 1690 10
1588 1690 1689 10
1589 1590 1690 10
1690 1590 1691 10
1590 1591 1692 10
1590 1692 1691 10
1591 1592 1692 10
1692 1592 1693 10
1592 1593 1694 10
1592 1694 1693 10
1593 1594 1694 10
1694 1594 1695 10
1594 1595 1696 10
1594 1696 1695 10
1595 1596 1696 10
1696 1596 1697 10
1596 1597 1698 10
1596 1698 1697 10
1597 1598 1698 10
1698 1598 1699 10
1598 1599 1700 10
1598 1700 1699 10
1599 1600 1700 10
1700 1600 1701 10
1600 1601 1702 10
1600 1702 1701 10
1601 1602 1702 10
1702 1602 1703 10
1602 1603 1704 10
1602 1704 1703 10
1603 1604 1704 10
1704 1604 1705 10
1604 1605 1706 10
1604 1706 1705 10
1605 1606 1706 10
1706 1606 1707 10
1606 1607 1708 10
1606 1708 1707 10
1607 1608 1708 10
1708 1608 1709 10
1608 1609 1710 10
1608 1710 1709 10
1609 1610 1710 10
1710 1610 1711 10
1610 1611 1712 10
1610 1712 1711 10
1611 1612 1712 10
1712 1612 1713 10
1612 1613 1714 10
1612 1714 1713 10
1613 1614 1714 10
1714 1614 1715 10
1614 1615 1716 10
1614 1716 1715 10
1615 1616 1716 10
1716 1616 1717 10
1617 1618 1718 10
1718 1618 1719 10
1618 1619 1720 10
1618 1720 1719 10
1619 1620 1720 10
1720 1620 1721 10
1620 1621 1722 10
1620 1722 1721 10
1621 1622 1722 10
1722 1622 1723 10
1622 1623 1724 10
1622 1724 1723 10
1623 1624 1724 10
1724 1624 1725 10
1624 1625 1726 10
1624 1726 1725 10
1625 1626 1726 10
1726 1626 1727 10
1626 1627 1728 10
1626 1728 1727 10
1627 1628 1728 10
1728 1628 1729 10
1628 1629 1730 10
1628 1730 1729 10
1629 1630 1730 10
1730 1630 1731 10
1630 1631 1732 10
1630 1732 1731 10
1631 1632 1732 10
1732 1632 1733 10
1632 1633 1734 10
1632 1734 1733 10
1633 1634 1734 10
1734 1634 1735 10
1634 1635 1736 10
1634 1736 1735 10
1635 1636 1736 10
1736 1636 1737 10
1636 1637 1738 10
1636 1738 1737 10
1637 1638 1738 10
1738 1638 1739 10
1638 1639 1740 10
1638 1740 1739 10
1639 1640 1740 10
1740 1640 1741 10
1640 1641 1742 10
1640 1742 1741 10
1641 1642 1742 10
1742 1642 1743 10
1642 1643 1744 10
1642 1744 1743 10
1643 1644 1744 10
1744 1644 1745 10
1644 1645 1746 10
1644 1746 1745 10
1645 1646 1746 10
1746 1646 1747 10
1646 1647 1748 10
1646 1748 1747 10
1647 1648 1748 10
1748 1648 1749 10
1648 1649 1750 10
1648 1750 1749 10
1649 1650 1750 10
1750 1650 1751 10
1650 1651 1752 10
1650 1752 1751 10
1651 1652 1752 10
1752 1652 1753 10
1652 1653 1754 10
1652 1754 1753 10
1653 1654 1754 10
1754 1654 1755 10
1654 1655 1756 10
1654 1756 1755 10
1655 1656 1756 10
1756 1656 1757 10
1656 1657 1758 10
1656 1758 1757 10
1657 1658 1758 10
1758 1658 1759 10
1658 1659 1760 10
1658 1760 1759 10
1659 1660 1760 10
1760 1660 1761 10
1660 1661 1762 10
1660 1762 1761 10
1661 1662 1762 10
1762 1662 1763 10
1662 1663 1764 10
1662 1764 1763 10
1663 1664 1764 10
1764 1664 1765 10
1664 1665 1766 10
1664 1766 1765 10
1665 1666 1766 10
1766 1666 1767 10
1666 1667 1768 10
1666 1768 1767 10
1667 1668 1768 10
1768 1668 1769 10
1668 1669 1770 10
1668 1770 1769 10
1669 1670 1770 10
1770 1670 1771 10
1670 1671 1772 10
1670 1772 1771 10
1671 1672 1772 10
1772 1672 1773 10
1672 1673 1774 10
1672 1774 1773 10
1673 1674 1774 10
1774 1674 1775 10
1674 1675 1776 10
1674 1776 1775 10
1675 1676 1776 10
1776 1676 1777 10
1676 1677 1778 10
1676 1778 1777 10
1677 1678 1778 10
1778 1678 1779 10
1678 1679 1780 10
1678 1780 1779 10
1679 1680 1780 10
1780 1680 1781 10
1680 1681 1782 10
1680 1782 1781 10
1681 1682 1782 10
1782 1682 1783 10
1682 1683 1784 10
1682 1784 1783 10
1683 1684 1784 10
1784 1684 1785 10
1684 1685 1786 10
1684 1786 1785 10
1685 1686 1786 10
1786 1686 1787 10
1686 1687 1788 10
1686 1788 1787 10
1687 1688 1788 10
1788 1688 1789 10
1688 1689 1790 10
1688 1790 1789 10
1689 1690 1790 10
1790 1690 1791 10
1690 1691 1792 10
1690 1792 1791 10
1691 1692 1792 10
1792 1692 1793 10
1692 1693 1794 10
1692 1794 1793 10
1693 1694 1794 10
1794 1694 1795 10
1694 1695 1796 10
1694 1796 1795 10
1695 1696 1796 10
1796 1696 1797 10
1696 1697 1798 10
1696 1798 1797 10
1697 1698 1798 10
1798 1698 1799 10
1698 1699 1800 10
1698 1800 1799 10
1699 1700 1800 10
1800 1700 1801 10
1700 1701 1802 10
1700 1802 1801 10
1701 1702 1802 10
1802 1702 1803 10
1702 1703 1804 10
1702 1804 1803 10
1703 1704 1804 10
1804 1704 1805 10
1704 1705 1806 10
1704 1806 1805 10
1705 1706 1806 10
1806 1706 1807 10
1706 1707 1808 10
1706 1808 1807 10
1707 1708 1808 10
1808 1708 1809 10
1708 1709 1810 10
1708 1810 1809 10
1709 1710 1810 10
1810 1710 1811 10
1710 1711 1812 10
1710 1812 1811 10
1711 1712 1812 10
1812 1712 1813 10
1712 1713 1814 10
1712 1814 1813 10
1713 1714 1814 10
1814 1714 1815 10
1714 1715 1816 10
1714 1816 1815 10
1715 1716 1816 10
1816 1716 1817 10
1716 1717 1818 10
1716 1818 1817 10
1718 1719 1820 10
1718 1820 1819 10
1719 1720 1820 10
1820 1720 1821 10
1720 1721 1822 10
1720 1822 1821 10
1721 1722 1822 10
1822 1722 1823 10
1722 1723 1824 10
1722 1824 1823 10
1723 1724 1824 10
1824 1724 1825 10
1724 1725 1826 10
1724 1826 1825 10
1725 1726 1826 10
1826 1726 1827 10
1726 1727 1828 10
1726 1828 1827 10
1727 1728 1828 10
1828 1728 1829 10
1728 1729 1830 10
1728 1830 1829 10
1729 1730 1830 10
1830 1730 1831 10
1730 1731 1832 10
1730 1832 1831 10
1731 1732 1832 10
1832 1732 1833 10
1732 1733 1834 10
1732 1834 1833 10
1733 1734 1834 10
1834 1734 1835 10
1734 1735 1836 10
1734 1836 1835 10
1735 1736 1836 10
1836 1736 1837 10
1736 1737 1838 10
1736 1838 1837 10
1737 1738 1838 10
1838 1738 1839 10
1738 1739 1840 10
1738 1840 1839 10
1739 1740 1840 10
1840 1740 1841 10
1740 1741 1842 10
1740 1842 1841 10
1741 1742 1842 10
1842 1742 1843 10
1742 1743 1844 10
1742 1844 1843 10
1743 1744 1844 10
1844 1744 1845 10
1744 1745 1846 10
1744 1846 1845 10
1745 1746 1846 10
1846 1746 1847 10
1746 1747 1848 10
1746 1848 1847 10
1747 1748 1848 10
1848 1748 1849 10
1748 1749 1850 10
1748 1850 1849 10
1749 1750 1850 10
1850 1750 1851 10
1750 1751 1852 10
1750 1852 1851 10
1751 1752 1852 10
1852 1752 1853 10
1752 1753 1854 10
1752 1854 1853 10
1753 1754 1854 10
1854 1754 1855 10
1754 1755 1856 10
1754 1856 1855 10
1755 1756 1856 10
1856 1756 1857 10
1756 1757 1858 10
1756 1858 1857 10
1757 1758 1858 10
1858 1758 1859 10
1758 1759 1860 10
1758 1860 1859 10
1759 1760 1860 10
1860 1760 1861 10
1760 1761 1862 10
1760 1862 1861 10
1761 1762 1862 10
1862 1762 1863 10
1762 1763 1864 10
1762 1864 1863 10
1763 1764 1864 10
1864 1764 1865 10
1764 1765 1866 10
1764 1866 1865 10
1765 1766 1866 10
1866 1766 1867 10
1766 1767 1868 10
1766 1868 1867 10
1767 1768 1868 10
1868 1768 1869 10
1768 1769 1870 10
1768 1870 1869 10
1769 1770 1870 10
1870 1770 1871 10
1770 1771 1872 10
1770 1872 1871 10
1771 1772 1872 10
1872 1772 1873 10
1772 1773 1874 10
1772 1874 1873 10
1773 1774 1874 10
1874 1774 1875 10
1774 1775 1876 10
1774 1876 1875 10
1775 1776 1876 10
1876 1776 1877 10
1776 1777 1878 10
1776 1878 1877 10
1777 1778 1878 10
1878 1778 1879 10
1778 1779 1880 10
1778 1880 1879 10
1779 1780 1880 10
1880 1780 1881 10
1780 1781 1882 10
1780 1882 1881 10
1781 1782 1882 10
1882 1782 1883 10
1782 1783 1884 10
1782 1884 1883 10
1783 1784 1884 10
1884 1784 1885 10
1784 1785 1886 10
1784 1886 1885 10
1785 1786 1886 10
1886 1786 1887 10
1786 1787 1888 10
1786 1888 1887 10
1787 1788 1888 10
1888 1788 1889 10
1788 1789 1890 10
1788 1890 1889 10
1789 1790 1890 10
1890 1790 1891 10
1790 1791 1892 10
1790 1892 1891 10
1791 1792 1892 10
1892 1792 1893 10
1792 1793 1894 10
1792 1894 1893 10
1793 1794 1894 10
1894 1794 1895 10
1794 1795 1896 10
1794 1896 1895 10
1795 1796 1896 10
1896 1796 1897 10
1796 1797 1898 10
1796 1898 1897 10
1797 1798 1898 10
1898 1798 1899 10
1798 1799 1900 10
1798 1900 1899 10
1799 1800 1900 10
1900 1800 1901 10
1800 1801 1902 10
1800 1902 1901 10
1801 1802 1902 10
1902 1802 1903 10
1802 1803 1904 10
1802 1904 1903 10
1803 1804 1904 10
1904 1804 1905 10
1804 1805 1906 10
1804 1906 1905 10
1805 1806 1906 10
1906 1806 1907 10
1806 1807 1908 10
1806 1908 1907 10
1807 1808 1908 10
1908 1808 1909 10
1808 1809 1910 10
1808 1910 1909 10
1809 1810 1910 10
1910 1810 1911 10
1810 1811 1912 10
1810 1912 1911 10
1811 1812 1912 10
1912 1812 1913 10
1812 1813 1914 10
1812 1914 1913 10
1813 1814 1914 10
1914 1814 1915 10
1814 1815 1916 10
1814 1916 1915 10
1815 1816 1916 10
1916 1816 1917 10
1816 1817 1918 10
1816 1918 1917 10
1817 1818 1918 10
1918 1818 1919 10
1819 1820 1920 10
1920 1820 1921 10
1820 1821 1922 10
1820 1922 1921 10
1821 1822 1922 10
1922 1822 1923 10
1822 1823 1924 10
1822 1924 1923 10
1823 1824 1924 10
1924 1824 1925 10
1824 1825 1926 10
1824 1926 1925 10
1825 1826 1926 10
1926 1826 1927 10
1826 1827 1928 10
1826 1928 1927 10
1827 1828 1928 10
1928 1828 1929 10
1828 1829 1930 10
1828 1930 1929 10
1829 1830 1930 10
1930 1830 1931 10
1830 1831 1932 10
1830 1932 1931 10
1831 1832 1932 10
1932 1832 1933 10
1832 1833 1934 10
1832 1934 1933 10
1833 1834 1934 10
1934 1834 1935 10
1834 1835 1936 10
1834 1936 1935 10
1835 1836 1936 10
1936 1836 1937 10
1836 1837 1938 10
1836 1938 1937 10
1837 1838 1938 10
1938 1838 1939 10
1838 1839 1940 10
1838 1940 1939 10
1839 1840 1940 10
1940 1840 1941 10
1840 1841 1942 10
1840 1942 1941 10
1841 1842 1942 10
1942 1842 1943 10
1842 1843 1944 10
1842 1944 1943 10
1843 1844 1944 10
1944 1844 1945 10
1844 1845 1946 10
1844 1946 1945 10
1845 1846 1946 10
1946 1846 1947 10
1846 1847 1948 10
1846 1948 1947 10
1847 1848 1948 10
1948 1848 1949 10
1848 1849 1950 10
1848 1950 1949 10
1849 1850 1950 10
1950 1850 1951 10
1850 1851 1952 10
1850 1952 1951 10
1851 1852 1952 10
1952 1852 1953 10
1852 1853 1954 10
1852 1954 1953 10
1853 1854 1954 10
1954 1854 1955 10
1854 1855 1956 10
1854 1956 1955 10
1855 1856 1956 10
1956 1856 1957 10
1856 1857 1958 10
1856 1958 1957 10
1857 1858 1958 10
1958 1858 1959 10
1858 1859 1960 10
1858 1960 1959 10
1859 1860 1960 10
1960 1860 1961 10
1860 1861 1962 10
1860 1962 1961 10
1861 1862 1962 10
1962 1862 1963 10
1862 1863 1964 10
1862 1964 1963 10
1863 1864 1964 10
1964 1864 1965 10
1864 1865 1966 10
1864 1966 1965 10
1865 1866 1966 10
1966 1866 1967 10
1866 1867 1968 10
1866 1968 1967 10
1867 1868 1968 10
1968 1868 1969 10
1868 1869 1970 10
1868 1970 1969 10
1869 1870 1970 10
1970 1870 1971 10
1870 1871 1972 10
1870 1972 1971 10
1871 1872 1972 10
1972 1872 1973 10
1872 1873 1974 10
1872 1974 1973 10
1873 1874 1974 10
1974 1874 1975 10
1874 1875 1976 10
1874 1976 1975 10
1875 1876 1976 10
1976 1876 1977 10
1876 1877 1978 10
1876 1978 1977 10
1877 1878 1978 10
1978 1878 1979 10
1878 1879 1980 10
1878 1980 1979 10
1879 1880 1980 10
1980 1880 1981 10
1880 1881 1982 10
1880 1982 1981 10
1881 1882 1982 10
1982 1882 1983 10
1882 1883 1984 10
1882 1984 1983 10
1883 1884 1984 10
1984 1884 1985 10
1884 1885 1986 10
1884 1986 1985 10
1885 1886 1986 10
1986 1886 1987 10
1886 1887 1988 10
1886 1988 1987 10
1887 1888 1988 10
1988 1888 1989 10
1888 1889 1990 10
1888 1990 1989 10
1889 1890 1990 10
1990 1890 1991 10
1890 1891 1992 10
1890 1992 1991 10
1891 1892 1992 10
1992 1892 1993 10
1892 1893 1994 10
1892 1994 1993 10
1893 1894 1994 10
1994 1894 1995 10
1894 1895 1996 10
1894 1996 1995 10
1895 1896 1996 10
1996 1896 1997 10
1896 1897 1998 10
1896 1998 1997 10
1897 1898 1998 10
1998 1898 1999 10
1898 1899 2000 10
1898 2000 1999 10
1899 1900 2000 10
2000 1900 2001 10
1900 1901 2002 10
1900 2002 2001 10
1901 1902 2002 10
2002 1902 2003 10
1902 1903 2004 10
1902 2004 2003 10
1903 1904 2004 10
2004 1904 2005 10
1904 1905 2006 10
1904 2006 2005 10
1905 1906 2006 10
2006 1906 2007 10
1906 1907 2008 10
1906 2008 2007 10
1907 1908 2008 10
2008 1908 2009 10
1908 1909 2010 10
1908 2010 2009 10
1909 1910 2010 10
2010 1910 2011 10
1910 1911 2012 10
1910 2012 2011 10
1911 1912 2012 10
2012 1912 2013 10
1912 1913 2014 10
1912 2014 2013 10
1913 1914 2014 10
2014 1914 2015 10
1914 1915 2016 10
1914 2016 2015 10
1915 1916 2016 10
2016 1916 2017 10
1916 1917 2018 10
1916 2018 2017 10
1917 1918 2018 10
2018 1918 2019 10
1918 1919 2020 10
1918 2020 2019 10
1920 1921 2022 10
1920 2022 2021 10
1921 1922 2022 10
2022 1922 2023 10
1922 1923 2024 10
1922 2024 2023 10
1923 1924 2024 10
2024 1924 2025 10
1924 1925 2026 10
1924 2026 2025 10
1925 1926 2026 10
2026 1926 2027 10
1926 1927 2028 10
1926 2028 2027 10
1927 1928 2028 10
2028 1928 2029 10
1928 1929 2030 10
1928 2030 2029 10
1929 1930 2030 10
2030 1930 2031 10
1930 1931 2032 10
1930 2032 2031 10
1931 1932 2032 10
2032 1932 2033 10
1932 1933 2034 10
1932 2034 2033 10
1933 1934 2034 10
2034 1934 2035 10
1934 1935 2036 10
1934 2036 2035 10
1935 1936 2036 10
2036 1936 2037 10
1936 1937 2038 10
1936 2038 2037 10
1937 1938 2038 10
2038 1938 2039 10
1938 1939 2040 10
1938 2040 2039 10
1939 1940 2040 10
2040 1940 2041 10
1940 1941 2042 10
1940 2042 2041 10
1941 1942 2042 10
2042 1942 2043 10
1942 1943 2044 10
1942 2044 2043 10
1943 1944 2044 10
2044 1944 2045 10
1944 1945 2046 10
1944 2046 2045 10
1945 1946 2046 10
2046 1946 2047 10
1946 1947 2048 10
1946 2048 2047 10
1947 1948 2048 10
2048 1948 2049 10
1948 1949 2050 10
1948 2050 2049 10
1949 1950 2050 10
2050 1950 2051 10
1950 1951 2052 10
1950 2052 2051 10
1951 1952 2052 10
2052 1952 2053 10
1952 1953 2054 10
1952 2054 2053 10
1953 1954 2054 10
2054 1954 2055 10
1954 1955 2056 10
1954 2056 2055 10
1955 1956 2056 10
2056 1956 2057 10
1956 1957 2058 10
1956 2058 2057 10
1957 1958 2058 10
2058 1958 2059 10
1958 1959 2060 10
1958 2060 2059 10
1959 1960 2060 10
2060 1960 2061 10
1960 1961 2062 10
1960 2062 2061 10
1961 1962 2062 10
2062 1962 2063 10
1962 1963 2064 10
1962 2064 2063 10
1963 1964 2064 10
2064 1964 2065 10
1964 1965 2066 10
1964 2066 2065 10
1965 1966 2066 10
2066 1966 2067 10
1966 1967 2068 10
1966 2068 2067 10
1967 1968 2068 10
2068 1968 2069 10
1968 1969 2070 10
1968 2070 2069 10
1969 1970 2070 10
2070 1970 2071 10
1970 1971 2072 10
1970 2072 2071 10
1971 1972 2072 10
2072 1972 2073 10
1972 1973 2074 10
1972 2074 2073 10
1973 1974 2074 10
2074 1974 2075 10
1974 1975 2076 10
1974 2076 2075 10
1975 1976 2076 10
2076 1976 2077 10
1976 1977 2078 10
1976 2078 2077 10
1977 1978 2078 10
2078 1978 2079 10
1978 1979 2080 10
1978 2080 2079 10
1979 1980 2080 10
2080 1980 2081 10
1980 1981 2082 10
1980 2082 2081 10
1981 1982 2082 10
2082 1982 2083 10
1982 1983 2084 10
1982 2084 2083 10
1983 1984 2084 10
2084 1984 2085 10
1984 1985 2086 10
1984 2086 2085 10
1985 1986 2086 10
2086 1986 2087 10
1986 1987 2088 10
1986 2088 2087 10
1987 1988 2088 10
2088 1988 2089 10
1988 1989 2090 10
1988 2090 2089 10
1989 1990 2090 10
2090 1990 2091 10
1990 1991 2092 10
1990 2092 2091 10
1991 1992 2092 10
2092 1992 2093 10
1992 1993 2094 10
1992 2094 2093 10
1993 1994 2094 10
2094 1994 2095 10
1994 1995 2096 10
1994 2096 2095 10
1995 1996 2096 10
2096 1996 2097 10
1996 1997 2098 10
1996 2098 2097 10
1997 1998 2098 10
2098 1998 2099 10
1998 1999 2100 10
1998 2100 2099 10
1999 2000 2100 10
2100 2000 2101 10
2000 2001 2102 10
2000 2102 2101 10
2001 2002 2102 10
2102 2002 2103 10
2002 2003 2104 10
2002 2104 2103 10
2003 2004 2104 10
2104 2004 2105 10
2004 2005 2106 10
2004 2106 2105 10
2005 2006 2106 10
2106 2006 2107 10
2006 2007 2108 10
2006 2108 2107 10
2007 2008 2108 10
2108 2008 2109 10
2008 2009 2110 10
2008 2110 2109 10
2009 2010 2110 10
2110 2010 2111 10
2010 2011 2112 10
2010 2112 2111 10
2011 2012 2112 10
2112 2012 2113 10
2012 2013 2114 10
2012 2114 2113 10
2013 2014 2114 10
2114 2014 2115 10
2014 2015 2116 10
2014 2116 2115 10
2015 2016 2116 10
2116 2016 2117 10
2016 2017 2118 10
2016 2118 2117 10
2017 2018 2118 10
2118 2018 2119 10
2018 2019 2120 10
2018 2120 2119 10
2019 2020 2120 10
2120 2020 2121 10
2021 2022 2122 10
2122 2022 2123 10
2022 2023 2124 10
2022 2124 2123 10
2023 2024 2124 10
2124 2024 2125 10
2024 2025 2126 10
2024 2126 2125 10
2025 2026 2126 10
2126 2026 2127 10
2026 2027 2128 10
2026 2128 2127 10
2027 2028 2128 10
2128 2028 2129 10
2028 2029 2130 10
2028 2130 2129 10
2029 2030 2130 10
2130 2030 2131 10
2030 2031 2132 10
2030 2132 2131 10
2031 2032 2132 10
2132 2032 2133 10
2032 2033 2134 10
2032 2134 2133 10
2033 2034 2134 10
2134 2034 2135 10
2034 2035 2136 10
2034 2136 2135 10
2035 2036 2136 10
2136 2036 2137 10
2036 2037 2138 10
2036 2138 2137 10
2037 2038 2138 10
2138 2038 2139 10
2038 2039 2140 10
2038 2140 2139 10
2039 2040 2140 10
2140 2040 2141 10
2040 2041 2142 10
2040 2142 2141 10
2041 2042 2142 10
2142 2042 2143 10
2042 2043 2144 10
2042 2144 2143 10
2043 2044 2144 10
2144 2044 2145 10
2044 2045 2146 10
2044 2146 2145 10
2045 2046 2146 10
2146 2046 2147 10
2046 2047 2148 10
2046 2148 2147 10
2047 2048 2148 10
2148 2048 2149 10
2048 2049 2150 10
2048 2150 2149 10
2049 2050 2150 10
2150 2050 2151 10
2050 2051 2152 10
2050 2152 2151 10
2051 2052 2152 10
2152 2052 2153 10
2052 2053 2154 10
2052 2154 2153 10
2053 2054 2154 10
2154 2054 2155 10
2054 2055 2156 10
2054 2156 2155 10
2055 2056 2156 10
2156 2056 2157 10
2056 2057 2158 10
2056 2158 2157 10
2057 2058 2158 10
2158 2058 2159 10
2058 2059 2160 10
2058 2160 2159 10
2059 2060 2160 10
2160 2060 2161 10
2060 2061 2162 10
2060 2162 2161 10
2061 2062 2162 10
2162 2062 2163 10
2062 2063 2164 10
2062 2164 2163 10
2063 2064 2164 10
2164 2064 2165 10
2064 2065 2166 10
2064 2166 2165 10
2065 2066 2166 10
2166 2066 2167 10
2066 2067 2168 10
2066 2168 2167 10
2067 2068 2168 10
2168 2068 2169 10
2068 2069 2170 10
2068 2170 2169 10
2069 2070 2170 10
2170 2070 2171 10
2070 2071 2172 10
2070 2172 2171 10
2071 2072 2172 10
2172 2072 2173 10
2072 2073 2174 10
2072 2174 2173 10
2073 2074 2174 10
2174 2074 2175 10
2074 2075 2176 10
2074 2176 2175 10
2075 2076 2176 10
2176 2076 2177 10
2076 2077 2178 10
2076 2178 2177 10
2077 2078 2178 10
2178 2078 2179 10
2078 2079 2180 10
2078 2180 2179 10
2079 2080 2180 10
2180 2080 2181 10
2080 2081 2182 10
2080 2182 2181 10
2081 2082 2182 10
2182 2082 2183 10
2082 2083 2184 10
2082 2184 2183 10
2083 2084 2184 10
2184 2084 2185 10
2084 2085 2186 10
2084 2186 2185 10
2085 2086 2186 10
2186 2086 2187 10
2086 2087 2188 10
2086 2188 2187 10
2087 2088 2188 10
2188 2088 2189 10
2088 2089 2190 10
2088 2190 2189 10
2089 2090 2190 10
2190 2090 2191 10
2090 2091 2192 10
2090 2192 2191 10
2091 2092 2192 10
2192 2092 2193 10
2092 2093 2194 10
2092 2194 2193 10
2093 2094 2194 10
2194 2094 2195 10
2094 2095 2196 10
2094 2196 2195 10
2095 2096 2196 10
2196 2096 2197 10
2096 2097 2198 10
2096 2198 2197 10
2097 2098 2198 10
2198 2098 2199 10
2098 2099 2200 10
2098 2200 2199 10
2099 2100 2200 10
2200 2100 2201 10
2100 2101 2202 10
2100 2202 2201 10
2101 2102 2202 10
2202 2102 2203 10
2102 2103 2204 10
2102 2204 2203 10
2103 2104 2204 10
2204 2104 2205 10
2104 2105 2206 10
2104 2206 2205 10
2105 2106 2206 10
2206 2106 2207 10
2106 2107 2208 10
2106 2208 2207 10
2107 2108 2208 10
2208 2108 2209 10
2108 2109 2210 10
2108 2210 2209 10
2109 2110 2210 10
2210 2110 2211 10
2110 2111 2212 10
2110 2212 2211 10
2111 2112 2212 10
2212 2112 2213 10
2112 2113 2214 10
2112 2214 2213 10
2113 2114 2214 10
2214 2114 2215 10
2114 2115 2216 10
2114 2216 2215 10
2115 2116 2216 10
2216 2116 2217 10
2116 2117 2218 10
2116 2218 2217 10
2117 2118 2218 10
2218 2118 2219 10
2118 2119 2220 10
2118 2220 2219 10
2119 2120 2220 10
2220 2120 2221 10
2120 2121 2222 10
2120 2222 2221 10
2122 2123 2224 10
2122 2224 2223 10
2123 2124 2224 10
2224 2124 2225 10
2124 2125 2226 10
2124 2226 2225 10
2125 2126 2226 10
2226 2126 2227 10
2126 2127 2228 10
2126 2228 2227 10
2127 2128 2228 10
2228 2128 2229 10
2128 2129 2230 10
2128 2230 2229 10
2129 2130 2230 10
2230 2130 2231 10
2130 2131 2232 10
2130 2232 2231 10
2131 2132 2232 10
2232 2132 2233 10
2132 2133 2234 10
2132 2234 2233 10
2133 2134 2234 10
2234 2134 2235 10
2134 2135 2236 10
2134 2236 2235 10
2135 2136 2236 10
2236 2136 2237 10
2136 2137 2238 10
2136 2238 2237 10
2137 2138 2238 10
2238 2138 2239 10
2138 2139 2240 10
2138 2240 2239 10
2139 2140 2240 10
2240 2140 2241 10
2140 2141 2242 10
2140 2242 2241 10
2141 2142 2242 10
2242 2142 2243 10
2142 2143 2244 10
2142 2244 2243 10
2143 2144 2244 10
2244 2144 2245 10
2144 2145 2246 10
2144 2246 2245 10
2145 2146 2246 10
2246 2146 2247 10
2146 2147 2248 10
2146 2248 2247 10
2147 2148 2248 10
2248 2148 2249 10
2148 2149 2250 10
2148 2250 2249 10
2149 2150 2250 10
2250 2150 2251 10
2150 2151 2252 10
2150 2252 2251 10
2151 2152 2252 10
2252 2152 2253 10
2152 2153 2254 10
2152 2254 2253 10
2153 2154 2254 10
2254 2154 2255 10
2154 2155 2256 10
2154 2256 2255 10
2155 2156 2256 10
2256 2156 2257 10
2156 2157 2258 10
2156 2258 2257 10
2157 2158 2258 10
2258 2158 2259 10
2158 2159 2260 10
2158 2260 2259 10
2159 2160 2260 10
2260 2160 2261 10
2160 2161 2262 10
2160 2262 2261 10
2161 2162 2262 10
2262 2162 2263 10
2162 2163 2264 10
2162 2264 2263 10
2163 2164 2264 10
2264 2164 2265 10
2164 2165 2266 10
2164 2266 2265 10
2165 2166 2266 10
2266 2166 2267 10
2166 2167 2268 10
2166 2268 2267 10
2167 2168 2268 10
2268 2168 2269 10
2168 2169 2270 10
2168 2270 2269 10
2169 2170 2270 10
2270 2170 2271 10
2170 2171 2272 10
2170 2272 2271 10
2171 2172 2272 10
2272 2172 2273 10
2172 2173 2274 10
2172 2274 2273 10
2173 2174 2274 10
2274 2174 2275 10
2174 2175 2276 10
2174 2276 2275 10
2175 2176 2276 10
2276 2176 2277 10
2176 2177 2278 10
2176 2278 2277 10
2177 2178 2278 10
2278 2178 2279 10
2178 2179 2280 10
2178 2280 2279 10
2179 2180 2280 10
2280 2180 2281 10
2180 2181 2282 10
2180 2282 2281 10
2181 2182 2282 10
2282 2182 2283 10
2182 2183 2284 10
2182 2284 2283 10
2183 2184 2284 10
2284 2184 2285 10
2184 2185 2286 10
2184 2286 2285 10
2185 2186 2286 10
2286 2186 2287 10
2186 2187 2288 10
2186 2288 2287 10
2187 2188 2288 10
2288 2188 2289 10
2188 2189 2290 10
2188 2290 2289 10
2189 2190 2290 10
2290 2190 2291 10
2190 2191 2292 10
2190 2292 2291 10
2191 2192 2292 10
2292 2192 2293 10
2192 2193 2294 10
2192 2294 2293 10
2193 2194 2294 10
2294 2194 2295 10
2194 2195 2296 10
2194 2296 2295 10
2195 2196 2296 10
2296 2196 2297 10
2196 2197 2298 10
2196 2298 2297 10
2197 2198 2298 10
2298 2198 2299 10
2198 2199 2300 10
2198 2300 2299 10
2199 2200 2300 10
2300 2200 2301 10
2200 2201 2302 10
2200 2302 2301 10
2201 2202 2302 10
2302 2202 2303 10
2202 2203 2304 10
2202 2304 2303 10
2203 2204 2304 10
2304 2204 2305 10
2204 2205 2306 10
2204 2306 2305 10
2205 2206 2306 10
2306 2206 2307 10
2206 2207 2308 10
2206 2308 2307 10
2207 2208 2308 10
2308 2208 2309 10
2208 2209 2310 10
2208 2310 2309 10
2209 2210 2310 10
2310 2210 2311 10
2210 2211 2312 10
2210 2312 2311 10
2211 2212 2312 10
2312 2212 2313 10
2212 2213 2314 10
2212 2314 2313 10
2213 2214 2314 10
2314 2214 2315 10
2214 2215 2316 10
2214 2316 2315 10
2215 2216 2316 10
2316 2216 2317 10
2216 2217 2318 10
2216 2318 2317 10
2217 2218 2318 10
2318 2218 2319 10
2218 2219 2320 10
2218 2320 2319 10
2219 2220 2320 10
2320 2220 2321 10
2220 2221 2322 10
2220 2322 2321 10
2221 2222 2322 10
2322 2222 2323 10
2223 2224 2324 10
2324 2224 2325 10
2224 2225 2326 10
2224 2326 2325 10
2225 2226 2326 10
2326 2226 2327 10
2226 2227 2328 10
2226 2328 2327 10
2227 2228 2328 10
2328 2228 2329 10
2228 2229 2330 10
2228 2330 2329 10
2229 2230 2330 10
2330 2230 2331 10
2230 2231 2332 10
2230 2332 2331 10
2231 2232 2332 10
2332 2232 2333 10
2232 2233 2334 10
2232 2334 2333 10
2233 2234 2334 10
2334 2234 2335 10
2234 2235 2336 10
2234 2336 2335 10
2235 2236 2336 10
2336 2236 2337 10
2236 2237 2338 10
2236 2338 2337 10
2237 2238 2338 10
2338 2238 2339 10
2238 2239 2340 10
2238 2340 2339 10
2239 2240 2340 10
2340 2240 2341 10
2240 2241 2342 10
2240 2342 2341 10
2241 2242 2342 10
2342 2242 2343 10
2242 2243 2344 10
2242 2344 2343 10
2243 2244 2344 10
2344 2244 2345 10
2244 2245 2346 10
2244 2346 2345 10
2245 2246 2346 10
2346 2246 2347 10
2246 2247 2348 10
2246 2348 2347 10
2247 2248 2348 10
2348 2248 2349 10
2248 2249 2350 10
2248 2350 2349 10
2249 2250 2350 10
2350 2250 2351 10
2250 2251 2352 10
2250 2352 2351 10
2251 2252 2352 10
2352 2252 2353 10
2252 2253 2354 10
2252 2354 2353 10
2253 2254 2354 10
2354 2254 2355 10
2254 2255 2356 10
2254 2356 2355 10
2255 2256 2356 10
2356 2256 2357 10
2256 2257 2358 10
2256 2358 2357 10
2257 2258 2358 10
2358 2258 2359 10
2258 2259 2360 10
2258 2360 2359 10
2259 2260 2360 10
2360 2260 2361 10
2260 2261 2362 10
2260 2362 2361 10
2261 2262 2362 10
2362 2262 2363 10
2262 2263 2364 10
2262 2364 2363 10
2263 2264 2364 10
2364 2264 2365 10
2264 2265 2366 10
2264 2366 2365 10
2265 2266 2366 10
2366 2266 2367 10
2266 2267 2368 10
2266 2368 2367 10
2267 2268 2368 10
2368 2268 2369 10
2268 2269 2370 10
2268 2370 2369 10
2269 2270 2370 10
2370 2270 2371 10
2270 2271 2372 10
2270 2372 2371 10
2271 2272 2372 10
2372 2272 2373 10
2272 2273 2374 10
2272 2374 2373 10
2273 2274 2374 10
2374 2274 2375 10
2274 2275 2376 10
2274 2376 2375 10
2275 2276 2376 10
2376 2276 2377 10
2276 2277 2378 10
2276 2378 2377 10
2277 2278 2378 10
2378 2278 2379 10
2278 2279 2380 10
2278 2380 2379 10
2279 2280 2380 10
2380 2280 2381 10
2280 2281 2382 10
2280 2382 2381 10
2281 2282 2382 10
2382 2282 2383 10
2282 2283 2384 10
2282 2384 2383 10
2283 2284 2384 10
2384 2284 2385 10
2284 2285 2386 10
2284 2386 2385 10
2285 2286 2386 10
2386 2286 2387 10
2286 2287 2388 10
2286 2388 2387 10
2287 2288 2388 10
2388 2288 2389 10
2288 2289 2390 10
2288 2390 2389 10
2289 2290 2390 10
2390 2290 2391 10
2290 2291 2392 10
2290 2392 2391 10
2291 2292 2392 10
2392 2292 2393 10
2292 2293 2394 10
2292 2394 2393 10
2293 2294 2394 10
2394 2294 2395 10
2294 2295 2396 10
2294 2396 2395 10
2295 2296 2396 10
2396 2296 2397 10
2296 2297 2398 10
2296 2398 2397 10
2297 2298 2398 10
2398 2298 2399 10
2298 2299 2400 10
2298 2400 2399 10
2299 2300 2400 10
2400 2300 2401 10
2300 2301 2402 10
2300 2402 2401 10
2301 2302 2402 10
2402 2302 2403 10
2302 2303 2404 10
2302 2404 2403 10
2303 2304 2404 10
2404 2304 2405 10
2304 2305 2406 10
2304 2406 2405 10
2305 2306 2406 10
2406 2306 2407 10
2306 2307 2408 10
2306 2408 2407 10
2307 2308 2408 10
2408 2308 2409 10
2308 2309 2410 10
2308 2410 2409 10
2309 2310 2410 10
2410 2310 2411 10
2310 2311 2412 10
2310 2412 2411 10
2311 2312 2412 10
2412 2312 2413 10
2312 2313 2414 10
2312 2414 2413 10
2313 2314 2414 10
2414 2314 2415 10
2314 2315 2416 10
2314 2416 2415 10
2315 2316 2416 10
2416 2316 2417 10
2316 2317 2418 10
2316 2418 2417 10
2317 2318 2418 10
2418 2318 2419 10
2318 2319 2420 10
2318 2420 2419 10
2319 2320 2420 10
2420 2320 2421 10
2320 2321 2422 10
2320 2422 2421 10
2321 2322 2422 10
2422 2322 2423 10
2322 2323 2424 10
2322 2424 2423 10
2324 2325 2426 10
2324 2426 2425 10
2325 2326 2426 10
2426 2326 2427 10
2326 2327 2428 10
2326 2428 2427 10
2327 2328 2428 10
2428 2328 2429 10
2328 2329 2430 10
2328 2430 2429 10
2329 2330 2430 10
2430 2330 2431 10
2330 2331 2432 10
2330 2432 2431 10
2331 2332 2432 10
2432 2332 2433 10
2332 2333 2434 10
2332 2434 2433 10
2333 2334 2434 10
2434 2334 2435 10
2334 2335 2436 10
2334 2436 2435 10
2335 2336 2436 10
2436 2336 2437 10
2336 2337 2438 10
2336 2438 2437 10
2337 2338 2438 10
2438 2338 2439 10
2338 2339 2440 10
2338 2440 2439 10
2339 2340 2440 10
2440 2340 2441 10
2340 2341 2442 10
2340 2442 2441 10
2341 2342 2442 10
2442 2342 2443 10
2342 2343 2444 10
2342 2444 2443 10
2343 2344 2444 10
2444 2344 2445 10
2344 2345 2446 10
2344 2446 2445 10
2345 2346 2446 10
2446 2346 2447 10
2346 2347 2448 10
2346 2448 2447 10
2347 2348 2448 10
2448 2348 2449 10
2348 2349 2450 10
2348 2450 2449 10
2349 2350 2450 10
2450 2350 2451 10
2350 2351 2452 10
2350 2452 2451 10
2351 2352 2452 10
2452 2352 2453 10
2352 2353 2454 10
2352 2454 2453 10
2353 2354 2454 10
2454 2354 2455 10
2354 2355 2456 10
2354 2456 2455 10
2355 2356 2456 10
2456 2356 2457 10
2356 2357 2458 10
2356 2458 2457 10
2357 2358 2458 10
2458 2358 2459 10
2358 2359 2460 10
2358 2460 2459 10
2359 2360 2460 10
2460 2360 2461 10
2360 2361 2462 10
2360 2462 2461 10
2361 2362 2462 10
2462 2362 2463 10
2362 2363 2464 10
2362 2464 2463 10
2363 2364 2464 10
2464 2364 2465 10
2364 2365 2466 10
2364 2466 2465 10
2365 2366 2466 10
2466 2366 2467 10
2366 2367 2468 10
2366 2468 2467 10
2367 2368 2468 10
2468 2368 2469 10
2368 2369 2470 10
2368 2470 2469 10
2369 2370 2470 10
2470 2370 2471 10
2370 2371 2472 10
2370 2472 2471 10
2371 2372 2472 10
2472 2372 2473 10
2372 2373 2474 10
2372 2474 2473 10
2373 2374 2474 10
2474 2374 2475 10
2374 2375 2476 10
2374 2476 2475 10
2375 2376 2476 10
2476 2376 2477 10
2376 2377 2478 10
2376 2478 2477 10
2377 2378 2478 10
2478 2378 2479 10
2378 2379 2480 10
2378 2480 2479 10
2379 2380 2480 10
2480 2380 2481 10
2380 2381 2482 10
2380 2482 2481 10
2381 2382 2482 10
2482 2382 2483 10
2382 2383 2484 10
2382 2484 2483 10
2383 2384 2484 10
2484 2384 2485 10
2384 2385 2486 10
2384 2486 2485 10
2385 2386 2486 10
2486 2386 2487 10
2386 2387 2488 10
2386 2488 2487 10
2387 2388 2488 10
2488 2388 2489 10
2388 2389 2490 10
2388 2490 2489 10
2389 2390 2490 10
2490 2390 2491 10
2390 2391 2492 10
2390 2492 2491 10
2391 2392 2492 10
2492 2392 2493 10
2392 2393 2494 10
2392 2494 2493 10
2393 2394 2494 10
2494 2394 2495 10
2394 2395 2496 10
2394 2496 2495 10
2395 2396 2496 10
2496 2396 2497 10
2396 2397 2498 10
2396 2498 2497 10
2397 2398 2498 10
2498 2398 2499 10
2398 2399 2500 10
2398 2500 2499 10
2399 2400 2500 10
2500 2400 2501 10
2400 2401 2502 10
2400 2502 2501 10
2401 2402 2502 10
2502 2402 2503 10
2402 2403 2504 10
2402 2504 2503 10
2403 2404 2504 10
2504 2404 2505 10
2404 2405 2506 10
2404 2506 2505 10
2405 2406 2506 10
2506 2406 2507 10
2406 2407 2508 10
2406 2508 2507 10
2407 2408 2508 10
2508 2408 2509 10
2408 2409 2510 10
2408 2510 2509 10
2409 2410 2510 10
2510 2410 2511 10
2410 2411 2512 10
2410 2512 2511 10
2411 2412 2512 10
2512 2412 2513 10
2412 2413 2514 10
2412 2514 2513 10
2413 2414 2514 10
2514 2414 2515 10
2414 2415 2516 10
2414 2516 2515 10
2415 2416 2516 10
2516 2416 2517 10
2416 2417 2518 10
2416 2518 2517 10
2417 2418 2518 10
2518 2418 2519 10
2418 2419 2520 10
2418 2520 2519 10
2419 2420 2520 10
2520 2420 2521 10
2420 2421 2522 10
2420 2522 2521 10
2421 2422 2522 10
2522 2422 2523 10
2422 2423 2524 10
2422 2524 2523 10
2423 2424 2524 10
2524 2424 2525 10
2425 2426 2526 10
2526 2426 2527 10
2426 2427 2528 10
2426 2528 2527 10
2427 2428 2528 10
2528 2428 2529 10
2428 2429 2530 10
2428 2530 2529 10
2429 2430 2530 10
2530 2430 2531 10
2430 2431 2532 10
2430 2532 2531 10
2431 2432 2532 10
2532 2432 2533 10
2432 2433 2534 10
2432 2534 2533 10
2433 2434 2534 10
2534 2434 2535 10
2434 2435 2536 10
2434 2536 2535 10
2435 2436 2536 10
2536 2436 2537 10
2436 2437 2538 10
2436 2538 2537 10
2437 2438 2538 10
2538 2438 2539 10
2438 2439 2540 10
2438 2540 2539 10
2439 2440 2540 10
2540 2440 2541 10
2440 2441 2542 10
2440 2542 2541 10
2441 2442 2542 10
2542 2442 2543 10
2442 2443 2544 10
2442 2544 2543 10
2443 2444 2544 10
2544 2444 2545 10
2444 2445 2546 10
2444 2546 2545 10
2445 2446 2546 10
2546 2446 2547 10
2446 2447 2548 10
2446 2548 2547 10
2447 2448 2548 10
2548 2448 2549 10
2448 2449 2550 10
2448 2550 2549 10
2449 2450 2550 10
2550 2450 2551 10
2450 2451 2552 10
2450 2552 2551 10
2451 2452 2552 10
2552 2452 2553 10
2452 2453 2554 10
2452 2554 2553 10
2453 2454 2554 10
2554 2454 2555 10
2454 2455 2556 10
2454 2556 2555 10
2455 2456 2556 10
2556 2456 2557 10
2456 2457 2558 10
2456 2558 2557 10
2457 2458 2558 10
2558 2458 2559 10
2458 2459 2560 10
2458 2560 2559 10
2459 2460 2560 10
2560 2460 2561 10
2460 2461 2562 10
2460 2562 2561 10
2461 2462 2562 10
2562 2462 2563 10
2462 2463 2564 10
2462 2564 2563 10
2463 2464 2564 10
2564 2464 2565 10
2464 2465 2566 10
2464 2566 2565 10
2465 2466 2566 10
2566 2466 2567 10
2466 2467 2568 10
2466 2568 2567 10
2467 2468 2568 10
2568 2468 2569 10
2468 2469 2570 10
2468 2570 2569 10
2469 2470 2570 10
2570 2470 2571 10
2470 2471 2572 10
2470 2572 2571 10
2471 2472 2572 10
2572 2472 2573 10
2472 2473 2574 10
2472 2574 2573 10
2473 2474 2574 10
2574 2474 2575 10
2474 2475 2576 10
2474 2576 2575 10
2475 2476 2576 10
2576 2476 2577 10
2476 2477 2578 10
2476 2578 2577 10
2477 2478 2578 10
2578 2478 2579 10
2478 2479 2580 10
2478 2580 2579 10
2479 2480 2580 10
2580 2480 2581 10
2480 2481 2582 10
2480 2582 2581 10
2481 2482 2582 10
2582 2482 2583 10
2482 2483 2584 10
2482 2584 2583 10
2483 2484 2584 10
2584 2484 2585 10
2484 2485 2586 10
2484 2586 2585 10
2485 2486 2586 10
2586 2486 2587 10
2486 2487 2588 10
2486 2588 2587 10
2487 2488 2588 10
2588 2488 2589 10
2488 2489 2590 10
2488 2590 2589 10
2489 2490 2590 10
2590 2490 2591 10
2490 2491 2592 10
2490 2592 2591 10
2491 2492 2592 10
2592 2492 2593 10
2492 2493 2594 10
2492 2594 2593 10
2493 2494 2594 10
2594 2494 2595 10
2494 2495 2596 10
2494 2596 2595 10
2495 2496 2596 10
2596 2496 2597 10
2496 2497 2598 10
2496 2598 2597 10
2497 2498 2598 10
2598 2498 2599 10
2498 2499 2600 10
2498 2600 2599 10
2499 2500 2600 10
2600 2500 2601 10
2500 2501 2602 10
2500 2602 2601 10
2501 2502 2602 10
2602 2502 2603 10
2502 2503 2604 10
2502 2604 2603 10
2503 2504 2604 10
2604 2504 2605 10
2504 2505 2606 10
2504 2606 2605 10
2505 2506 2606 10
2606 2506 2607 10
2506 2507 2608 10
2506 2608 2607 10
2507 2508 2608 10
2608 2508 2609 10
2508 2509 2610 10
2508 2610 2609 10
2509 2510 2610 10
2610 2510 2611 10
2510 2511 2612 10
2510 2612 2611 10
2511 2512 2612 10
2612 2512 2613 10
2512 2513 2614 10
2512 2614 2613 10
2513 2514 2614 10
2614 2514 2615 10
2514 2515 2616 10
2514 2616 2615 10
2515 2516 2616 10
2616 2516 2617 10
2516 2517 2618 10
2516 2618 2617 10
2517 2518 2618 10
2618 2518 2619 10
2518 2519 2620 10
2518 2620 2619 10
2519 2520 2620 10
2620 2520 2621 10
2520 2521 2622 10
2520 2622 2621 10
2521 2522 2622 10
2622 2522 2623 10
2522 2523 2624 10
2522 2624 2623 10
2523 2524 2624 10
2624 2524 2625 10
2524 2525 2626 10
2524 2626 2625 10
2526 2527 2628 10
2526 2628 2627 10
2527 2528 2628 10
2628 2528 2629 10
2528 2529 2630 10
2528 2630 2629 10
2529 2530 2630 10
2630 2530 2631 10
2530 2531 2632 10
2530 2632 2631 10
2531 2532 2632 10
2632 2532 2633 10
2532 2533 2634 10
2532 2634 2633 10
2533 2534 2634 10
2634 2534 2635 10
2534 2535 2636 10
2534 2636 2635 10
2535 2536 2636 10
2636 2536 2637 10
2536 2537 2638 10
2536 2638 2637 10
2537 2538 2638 10
2638 2538 2639 10
2538 2539 2640 10
2538 2640 2639 10
2539 2540 2640 10
2640 2540 2641 10
2540 2541 2642 10
2540 2642 2641 10
2541 2542 2642 10
2642 2542 2643 10
2542 2543 2644 10
2542 2644 2643 10
2543 2544 2644 10
2644 2544 2645 10
2544 2545 2646 10
2544 2646 2645 10
2545 2546 2646 10
2646 2546 2647 10
2546 2547 2648 10
2546 2648 2647 10
2547 2548 2648 10
2648 2548 2649 10
2548 2549 2650 10
2548 2650 2649 10
2549 2550 2650 10
2650 2550 2651 10
2550 2551 2652 10
2550 2652 2651 10
2551 2552 2652 10
2652 2552 2653 10
2552 2553 2654 10
2552 2654 2653 10
2553 2554 2654 10
2654 2554 2655 10
2554 2555 2656 10
2554 2656 2655 10
2555 2556 2656 10
2656 2556 2657 10
2556 2557 2658 10
2556 2658 2657 10
2557 2558 2658 10
2658 2558 2659 10
2558 2559 2660 10
2558 2660 2659 10
2559 2560 2660 10
2660 2560 2661 10
2560 2561 2662 10
2560 2662 2661 10
2561 2562 2662 10
2662 2562 2663 10
2562 2563 2664 10
2562 2664 2663 10
2563 2564 2664 10
2664 2564 2665 10
2564 2565 2666 10
2564 2666 2665 10
2565 2566 2666 10
2666 2566 2667 10
2566 2567 2668 10
2566 2668 2667 10
2567 2568 2668 10
2668 2568 2669 10
2568 2569 2670 10
2568 2670 2669 10
2569 2570 2670 10
2670 2570 2671 10
2570 2571 2672 10
2570 2672 2671 10
2571 2572 2672 10
2672 2572 2673 10
2572 2573 2674 10
2572 2674 2673 10
2573 2574 2674 10
2674 2574 2675 10
2574 2575 2676 10
2574 2676 2675 10
2575 2576 2676 10
2676 2576 2677 10
2576 2577 2678 10
2576 2678 2677 10
2577 2578 2678 10
2678 2578 2679 10
2578 2579 2680 10
2578 2680 2679 10
2579 2580 2680 10
2680 2580 2681 10
2580 2581 2682 10
2580 2682 2681 10
2581 2582 2682 10
2682 2582 2683 10
2582 2583 2684 10
2582 2684 2683 10
2583 2584 2684 10
2684 2584 2685 10
2584 2585 2686 10
2584 2686 2685 10
2585 2586 2686 10
2686 2586 2687 10
2586 2587 2688 10
2586 2688 2687 10
2587 2588 2688 10
2688 2588 2689 10
2588 2589 2690 10
2588 2690 2689 10
2589 2590 2690 10
2690 2590 2691 10
2590 2591 2692 10
2590 2692 2691 10
2591 2592 2692 10
2692 2592 2693 10
2592 2593 2694 10
2592 2694 2693 10
2593 2594 2694 10
2694 2594 2695 10
2594 2595 2696 10
2594 2696 2695 10
2595 2596 2696 10
2696 2596 2697 10
2596 2597 2698 10
2596 2698 2697 10
2597 2598 2698 10
2698 2598 2699 10
2598 2599 2700 10
2598 2700 2699 10
2599 2600 2700 10
2700 2600 2701 10
2600 2601 2702 10
2600 2702 2701 10
2601 2602 2702 10
2702 2602 2703 10
2602 2603 2704 10
2602 2704 2703 10
2603 2604 2704 10
2704 2604 2705 10
2604 2605 2706 10
2604 2706 2705 10
2605 2606 2706 10
2706 2606 2707 10
2606 2607 2708 10
2606 2708 2707 10
2607 2608 2708 10
2708 2608 2709 10
2608 2609 2710 10
2608 2710 2709 10
2609 2610 2710 10
2710 2610 2711 10
2610 2611 2712 10
2610 2712 2711 10
2611 2612 2712 10
2712 2612 2713 10
2612 2613 2714 10
2612 2714 2713 10
2613 2614 2714 10
2714 2614 2715 10
2614 2615 2716 10
2614 2716 2715 10
2615 2616 2716 10
2716 2616 2717 10
2616 2617 2718 10
2616 2718 2717 10
2617 2618 2718 10
2718 2618 2719 10
2618 2619 2720 10
2618 2720 2719 10
2619 2620 2720 10
2720 2620 2721 10
2620 2621 2722 10
2620 2722 2721 10
2621 2622 2722 10
2722 2622 2723 10
2622 2623 2724 10
2622 2724 2723 10
2623 2624 2724 10
2724 2624 2725 10
2624 2625 2726 10
2624 2726 2725 10
2625 2626 2726 10
2726 2626 2727 10
2627 2628 2728 10
2728 2628 2729 10
2628 2629 2730 10
2628 2730 2729 10
2629 2630 2730 10
2730 2630 2731 10
2630 2631 2732 10
2630 2732 2731 10
2631 2632 2732 10
2732 2632 2733 10
2632 2633 2734 10
2632 2734 2733 10
2633 2634 2734 10
2734 2634 2735 10
2634 2635 2736 10
2634 2736 2735 10
2635 2636 2736 10
2736 2636 2737 10
2636 2637 2738 10
2636 2738 2737 10
2637 2638 2738 10
2738 2638 2739 10
2638 2639 2740 10
2638 2740 2739 10
2639 2640 2740 10
2740 2640 2741 10
2640 2641 2742 10
2640 2742 2741 10
2641 2642 2742 10
2742 2642 2743 10
2642 2643 2744 10
2642 2744 2743 10
2643 2644 2744 10
2744 2644 2745 10
2644 2645 2746 10
2644 2746 2745 10
2645 2646 2746 10
2746 2646 2747 10
2646 2647 2748 10
2646 2748 2747 10
2647 2648 2748 10
2748 2648 2749 10
2648 2649 2750 10
2648 2750 2749 10
2649 2650 2750 10
2750 2650 2751 10
2650 2651 2752 10
2650 2752 2751 10
2651 2652 2752 10
2752 2652 2753 10
2652 2653 2754 10
2652 2754 2753 10
2653 2654 2754 10
2754 2654 2755 10
2654 2655 2756 10
2654 2756 2755 10
2655 2656 2756 10
2756 2656 2757 10
2656 2657 2758 10
2656 2758 2757 10
2657 2658 2758 10
2758 2658 2759 10
2658 2659 2760 10
2658 2760 2759 10
2659 2660 2760 10
2760 2660 2761 10
2660 2661 2762 10
2660 2762 2761 10
2661 2662 2762 10
2762 2662 2763 10
2662 2663 2764 10
2662 2764 2763 10
2663 2664 2764 10
2764 2664 2765 10
2664 2665 2766 10
2664 2766 2765 10
2665 2666 2766 10
2766 2666 2767 10
2666 2667 2768 10
2666 2768 2767 10
2667 2668 2768 10
2768 2668 2769 10
2668 2669 2770 10
2668 2770 2769 10
2669 2670 2770 10
2770 2670 2771 10
2670 2671 2772 10
2670 2772 2771 10
2671 2672 2772 10
2772 2672 2773 10
2672 2673 2774 10
2672 2774 2773 10
2673 2674 2774 10
2774 2674 2775 10
2674 2675 2776 10
2674 2776 2775 10
2675 2676 2776 10
2776 2676 2777 10
2676 2677 2778 10
2676 2778 2777 10
2677 2678 2778 10
2778 2678 2779 10
2678 2679 2780 10
2678 2780 2779 10
2679 2680 2780 10
2780 2680 2781 10
2680 2681 2782 10
2680 2782 2781 10
2681 2682 2782 10
2782 2682 2783 10
2682 2683 2784 10
2682 2784 2783 10
2683 2684 2784 10
2784 2684 2785 10
2684 2685 2786 10
2684 2786 2785 10
2685 2686 2786 10
2786 2686 2787 10
2686 2687 2788 10
2686 2788 2787 10
2687 2688 2788 10
2788 2688 2789 10
2688 2689 2790 10
2688 2790 2789 10
2689 2690 2790 10
2790 2690 2791 10
2690 2691 2792 10
2690 2792 2791 10
2691 2692 2792 10
2792 2692 2793 10
2692 2693 2794 10
2692 2794 2793 10
2693 2694 2794 10
2794 2694 2795 10
2694 2695 2796 10
2694 2796 2795 10
2695 2696 2796 10
2796 2696 2797 10
2696 2697 2798 10
2696 2798 2797 10
2697 2698 2798 10
2798 2698 2799 10
2698 2699 2800 10
2698 2800 2799 10
2699 2700 2800 10
2800 2700 2801 10
2700 2701 2802 10
2700 2802 2801 10
2701 2702 2802 10
2802 2702 2803 10
2702 2703 2804 10
2702 2804 2803 10
2703 2704 2804 10
2804 2704 2805 10
2704 2705 2806 10
2704 2806 2805 10
2705 2706 2806 10
2806 2706 2807 10
2706 2707 2808 10
2706 2808 2807 10
2707 2708 2808 10
2808 2708 2809 10
2708 2709 2810 10
2708 2810 2809 10
2709 2710 2810 10
2810 2710 2811 10
2710 2711 2812 10
2710 2812 2811 10
2711 2712 2812 10
2812 2712 2813 10
2712 2713 2814 10
2712 2814 2813 10
2713 2714 2814 10
2814 2714 2815 10
2714 2715 2816 10
2714 2816 2815 10
2715 2716 2816 10
2816 2716 2817 10
2716 2717 2818 10
2716 2818 2817 10
2717 2718 2818 10
2818 2718 2819 10
2718 2719 2820 10
2718 2820 2819 10
2719 2720 2820 10
2820 2720 2821 10
2720 2721 2822 10
2720 2822 2821 10
2721 2722 2822 10
2822 2722 2823 10
2722 2723 2824 10
2722 2824 2823 10
2723 2724 2824 10
2824 2724 2825 10
2724 2725 2826 10
2724 2826 2825 10
2725 2726 2826 10
2826 2726 2827 10
2726 2727 2828 10
2726 2828 2827 10
2728 2729 2830 10
2728 2830 2829 10
2729 2730 2830 10
2830 2730 2831 10
2730 2731 2832 10
2730 2832 2831 10
2731 2732 2832 10
2832 2732 2833 10
2732 2733 2834 10
2732 2834 2833 10
2733 2734 2834 10
2834 2734 2835 10
2734 2735 2836 10
2734 2836 2835 10
2735 2736 2836 10
2836 2736 2837 10
2736 2737 2838 10
2736 2838 2837 10
2737 2738 2838 10
2838 2738 2839 10
2738 2739 2840 10
2738 2840 2839 10
2739 2740 2840 10
2840 2740 2841 10
2740 2741 2842 10
2740 2842 2841 10
2741 2742 2842 10
2842 2742 2843 10
2742 2743 2844 10
2742 2844 2843 10
2743 2744 2844 10
2844 2744 2845 10
2744 2745 2846 10
2744 2846 2845 10
2745 2746 2846 10
2846 2746 2847 10
2746 2747 2848 10
2746 2848 2847 10
2747 2748 2848 10
2848 2748 2849 10
2748 2749 2850 10
2748 2850 2849 10
2749 2750 2850 10
2850 2750 2851 10
2750 2751 2852 10
2750 2852 2851 10
2751 2752 2852 10
2852 2752 2853 10
2752 2753 2854 10
2752 2854 2853 10
2753 2754 2854 10
2854 2754 2855 10
2754 2755 2856 10
2754 2856 2855 10
2755 2756 2856 10
2856 2756 2857 10
2756 2757 2858 10
2756 2858 2857 10
2757 2758 2858 10
2858 2758 2859 10
2758 2759 2860 10
2758 2860 2859 10
2759 2760 2860 10
2860 2760 2861 10
2760 2761 2862 10
2760 2862 2861 10
2761 2762 2862 10
2862 2762 2863 10
2762 2763 2864 10
2762 2864 2863 10
2763 2764 2864 10
2864 2764 2865 10
2764 2765 2866 10
2764 2866 2865 10
2765 2766 2866 10
2866 2766 2867 10
2766 2767 2868 10
2766 2868 2867 10
2767 2768 2868 10
2868 2768 2869 10
2768 2769 2870 10
2768 2870 2869 10
2769 2770 2870 10
2870 2770 2871 10
2770 2771 2872 10
2770 2872 2871 10
2771 2772 2872 10
2872 2772 2873 10
2772 2773 2874 10
2772 2874 2873 10
2773 2774 2874 10
2874 2774 2875 10
2774 2775 2876 10
2774 2876 2875 10
2775 2776 2876 10
2876 2776 2877 10
2776 2777 2878 10
2776 2878 2877 10
2777 2778 2878 10
2878 2778 2879 10
2778 2779 2880 10
2778 2880 2879 10
2779 2780 2880 10
2880 2780 2881 10
2780 2781 2882 10
2780 2882 2881 10
2781 2782 2882 10
2882 2782 2883 10
2782 2783 2884 10
2782 2884 2883 10
2783 2784 2884 10
2884 2784 2885 10
2784 2785 2886 10
2784 2886 2885 10
2785 2786 2886 10
2886 2786 2887 10
2786 2787 2888 10
2786 2888 2887 10
2787 2788 2888 10
2888 2788 2889 10
2788 2789 2890 10
2788 2890 2889 10
2789 2790 2890 10
2890 2790 2891 10
2790 2791 2892 10
2790 2892 2891 10
2791 2792 2892 10
2892 2792 2893 10
2792 2793 2894 10
2792 2894 2893 10
2793 2794 2894 10
2894 2794 2895 10
2794 2795 2896 10
2794 2896 2895 10
2795 2796 2896 10
2896 2796 2897 10
2796 2797 2898 10
2796 2898 2897 10
2797 2798 2898 10
2898 2798 2899 10
2798 2799 2900 10
2798 2900 2899 10
2799 2800 2900 10
2900 2800 2901 10
2800 2801 2902 10
2800 2902 2901 10
2801 2802 2902 10
2902 2802 2903 10
2802 2803 2904 10
2802 2904 2903 10
2803 2804 2904 10
2904 2804 2905 10
2804 2805 2906 10
2804 2906 2905 10
2805 2806 2906 10
2906 2806 2907 10
2806 2807 2908 10
2806 2908 2907 10
2807 2808 2908 10
2908 2808 2909 10
2808 2809 2910 10
2808 2910 2909 10
2809 2810 2910 10
2910 2810 2911 10
2810 2811 2912 10
2810 2912 2911 10
2811 2812 2912 10
2912 2812 2913 10
2812 2813 2914 10
2812 2914 2913 10
2813 2814 2914 10
2914 2814 2915 10
2814 2815 2916 10
2814 2916 2915 10
2815 2816 2916 10
2916 2816 2917 10
2816 2817 2918 10
2816 2918 2917 10
2817 2818 2918 10
2918 2818 2919 10
2818 2819 2920 10
2818 2920 2919 10
2819 2820 2920 10
2920 2820 2921 10
2820 2821 2922 10
2820 2922 2921 10
2821 2822 2922 10
2922 2822 2923 10
2822 2823 2924 10
2822 2924 2923 10
2823 2824 2924 10
2924 2824 2925 10
2824 2825 2926 10
2824 2926 2925 10
2825 2826 2926 10
2926 2826 2927 10
2826 2827 2928 10
2826 2928 2927 10
2827 2828 2928 10
2928 2828 2929 10
2829 2830 2930 10
2930 2830 2931 10
2830 2831 2932 10
2830 2932 2931 10
2831 2832 2932 10
2932 2832 2933 10
2832 2833 2934 10
2832 2934 2933 10
2833 2834 2934 10
2934 2834 2935 10
2834 2835 2936 10
2834 2936 2935 10
2835 2836 2936 10
2936 2836 2937 10
2836 2837 2938 10
2836 2938 2937 10
2837 2838 2938 10
2938 2838 2939 10
2838 2839 2940 10
2838 2940 2939 10
2839 2840 2940 10
2940 2840 2941 10
2840 2841 2942 10
2840 2942 2941 10
2841 2842 2942 10
2942 2842 2943 10
2842 2843 2944 10
2842 2944 2943 10
2843 2844 2944 10
2944 2844 2945 10
2844 2845 2946 10
2844 2946 2945 10
2845 2846 2946 10
2946 2846 2947 10
2846 2847 2948 10
2846 2948 2947 10
2847 2848 2948 10
2948 2848 2949 10
2848 2849 2950 10
2848 2950 2949 10
2849 2850 2950 10
2950 2850 2951 10
2850 2851 2952 10
2850 2952 2951 10
2851 2852 2952 10
2952 2852 2953 10
2852 2853 2954 10
2852 2954 2953 10
2853 2854 2954 10
2954 2854 2955 10
2854 2855 2956 10
2854 2956 2955 10
2855 2856 2956 10
2956 2856 2957 10
2856 2857 2958 10
2856 2958 2957 10
2857 2858 2958 10
2958 2858 2959 10
2858 2859 2960 10
2858 2960 2959 10
2859 2860 2960 10
2960 2860 2961 10
2860 2861 2962 10
2860 2962 2961 10
2861 2862 2962 10
2962 2862 2963 10
2862 2863 2964 10
2862 2964 2963 10
2863 2864 2964 10
2964 2864 2965 10
2864 2865 2966 10
2864 2966 2965 10
2865 2866 2966 10
2966 2866 2967 10
2866 2867 2968 10
2866 2968 2967 10
2867 2868 2968 10
2968 2868 2969 10
2868 2869 2970 10
2868 2970 2969 10
2869 2870 2970 10
2970 2870 2971 10
2870 2871 2972 10
2870 2972 2971 10
2871 2872 2972 10
2972 2872 2973 10
2872 2873 2974 10
2872 2974 2973 10
2873 2874 2974 10
2974 2874 2975 10
2874 2875 2976 10
2874 2976 2975 10
2875 2876 2976 10
2976 2876 2977 10
2876 2877 2978 10
2876 2978 2977 10
2877 2878 2978 10
2978 2878 2979 10
2878 2879 2980 10
2878 2980 2979 10
2879 2880 2980 10
2980 2880 2981 10
2880 2881 2982 10
2880 2982 2981 10
2881 2882 2982 10
2982 2882 2983 10
2882 2883 2984 10
2882 2984 2983 10
2883 2884 2984 10
2984 2884 2985 10
2884 2885 2986 10
2884 2986 2985 10
2885 2886 2986 10
2986 2886 2987 10
2886 2887 2988 10
2886 2988 2987 10
2887 2888 2988 10
2988 2888 2989 10
2888 2889 2990 10
2888 2990 2989 10
2889 2890 2990 10
2990 2890 2991 10
2890 2891 2992 10
2890 2992 2991 10
2891 2892 2992 10
2992 2892 2993 10
2892 2893 2994 10
2892 2994 2993 10
2893 2894 2994 10
2994 2894 2995 10
2894 2895 2996 10
2894 2996 2995 10
2895 2896 2996 10
2996 2896 2997 10
2896 2897 2998 10
2896 2998 2997 10
2897 2898 2998 10
2998 2898 2999 10
2898 2899 3000 10
2898 3000 2999 10
2899 2900 3000 10
3000 2900 3001 10
2900 2901 3002 10
2900 3002 3001 10
2901 2902 3002 10
3002 2902 3003 10
2902 2903 3004 10
2902 3004 3003 10
2903 2904 3004 10
3004 2904 3005 10
2904 2905 3006 10
2904 3006 3005 10
2905 2906 3006 10
3006 2906 3007 10
2906 2907 3008 10
2906 3008 3007 10
2907 2908 3008 10
3008 2908 3009 10
2908 2909 3010 10
2908 3010 3009 10
2909 2910 3010 10
3010 2910 3011 10
2910 2911 3012 10
2910 3012 3011 10
2911 2912 3012 10
3012 2912 3013 10
2912 2913 3014 10
2912 3014 3013 10
2913 2914 3014 10
3014 2914 3015 10
2914 2915 3016 10
2914 3016 3015 10
2915 2916 3016 10
3016 2916 3017 10
2916 2917 3018 10
2916 3018 3017 10
2917 2918 3018 10
3018 2918 3019 10
2918 2919 3020 10
2918 3020 3019 10
2919 2920 3020 10
3020 2920 3021 10
2920 2921 3022 10
2920 3022 3021 10
2921 2922 3022 10
3022 2922 3023 10
2922 2923 3024 10
2922 3024 3023 10
2923 2924 3024 10
3024 2924 3025 10
2924 2925 3026 10
2924 3026 3025 10
2925 2926 3026 10
3026 2926 3027 10
2926 2927 3028 10
2926 3028 3027 10
2927 2928 3028 10
3028 2928 3029 10
2928 2929 3030 10
2928 3030 3029 10
2930 2931 3032 10
2930 3032 3031 10
2931 2932 3032 10
3032 2932 3033 10
2932 2933 3034 10
2932 3034 3033 10
2933 2934 3034 10
3034 2934 3035 10
2934 2935 3036 10
2934 3036 3035 10
2935 2936 3036 10
3036 2936 3037 10
2936 2937 3038 10
2936 3038 3037 10
2937 2938 3038 10
3038 2938 3039 10
2938 2939 3040 10
2938 3040 3039 10
2939 2940 3040 10
3040 2940 3041 10
2940 2941 3042 10
2940 3042 3041 10
2941 2942 3042 10
3042 2942 3043 10
2942 2943 3044 10
2942 3044 3043 10
2943 2944 3044 10
3044 2944 3045 10
2944 2945 3046 10
2944 3046 3045 10
2945 2946 3046 10
3046 2946 3047 10
2946 2947 3048 10
2946 3048 3047 10
2947 2948 3048 10
3048 2948 3049 10
2948 2949 3050 10
2948 3050 3049 10
2949 2950 3050 10
3050 2950 3051 10
2950 2951 3052 10
2950 3052 3051 10
2951 2952 3052 10
3052 2952 3053 10
2952 2953 3054 10
2952 3054 3053 10
2953 2954 3054 10
3054 2954 3055 10
2954 2955 3056 10
2954 3056 3055 10
2955 2956 3056 10
3056 2956 3057 10
2956 2957 3058 10
2956 3058 3057 10
2957 2958 3058 10
3058 2958 3059 10
2958 2959 3060 10
2958 3060 3059 10
2959 2960 3060 10
3060 2960 3061 10
2960 2961 3062 10
2960 3062 3061 10
2961 2962 3062 10
3062 2962 3063 10
2962 2963 3064 10
2962 3064 3063 10
2963 2964 3064 10
3064 2964 3065 10
2964 2965 3066 10
2964 3066 3065 10
2965 2966 3066 10
3066 2966 3067 10
2966 2967 3068 10
2966 3068 3067 10
2967 2968 3068 10
3068 2968 3069 10
2968 2969 3070 10
2968 3070 3069 10
2969 2970 3070 10
3070 2970 3071 10
2970 2971 3072 10
2970 3072 3071 10
2971 2972 3072 10
3072 2972 3073 10
2972 2973 3074 10
2972 3074 3073 10
2973 2974 3074 10
3074 2974 3075 10
2974 2975 3076 10
2974 3076 3075 10
2975 2976 3076 10
3076 2976 3077 10
2976 2977 3078 10
2976 3078 3077 10
2977 2978 3078 10
3078 2978 3079 10
2978 2979 3080 10
2978 3080 3079 10
2979 2980 3080 10
3080 2980 3081 10
2980 2981 3082 10
2980 3082 3081 10
2981 2982 3082 10
3082 2982 3083 10
2982 2983 3084 10
2982 3084 3083 10
2983 2984 3084 10
3084 2984 3085 10
2984 2985 3086 10
2984 3086 3085 10
2985 2986 3086 10
3086 2986 3087 10
2986 2987 3088 10
2986 3088 3087 10
2987 2988 3088 10
3088 2988 3089 10
2988 2989 3090 10
2988 3090 3089 10
2989 2990 3090 10
3090 2990 3091 10
2990 2991 3092 10
2990 3092 3091 10
2991 2992 3092 10
3092 2992 3093 10
2992 2993 3094 10
2992 3094 3093 10
2993 2994 3094 10
3094 2994 3095 10
2994 2995 3096 10
2994 3096 3095 10
2995 2996 3096 10
3096 2996 3097 10
2996 2997 3098 10
2996 3098 3097 10
2997 2998 3098 10
3098 2998 3099 10
2998 2999 3100 10
2998 3100 3099 10
2999 3000 3100 10
3100 3000 3101 10
3000 3001 3102 10
3000 3102 3101 10
3001 3002 3102 10
3102 3002 3103 10
3002 3003 3104 10
3002 3104 3103 10
3003 3004 3104 10
3104 3004 3105 10
3004 3005 3106 10
3004 3106 3105 10
3005 3006 3106 10
3106 3006 3107 10
3006 3007 3108 10
3006 3108 3107 10
3007 3008 3108 10
3108 3008 3109 10
3008 3009 3110 10
3008 3110 3109 10
3009 3010 3110 10
3110 3010 3111 10
3010 3011 3112 10
3010 3112 3111 10
3011 3012 3112 10
3112 3012 3113 10
3012 3013 3114 10
3012 3114 3113 10
3013 3014 3114 10
3114 3014 3115 10
3014 3015 3116 10
3014 3116 3115 10
3015 3016 3116 10
3116 3016 3117 10
3016 3017 3118 10
3016 3118 3117 10
3017 3018 3118 10
3118 3018 3119 10
3018 3019 3120 10
3018 3120 3119 10
3019 3020 3120 10
3120 3020 3121 10
3020 3021 3122 10
3020 3122 3121 10
3021 3022 3122 10
3122 3022 3123 10
3022 3023 3124 10
3022 3124 3123 10
3023 3024 3124 10
3124 3024 3125 10
3024 3025 3126 10
3024 3126 3125 10
3025 3026 3126 10
3126 3026 3127 10
3026 3027 3128 10
3026 3128 3127 10
3027 3028 3128 10
3128 3028 3129 10
3028 3029 3130 10
3028 3130 3129 10
3029 3030 3130 10
3130 3030 3131 10
3031 3032 3132 10
3132 3032 3133 10
3032 3033 3134 10
3032 3134 3133 10
3033 3034 3134 10
3134 3034 3135 10
3034 3035 3136 10
3034 3136 3135 10
3035 3036 3136 10
3136 3036 3137 10
3036 3037 3138 10
3036 3138 3137 10
3037 3038 3138 10
3138 3038 3139 10
3038 3039 3140 10
3038 3140 3139 10
3039 3040 3140 10
3140 3040 3141 10
3040 3041 3142 10
3040 3142 3141 10
3041 3042 3142 10
3142 3042 3143 10
3042 3043 3144 10
3042 3144 3143 10
3043 3044 3144 10
3144 3044 3145 10
3044 3045 3146 10
3044 3146 3145 10
3045 3046 3146 10
3146 3046 3147 10
3046 3047 3148 10
3046 3148 3147 10
3047 3048 3148 10
3148 3048 3149 10
3048 3049 3150 10
3048 3150 3149 10
3049 3050 3150 10
3150 3050 3151 10
3050 3051 3152 10
3050 3152 3151 10
3051 3052 3152 10
3152 3052 3153 10
3052 3053 3154 10
3052 3154 3153 10
3053 3054 3154 10
3154 3054 3155 10
3054 3055 3156 10
3054 3156 3155 10
3055 3056 3156 10
3156 3056 3157 10
3056 3057 3158 10
3056 3158 3157 10
3057 3058 3158 10
3158 3058 3159 10
3058 3059 3160 10
3058 3160 3159 10
3059 3060 3160 10
3160 3060 3161 10
3060 3061 3162 10
3060 3162 3161 10
3061 3062 3162 10
3162 3062 3163 10
3062 3063 3164 10
3062 3164 3163 10
3063 3064 3164 10
3164 3064 3165 10
3064 3065 3166 10
3064 3166 3165 10
3065 3066 3166 10
3166 3066 3167 10
3066 3067 3168 10
3066 3168 3167 10
3067 3068 3168 10
3168 3068 3169 10
3068 3069 3170 10
3068 3170 3169 10
3069 3070 3170 10
3170 3070 3171 10
3070 3071 3172 10
3070 3172 3171 10
3071 3072 3172 10
3172 3072 3173 10
3072 3073 3174 10
3072 3174 3173 10
3073 3074 3174 10
3174 3074 3175 10
3074 3075 3176 10
3074 3176 3175 10
3075 3076 3176 10
3176 3076 3177 10
3076 3077 3178 10
3076 3178 3177 10
3077 3078 3178 10
3178 3078 3179 10
3078 3079 3180 10
3078 3180 3179 10
3079 3080 3180 10
3180 3080 3181 10
3080 3081 3182 10
3080 3182 3181 10
3081 3082 3182 10
3182 3082 3183 10
3082 3083 3184 10
3082 3184 3183 10
3083 3084 3184 10
3184 3084 3185 10
3084 3085 3186 10
3084 3186 3185 10
3085 3086 3186 10
3186 3086 3187 10
3086 3087 3188 10
3086 3188 3187 10
3087 3088 3188 10
3188 3088 3189 10
3088 3089 3190 10
3088 3190 3189 10
3089 3090 3190 10
3190 3090 3191 10
3090 3091 3192 10
3090 3192 3191 10
3091 3092 3192 10
3192 3092 3193 10
3092 3093 3194 10
3092 3194 3193 10
3093 3094 3194 10
3194 3094 3195 10
3094 3095 3196 10
3094 3196 3195 10
3095 3096 3196 10
3196 3096 3197 10
3096 3097 3198 10
3096 3198 3197 10
3097 3098 3198 10
3198 3098 3199 10
3098 3099 3200 10
3098 3200 3199 10
3099 3100 3200 10
3200 3100 3201 10
3100 3101 3202 10
3100 3202 3201 10
3101 3102 3202 10
3202 3102 3203 10
3102 3103 3204 10
3102 3204 3203 10
3103 3104 3204 10
3204 3104 3205 10
3104 3105 3206 10
3104 3206 3205 10
3105 3106 3206 10
3206 3106 3207 10
3106 3107 3208 10
3106 3208 3207 10
3107 3108 3208 10
3208 3108 3209 10
3108 3109 3210 10
3108 3210 3209 10
3109 3110 3210 10
3210 3110 3211 10
3110 3111 3212 10
3110 3212 3211 10
3111 3112 3212 10
3212 3112 3213 10
3112 3113 3214 10
3112 3214 3213 10
3113 3114 3214 10
3214 3114 3215 10
3114 3115 3216 10
3114 3216 3215 10
3115 3116 3216 10
3216 3116 3217 10
3116 3117 3218 10
3116 3218 3217 10
3117 3118 3218 10
3218 3118 3219 10
3118 3119 3220 10
3118 3220 3219 10
3119 3120 3220 10
3220 3120 3221 10
3120 3121 3222 10
3120 3222 3221 10
3121 3122 3222 10
3222 3122 3223 10
3122 3123 3224 10
3122 3224 3223 10
3123 3124 3224 10
3224 3124 3225 10
3124 3125 3226 10
3124 3226 3225 10
3125 3126 3226 10
3226 3126 3227 10
3126 3127 3228 10
3126 3228 3227 10
3127 3128 3228 10
3228 3128 3229 10
3128 3129 3230 10
3128 3230 3229 10
3129 3130 3230 10
3230 3130 3231 10
3130 3131 3232 10
3130 3232 3231 10
3132 3133 3234 10
3132 3234 3233 10
3133 3134 3234 10
3234 3134 3235 10
3134 3135 3236 10
3134 3236 3235 10
3135 3136 3236 10
3236 3136 3237 10
3136 3137 3238 10
3136 3238 3237 10
3137 3138 3238 10
3238 3138 3239 10
3138 3139 3240 10
3138 3240 3239 10
3139 3140 3240 10
3240 3140 3241 10
3140 3141 3242 10
3140 3242 3241 10
3141 3142 3242 10
3242 3142 3243 10
3142 3143 3244 10
3142 3244 3243 10
3143 3144 3244 10
3244 3144 3245 10
3144 3145 3246 10
3144 3246 3245 10
3145 3146 3246 10
3246 3146 3247 10
3146 3147 3248 10
3146 3248 3247 10
3147 3148 3248 10
3248 3148 3249 10
3148 3149 3250 10
3148 3250 3249 10
3149 3150 3250 10
3250 3150 3251 10
3150 3151 3252 10
3150 3252 3251 10
3151 3152 3252 10
3252 3152 3253 10
3152 3153 3254 10
3152 3254 3253 10
3153 3154 3254 10
3254 3154 3255 10
3154 3155 3256 10
3154 3256 3255 10
3155 3156 3256 10
3256 3156 3257 10
3156 3157 3258 10
3156 3258 3257 10
3157 3158 3258 10
3258 3158 3259 10
3158 3159 3260 10
3158 3260 3259 10
3159 3160 3260 10
3260 3160 3261 10
3160 3161 3262 10
3160 3262 3261 10
3161 3162 3262 10
3262 3162 3263 10
3162 3163 3264 10
3162 3264 3263 10
3163 3164 3264 10
3264 3164 3265 10
3164 3165 3266 10
3164 3266 3265 10
3165 3166 3266 10
3266 3166 3267 10
3166 3167 3268 10
3166 3268 3267 10
3167 3168 3268 10
3268 3168 3269 10
3168 3169 3270 10
3168 3270 3269 10
3169 3170 3270 10
3270 3170 3271 10
3170 3171 3272 10
3170 3272 3271 10
3171 3172 3272 10
3272 3172 3273 10
3172 3173 3274 10
3172 3274 3273 10
3173 3174 3274 10
3274 3174 3275 10
3174 3175 3276 10
3174 3276 3275 10
3175 3176 3276 10
3276 3176 3277 10
3176 3177 3278 10
3176 3278 3277 10
3177 3178 3278 10
3278 3178 3279 10
3178 3179 3280 10
3178 3280 3279 10
3179 3180 3280 10
3280 3180 3281 10
3180 3181 3282 10
3180 3282 3281 10
3181 3182 3282 10
3282 3182 3283 10
3182 3183 3284 10
3182 3284 3283 10
3183 3184 3284 10
3284 3184 3285 10
3184 3185 3286 10
3184 3286 3285 10
3185 3186 3286 10
3286 3186 3287 10
3186 3187 3288 10
3186 3288 3287 10
3187 3188 3288 10
3288 3188 3289 10
3188 3189 3290 10
3188 3290 3289 10
3189 3190 3290 10
3290 3190 3291 10
3190 3191 3292 10
3190 3292 3291 10
3191 3192 3292 10
3292 3192 3293 10
3192 3193 3294 10
3192 3294 3293 10
3193 3194 3294 10
3294 3194 3295 10
3194 3195 3296 10
3194 3296 3295 10
3195 3196 3296 10
3296 3196 3297 10
3196 3197 3298 10
3196 3298 3297 10
3197 3198 3298 10
3298 3198 3299 10
3198 3199 3300 10
3198 3300 3299 10
3199 3200 3300 10
3300 3200 3301 10
3200 3201 3302 10
3200 3302 3301 10
3201 3202 3302 10
3302 3202 3303 10
3202 3203 3304 10
3202 3304 3303 10
3203 3204 3304 10
3304 3204 3305 10
3204 3205 3306 10
3204 3306 3305 10
3205 3206 3306 10
3306 3206 3307 10
3206 3207 3308 10
3206 3308 3307 10
3207 3208 3308 10
3308 3208 3309 10
3208 3209 3310 10
3208 3310 3309 10
3209 3210 3310 10
3310 3210 3311 10
3210 3211 3312 10
3210 3312 3311 10
3211 3212 3312 10
3312 3212 3313 10
3212 3213 3314 10
3212 3314 3313 10
3213 3214 3314 10
3314 3214 3315 10
3214 3215 3316 10
3214 3316 3315 10
3215 3216 3316 10
3316 3216 3317 10
3216 3217 3318 10
3216 3318 3317 10
3217 3218 3318 10
3318 3218 3319 10
3218 3219 3320 10
3218 3320 3319 10
3219 3220 3320 10
3320 3220 3321 10
3220 3221 3322 10
3220 3322 3321 10
3221 3222 3322 10
3322 3222 3323 10
3222 3223 3324 10
3222 3324 3323 10
3223 3224 3324 10
3324 3224 3325 10
3224 3225 3326 10
3224 3326 3325 10
3225 3226 3326 10
3326 3226 3327 10
3226 3227 3328 10
3226 3328 3327 10
3227 3228 3328 10
3328 3228 3329 10
3228 3229 3330 10
3228 3330 3329 10
3229 3230 3330 10
3330 3230 3331 10
3230 3231 3332 10
3230 3332 3331 10
3231 3232 3332 10
3332 3232 3333 10
3233 3234 3334 10
3334 3234 3335 10
3234 3235 3336 10
3234 3336 3335 10
3235 3236 3336 10
3336 3236 3337 10
3236 3237 3338 10
3236 3338 3337 10
3237 3238 3338 10
3338 3238 3339 10
3238 3239 3340 10
3238 3340 3339 10
3239 3240 3340 10
3340 3240 3341 10
3240 3241 3342 10
3240 3342 3341 10
3241 3242 3342 10
3342 3242 3343 10
3242 3243 3344 10
3242 3344 3343 10
3243 3244 3344 10
3344 3244 3345 10
3244 3245 3346 10
3244 3346 3345 10
3245 3246 3346 10
3346 3246 3347 10
3246 3247 3348 10
3246 3348 3347 10
3247 3248 3348 10
3348 3248 3349 10
3248 3249 3350 10
3248 3350 3349 10
3249 3250 3350 10
3350 3250 3351 10
3250 3251 3352 10
3250 3352 3351 10
3251 3252 3352 10
3352 3252 3353 10
3252 3253 3354 10
3252 3354 3353 10
3253 3254 3354 10
3354 3254 3355 10
3254 3255 3356 10
3254 3356 3355 10
3255 3256 3356 10
3356 3256 3357 10
3256 3257 3358 10
3256 3358 3357 10
3257 3258 3358 10
3358 3258 3359 10
3258 3259 3360 10
3258 3360 3359 10
3259 3260 3360 10
3360 3260 3361 10
3260 3261 3362 10
3260 3362 3361 10
3261 3262 3362 10
3362 3262 3363 10
3262 3263 3364 10
3262 3364 3363 10
3263 3264 3364 10
3364 3264 3365 10
3264 3265 3366 10
3264 3366 3365 10
3265 3266 3366 10
3366 3266 3367 10
3266 3267 3368 10
3266 3368 3367 10
3267 3268 3368 10
3368 3268 3369 10
3268 3269 3370 10
3268 3370 3369 10
3269 3270 3370 10
3370 3270 3371 10
3270 3271 3372 10
3270 3372 3371 10
3271 3272 3372 10
3372 3272 3373 10
3272 3273 3374 10
3272 3374 3373 10
3273 3274 3374 10
3374 3274 3375 10
3274 3275 3376 10
3274 3376 3375 10
3275 3276 3376 10
3376 3276 3377 10
3276 3277 3378 10
3276 3378 3377 10
3277 3278 3378 10
3378 3278 3379 10
3278 3279 3380 10
3278 3380 3379 10
3279 3280 3380 10
3380 3280 3381 10
3280 3281 3382 10
3280 3382 3381 10
3281 3282 3382 10
3382 3282 3383 10
3282 3283 3384 10
3282 3384 3383 10
3283 3284 3384 10
3384 3284 3385 10
3284 3285 3386 10
3284 3386 3385 10
3285 3286 3386 10
3386 3286 3387 10
3286 3287 3388 10
3286 3388 3387 10
3287 3288 3388 10
3388 3288 3389 10
3288 3289 3390 10
3288 3390 3389 10
3289 3290 3390 10
3390 3290 3391 10
3290 3291 3392 10
3290 3392 3391 10
3291 3292 3392 10
3392 3292 3393 10
3292 3293 3394 10
3292 3394 3393 10
3293 3294 3394 10
3394 3294 3395 10
3294 3295 3396 10
3294 3396 3395 10
3295 3296 3396 10
3396 3296 3397 10
3296 3297 3398 10
3296 3398 3397 10
3297 3298 3398 10
3398 3298 3399 10
3298 3299 3400 10
3298 3400 3399 10
3299 3300 3400 10
3400 3300 3401 10
3300 3301 3402 10
3300 3402 3401 10
3301 3302 3402 10
3402 3302 3403 10
3302 3303 3404 10
3302 3404 3403 10
3303 3304 3404 10
3404 3304 3405 10
3304 3305 3406 10
3304 3406 3405 10
3305 3306 3406 10
3406 3306 3407 10
3306 3307 3408 10
3306 3408 3407 10
3307 3308 3408 10
3408 3308 3409 10
3308 3309 3410 10
3308 3410 3409 10
3309 3310 3410 10
3410 3310 3411 10
3310 3311 3412 10
3310 3412 3411 10
3311 3312 3412 10
3412 3312 3413 10
3312 3313 3414 10
3312 3414 3413 10
3313 3314 3414 10
3414 3314 3415 10
3314 3315 3416 10
3314 3416 3415 10
3315 3316 3416 10
3416 3316 3417 10
3316 3317 3418 10
3316 3418 3417 10
3317 3318 3418 10
3418 3318 3419 10
3318 3319 3420 10
3318 3420 3419 10
3319 3320 3420 10
3420 3320 3421 10
3320 3321 3422 10
3320 3422 3421 10
3321 3322 3422 10
3422 3322 3423 10
3322 3323 3424 10
3322 3424 3423 10
3323 3324 3424 10
3424 3324 3425 10
3324 3325 3426 10
3324 3426 3425 10
3325 3326 3426 10
3426 3326 3427 10
3326 3327 3428 10
3326 3428 3427 10
3327 3328 3428 10
3428 3328 3429 10
3328 3329 3430 10
3328 3430 3429 10
3329 3330 3430 10
3430 3330 3431 10
3330 3331 3432 10
3330 3432 3431 10
3331 3332 3432 10
3432 3332 3433 10
3332 3333 3434 10
3332 3434 3433 10
3334 3335 3436 10
3334 3436 3435 10
3335 3336 3436 10
3436 3336 3437 10
3336 3337 3438 10
3336 3438 3437 10
3337 3338 3438 10
3438 3338 3439 10
3338 3339 3440 10
3338 3440 3439 10
3339 3340 3440 10
3440 3340 3441 10
3340 3341 3442 10
3340 3442 3441 10
3341 3342 3442 10
3442 3342 3443 10
3342 3343 3444 10
3342 3444 3443 10
3343 3344 3444 10
3444 3344 3445 10
3344 3345 3446 10
3344 3446 3445 10
3345 3346 3446 10
3446 3346 3447 10
3346 3347 3448 10
3346 3448 3447 10
3347 3348 3448 10
3448 3348 3449 10
3348 3349 3450 10
3348 3450 3449 10
3349 3350 3450 10
3450 3350 3451 10
3350 3351 3452 10
3350 3452 3451 10
3351 3352 3452 10
3452 3352 3453 10
3352 3353 3454 10
3352 3454 3453 10
3353 3354 3454 10
3454 3354 3455 10
3354 3355 3456 10
3354 3456 3455 10
3355 3356 3456 10
3456 3356 3457 10
3356 3357 3458 10
3356 3458 3457 10
3357 3358 3458 10
3458 3358 3459 10
3358 3359 3460 10
3358 3460 3459 10
3359 3360 3460 10
3460 3360 3461 10
3360 3361 3462 10
3360 3462 3461 10
3361 3362 3462 10
3462 3362 3463 10
3362 3363 3464 10
3362 3464 3463 10
3363 3364 3464 10
3464 3364 3465 10
3364 3365 3466 10
3364 3466 3465 10
3365 3366 3466 10
3466 3366 3467 10
3366 3367 3468 10
3366 3468 3467 10
3367 3368 3468 10
3468 3368 3469 10
3368 3369 3470 10
3368 3470 3469 10
3369 3370 3470 10
3470 3370 3471 10
3370 3371 3472 10
3370 3472 3471 10
3371 3372 3472 10
3472 3372 3473 10
3372 3373 3474 10
3372 3474 3473 10
3373 3374 3474 10
3474 3374 3475 10
3374 3375 3476 10
3374 3476 3475 10
3375 3376 3476 10
3476 3376 3477 10
3376 3377 3478 10
3376 3478 3477 10
3377 3378 3478 10
3478 3378 3479 10
3378 3379 3480 10
3378 3480 3479 10
3379 3380 3480 10
3480 3380 3481 10
3380 3381 3482 10
3380 3482 3481 10
3381 3382 3482 10
3482 3382 3483 10
3382 3383 3484 10
3382 3484 3483 10
3383 3384 3484 10
3484 3384 3485 10
3384 3385 3486 10
3384 3486 3485 10
3385 3386 3486 10
3486 3386 3487 10
3386 3387 3488 10
3386 3488 3487 10
3387 3388 3488 10
3488 3388 3489 10
3388 3389 3490 10
3388 3490 3489 10
3389 3390 3490 10
3490 3390 3491 10
3390 3391 3492 10
3390 3492 3491 10
3391 3392 3492 10
3492 3392 3493 10
3392 3393 3494 10
3392 3494 3493 10
3393 3394 3494 10
3494 3394 3495 10
3394 3395 3496 10
3394 3496 3495 10
3395 3396 3496 10
3496 3396 3497 10
3396 3397 3498 10
3396 3498 3497 10
3397 3398 3498 10
3498 3398 3499 10
3398 3399 3500 10
3398 3500 3499 10
3399 3400 3500 10
3500 3400 3501 10
3400 3401 3502 10
3400 3502 3501 10
3401 3402 3502 10
3502 3402 3503 10
3402 3403 3504 10
3402 3504 3503 10
3403 3404 3504 10
3504 3404 3505 10
3404 3405 3506 10
3404 3506 3505 10
3405 3406 3506 10
3506 3406 3507 10
3406 3407 3508 10
3406 3508 3507 10
3407 3408 3508 10
3508 3408 3509 10
3408 3409 3510 10
3408 3510 3509 10
3409 3410 3510 10
3510 3410 3511 10
3410 3411 3512 10
3410 3512 3511 10
3411 3412 3512 10
3512 3412 3513 10
3412 3413 3514 10
3412 3514 3513 10
3413 3414 3514 10
3514 3414 3515 10
3414 3415 3516 10
3414 3516 3515 10
3415 3416 3516 10
3516 3416 3517 10
3416 3417 3518 10
3416 3518 3517 10
3417 3418 3518 10
3518 3418 3519 10
3418 3419 3520 10
3418 3520 3519 10
3419 3420 3520 10
3520 3420 3521 10
3420 3421 3522 10
3420 3522 3521 10
3421 3422 3522 10
3522 3422 3523 10
3422 3423 3524 10
3422 3524 3523 10
3423 3424 3524 10
3524 3424 3525 10
3424 3425 3526 10
3424 3526 3525 10
3425 3426 3526 10
3526 3426 3527 10
3426 3427 3528 10
3426 3528 3527 10
3427 3428 3528 10
3528 3428 3529 10
3428 3429 3530 10
3428 3530 3529 10
3429 3430 3530 10
3530 3430 3531 10
3430 3431 3532 10
3430 3532 3531 10
3431 3432 3532 10
3532 3432 3533 10
3432 3433 3534 10
3432 3534 3533 10
3433 3434 3534 10
3534 3434 3535 10
3435 3436 3536 10
3536 3436 3537 10
3436 3437 3538 10
3436 3538 3537 10
3437 3438 3538 10
3538 3438 3539 10
3438 3439 3540 10
3438 3540 3539 10
3439 3440 3540 10
3540 3440 3541 10
3440 3441 3542 10
3440 3542 3541 10
3441 3442 3542 10
3542 3442 3543 10
3442 3443 3544 10
3442 3544 3543 10
3443 3444 3544 10
3544 3444 3545 10
3444 3445 3546 10
3444 3546 3545 10
3445 3446 3546 10
3546 3446 3547 10
3446 3447 3548 10
3446 3548 3547 10
3447 3448 3548 10
3548 3448 3549 10
3448 3449 3550 10
3448 3550 3549 10
3449 3450 3550 10
3550 3450 3551 10
3450 3451 3552 10
3450 3552 3551 10
3451 3452 3552 10
3552 3452 3553 10
3452 3453 3554 10
3452 3554 3553 10
3453 3454 3554 10
3554 3454 3555 10
3454 3455 3556 10
3454 3556 3555 10
3455 3456 3556 10
3556 3456 3557 10
3456 3457 3558 10
3456 3558 3557 10
3457 3458 3558 10
3558 3458 3559 10
3458 3459 3560 10
3458 3560 3559 10
3459 3460 3560 10
3560 3460 3561 10
3460 3461 3562 10
3460 3562 3561 10
3461 3462 3562 10
3562 3462 3563 10
3462 3463 3564 10
3462 3564 3563 10
3463 3464 3564 10
3564 3464 3565 10
3464 3465 3566 10
3464 3566 3565 10
3465 3466 3566 10
3566 3466 3567 10
3466 3467 3568 10
3466 3568 3567 10
3467 3468 3568 10
3568 3468 3569 10
3468 3469 3570 10
3468 3570 3569 10
3469 3470 3570 10
3570 3470 3571 10
3470 3471 3572 10
3470 3572 3571 10
3471 3472 3572 10
3572 3472 3573 10
3472 3473 3574 10
3472 3574 3573 10
3473 3474 3574 10
3574 3474 3575 10
3474 3475 3576 10
3474 3576 3575 10
3475 3476 3576 10
3576 3476 3577 10
3476 3477 3578 10
3476 3578 3577 10
3477 3478 3578 10
3578 3478 3579 10
3478 3479 3580 10
3478 3580 3579 10
3479 3480 3580 10
3580 3480 3581 10
3480 3481 3582 10
3480 3582 3581 10
3481 3482 3582 10
3582 3482 3583 10
3482 3483 3584 10
3482 3584 3583 10
3483 3484 3584 10
3584 3484 3585 10
3484 3485 3586 10
3484 3586 3585 10
3485 3486 3586 10
3586 3486 3587 10
3486 3487 3588 10
3486 3588 3587 10
3487 3488 3588 10
3588 3488 3589 10
3488 3489 3590 10
3488 3590 3589 10
3489 3490 3590 10
3590 3490 3591 10
3490 3491 3592 10
3490 3592 3591 10
3491 3492 3592 10
3592 3492 3593 10
3492 3493 3594 10
3492 3594 3593 10
3493 3494 3594 10
3594 3494 3595 10
3494 3495 3596 10
3494 3596 3595 10
3495 3496 3596 10
3596 3496 3597 10
3496 3497 3598 10
3496 3598 3597 10
3497 3498 3598 10
3598 3498 3599 10
3498 3499 3600 10
3498 3600 3599 10
3499 3500 3600 10
3600 3500 3601 10
3500 3501 3602 10
3500 3602 3601 10
3501 3502 3602 10
3602 3502 3603 10
3502 3503 3604 10
3502 3604 3603 10
3503 3504 3604 10
3604 3504 3605 10
3504 3505 3606 10
3504 3606 3605 10
3505 3506 3606 10
3606 3506 3607 10
3506 3507 3608 10
3506 3608 3607 10
3507 3508 3608 10
3608 3508 3609 10
3508 3509 3610 10
3508 3610 3609 10
3509 3510 3610 10
3610 3510 3611 10
3510 3511 3612 10
3510 3612 3611 10
3511 3512 3612 10
3612 3512 3613 10
3512 3513 3614 10
3512 3614 3613 10
3513 3514 3614 10
3614 3514 3615 10
3514 3515 3616 10
3514 3616 3615 10
3515 3516 3616 10
3616 3516 3617 10
3516 3517 3618 10
3516 3618 3617 10
3517 3518 3618 10
3618 3518 3619 10
3518 3519 3620 10
3518 3620 3619 10
3519 3520 3620 10
3620 3520 3621 10
3520 3521 3622 10
3520 3622 3621 10
3521 3522 3622 10
3622 3522 3623 10
3522 3523 3624 10
3522 3624 3623 10
3523 3524 3624 10
3624 3524 3625 10
3524 3525 3626 10
3524 3626 3625 10
3525 3526 3626 10
3626 3526 3627 10
3526 3527 3628 10
3526 3628 3627 10
3527 3528 3628 10
3628 3528 3629 10
3528 3529 3630 10
3528 3630 3629 10
3529 3530 3630 10
3630 3530 3631 10
3530 3531 3632 10
3530 3632 3631 10
3531 3532 3632 10
3632 3532 3633 10
3532 3533 3634 10
3532 3634 3633 10
3533 3534 3634 10
3634 3534 3635 10
3534 3535 3636 10
3534 3636 3635 10
3536 3537 3638 10
3536 3638 3637 10
3537 3538 3638 10
3638 3538 3639 10
3538 3539 3640 10
3538 3640 3639 10
3539 3540 3640 10
3640 3540 3641 10
3540 3541 3642 10
3540 3642 3641 10
3541 3542 3642 10
3642 3542 3643 10
3542 3543 3644 10
3542 3644 3643 10
3543 3544 3644 10
3644 3544 3645 10
3544 3545 3646 10
3544 3646 3645 10
3545 3546 3646 10
3646 3546 3647 10
3546 3547 3648 10
3546 3648 3647 10
3547 3548 3648 10
3648 3548 3649 10
3548 3549 3650 10
3548 3650 3649 10
3549 3550 3650 10
3650 3550 3651 10
3550 3551 3652 10
3550 3652 3651 10
3551 3552 3652 10
3652 3552 3653 10
3552 3553 3654 10
3552 3654 3653 10
3553 3554 3654 10
3654 3554 3655 10
3554 3555 3656 10
3554 3656 3655 10
3555 3556 3656 10
3656 3556 3657 10
3556 3557 3658 10
3556 3658 3657 10
3557 3558 3658 10
3658 3558 3659 10
3558 3559 3660 10
3558 3660 3659 10
3559 3560 3660 10
3660 3560 3661 10
3560 3561 3662 10
3560 3662 3661 10
3561 3562 3662 10
3662 3562 3663 10
3562 3563 3664 10
3562 3664 3663 10
3563 3564 3664 10
3664 3564 3665 10
3564 3565 3666 10
3564 3666 3665 10
3565 3566 3666 10
3666 3566 3667 10
3566 3567 3668 10
3566 3668 3667 10
3567 3568 3668 10
3668 3568 3669 10
3568 3569 3670 10
3568 3670 3669 10
3569 3570 3670 10
3670 3570 3671 10
3570 3571 3672 10
3570 3672 3671 10
3571 3572 3672 10
3672 3572 3673 10
3572 3573 3674 10
3572 3674 3673 10
3573 3574 3674 10
3674 3574 3675 10
3574 3575 3676 10
3574 3676 3675 10
3575 3576 3676 10
3676 3576 3677 10
3576 3577 3678 10
3576 3678 3677 10
3577 3578 3678 10
3678 3578 3679 10
3578 3579 3680 10
3578 3680 3679 10
3579 3580 3680 10
3680 3580 3681 10
3580 3581 3682 10
3580 3682 3681 10
3581 3582 3682 10
3682 3582 3683 10
3582 3583 3684 10
3582 3684 3683 10
3583 3584 3684 10
3684 3584 3685 10
3584 3585 3686 10
3584 3686 3685 10
3585 3586 3686 10
3686 3586 3687 10
3586 3587 3688 10
3586 3688 3687 10
3587 3588 3688 10
3688 3588 3689 10
3588 3589 3690 10
3588 3690 3689 10
3589 3590 3690 10
3690 3590 3691 10
3590 3591 3692 10
3590 3692 3691 10
3591 3592 3692 10
3692 3592 3693 10
3592 3593 3694 10
3592 3694 3693 10
3593 3594 3694 10
3694 3594 3695 10
3594 3595 3696 10
3594 3696 3695 10
3595 3596 3696 10
3696 3596 3697 10
3596 3597 3698 10
3596 3698 3697 10
3597 3598 3698 10
3698 3598 3699 10
3598 3599 3700 10
3598 3700 3699 10
3599 3600 3700 10
3700 3600 3701 10
3600 3601 3702 10
3600 3702 3701 10
3601 3602 3702 10
3702 3602 3703 10
3602 3603 3704 10
3602 3704 3703 10
3603 3604 3704 10
3704 3604 3705 10
3604 3605 3706 10
3604 3706 3705 10
3605 3606 3706 10
3706 3606 3707 10
3606 3607 3708 10
3606 3708 3707 10
3607 3608 3708 10
3708 3608 3709 10
3608 3609 3710 10
3608 3710 3709 10
3609 3610 3710 10
3710 3610 3711 10
3610 3611 3712 10
3610 3712 3711 10
3611 3612 3712 10
3712 3612 3713 10
3612 3613 3714 10
3612 3714 3713 10
3613 3614 3714 10
3714 3614 3715 10
3614 3615 3716 10
3614 3716 3715 10
3615 3616 3716 10
3716 3616 3717 10
3616 3617 3718 10
3616 3718 3717 10
3617 3618 3718 10
3718 3618 3719 10
3618 3619 3720 10
3618 3720 3719 10
3619 3620 3720 10
3720 3620 3721 10
3620 3621 3722 10
3620 3722 3721 10
3621 3622 3722 10
3722 3622 3723 10
3622 3623 3724 10
3622 3724 3723 10
3623 3624 3724 10
3724 3624 3725 10
3624 3625 3726 10
3624 3726 3725 10
3625 3626 3726 10
3726 3626 3727 10
3626 3627 3728 10
3626 3728 3727 10
3627 3628 3728 10
3728 3628 3729 10
3628 3629 3730 10
3628 3730 3729 10
3629 3630 3730 10
3730 3630 3731 10
3630 3631 3732 10
3630 3732 3731 10
3631 3632 3732 10
3732 3632 3733 10
3632 3633 3734 10
3632 3734 3733 10
3633 3634 3734 10
3734 3634 3735 10
3634 3635 3736 10
3634 3736 3735 10
3635 3636 3736 10
3736 3636 3737 10
3637 3638 3738 10
3738 3638 3739 10
3638 3639 3740 10
3638 3740 3739 10
3639 3640 3740 10
3740 3640 3741 10
3640 3641 3742 10
3640 3742 3741 10
3641 3642 3742 10
3742 3642 3743 10
3642 3643 3744 10
3642 3744 3743 10
3643 3644 3744 10
3744 3644 3745 10
3644 3645 3746 10
3644 3746 3745 10
3645 3646 3746 10
3746 3646 3747 10
3646 3647 3748 10
3646 3748 3747 10
3647 3648 3748 10
3748 3648 3749 10
3648 3649 3750 10
3648 3750 3749 10
3649 3650 3750 10
3750 3650 3751 10
3650 3651 3752 10
3650 3752 3751 10
3651 3652 3752 10
3752 3652 3753 10
3652 3653 3754 10
3652 3754 3753 10
3653 3654 3754 10
3754 3654 3755 10
3654 3655 3756 10
3654 3756 3755 10
3655 3656 3756 10
3756 3656 3757 10
3656 3657 3758 10
3656 3758 3757 10
3657 3658 3758 10
3758 3658 3759 10
3658 3659 3760 10
3658 3760 3759 10
3659 3660 3760 10
3760 3660 3761 10
3660 3661 3762 10
3660 3762 3761 10
3661 3662 3762 10
3762 3662 3763 10
3662 3663 3764 10
3662 3764 3763 10
3663 3664 3764 10
3764 3664 3765 10
3664 3665 3766 10
3664 3766 3765 10
3665 3666 3766 10
3766 3666 3767 10
3666 3667 3768 10
3666 3768 3767 10
3667 3668 3768 10
3768 3668 3769 10
3668 3669 3770 10
3668 3770 3769 10
3669 3670 3770 10
3770 3670 3771 10
3670 3671 3772 10
3670 3772 3771 10
3671 3672 3772 10
3772 3672 3773 10
3672 3673 3774 10
3672 3774 3773 10
3673 3674 3774 10
3774 3674 3775 10
3674 3675 3776 10
3674 3776 3775 10
3675 3676 3776 10
3776 3676 3777 10
3676 3677 3778 10
3676 3778 3777 10
3677 3678 3778 10
3778 3678 3779 10
3678 3679 3780 10
3678 3780 3779 10
3679 3680 3780 10
3780 3680 3781 10
3680 3681 3782 10
3680 3782 3781 10
3681 3682 3782 10
3782 3682 3783 10
3682 3683 3784 10
3682 3784 3783 10
3683 3684 3784 10
3784 3684 3785 10
3684 3685 3786 10
3684 3786 3785 10
3685 3686 3786 10
3786 3686 3787 10
3686 3687 3788 10
3686 3788 3787 10
3687 3688 3788 10
3788 3688 3789 10
3688 3689 3790 10
3688 3790 3789 10
3689 3690 3790 10
3790 3690 3791 10
3690 3691 3792 10
3690 3792 3791 10
3691 3692 3792 10
3792 3692 3793 10
3692 3693 3794 10
3692 3794 3793 10
3693 3694 3794 10
3794 3694 3795 10
3694 3695 3796 10
3694 3796 3795 10
3695 3696 3796 10
3796 3696 3797 10
3696 3697 3798 10
3696 3798 3797 10
3697 3698 3798 10
3798 3698 3799 10
3698 3699 3800 10
3698 3800 3799 10
3699 3700 3800 10
3800 3700 3801 10
3700 3701 3802 10
3700 3802 3801 10
3701 3702 3802 10
3802 3702 3803 10
3702 3703 3804 10
3702 3804 3803 10
3703 3704 3804 10
3804 3704 3805 10
3704 3705 3806 10
3704 3806 3805 10
3705 3706 3806 10
3806 3706 3807 10
3706 3707 3808 10
3706 3808 3807 10
3707 3708 3808 10
3808 3708 3809 10
3708 3709 3810 10
3708 3810 3809 10
3709 3710 3810 10
3810 3710 3811 10
3710 3711 3812 10
3710 3812 3811 10
3711 3712 3812 10
3812 3712 3813 10
3712 3713 3814 10
3712 3814 3813 10
3713 3714 3814 10
3814 3714 3815 10
3714 3715 3816 10
3714 3816 3815 10
3715 3716 3816 10
3816 3716 3817 10
3716 3717 3818 10
3716 3818 3817 10
3717 3718 3818 10
3818 3718 3819 10
3718 3719 3820 10
3718 3820 3819 10
3719 3720 3820 10
3820 3720 3821 10
3720 3721 3822 10
3720 3822 3821 10
3721 3722 3822 10
3822 3722 3823 10
3722 3723 3824 10
3722 3824 3823 10
3723 3724 3824 10
3824 3724 3825 10
3724 3725 3826 10
3724 3826 3825 10
3725 3726 3826 10
3826 3726 3827 10
3726 3727 3828 10
3726 3828 3827 10
3727 3728 3828 10
3828 3728 3829 10
3728 3729 3830 10
3728 3830 3829 10
3729 3730 3830 10
3830 3730 3831 10
3730 3731 3832 10
3730 3832 3831 10
3731 3732 3832 10
3832 3732 3833 10
3732 3733 3834 10
3732 3834 3833 10
3733 3734 3834 10
3834 3734 3835 10
3734 3735 3836 10
3734 3836 3835 10
3735 3736 3836 10
3836 3736 3837 10
3736 3737 3838 10
3736 3838 3837 10
3738 3739 3840 10
3738 3840 3839 10
3739 3740 3840 10
3840 3740 3841 10
3740 3741 3842 10
3740 3842 3841 10
3741 3742 3842 10
3842 3742 3843 10
3742 3743 3844 10
3742 3844 3843 10
3743 3744 3844 10
3844 3744 3845 10
3744 3745 3846 10
3744 3846 3845 10
3745 3746 3846 10
3846 3746 3847 10
3746 3747 3848 10
3746 3848 3847 10
3747 3748 3848 10
3848 3748 3849 10
3748 3749 3850 10
3748 3850 3849 10
3749 3750 3850 10
3850 3750 3851 10
3750 3751 3852 10
3750 3852 3851 10
3751 3752 3852 10
3852 3752 3853 10
3752 3753 3854 10
3752 3854 3853 10
3753 3754 3854 10
3854 3754 3855 10
3754 3755 3856 10
3754 3856 3855 10
3755 3756 3856 10
3856 3756 3857 10
3756 3757 3858 10
3756 3858 3857 10
3757 3758 3858 10
3858 3758 3859 10
3758 3759 3860 10
3758 3860 3859 10
3759 3760 3860 10
3860 3760 3861 10
3760 3761 3862 10
3760 3862 3861 10
3761 3762 3862 10
3862 3762 3863 10
3762 3763 3864 10
3762 3864 3863 10
3763 3764 3864 10
3864 3764 3865 10
3764 3765 3866 10
3764 3866 3865 10
3765 3766 3866 10
3866 3766 3867 10
3766 3767 3868 10
3766 3868 3867 10
3767 3768 3868 10
3868 3768 3869 10
3768 3769 3870 10
3768 3870 3869 10
3769 3770 3870 10
3870 3770 3871 10
3770 3771 3872 10
3770 3872 3871 10
3771 3772 3872 10
3872 3772 3873 10
3772 3773 3874 10
3772 3874 3873 10
3773 3774 3874 10
3874 3774 3875 10
3774 3775 3876 10
3774 3876 3875 10
3775 3776 3876 10
3876 3776 3877 10
3776 3777 3878 10
3776 3878 3877 10
3777 3778 3878 10
3878 3778 3879 10
3778 3779 3880 10
3778 3880 3879 10
3779 3780 3880 10
3880 3780 3881 10
3780 3781 3882 10
3780 3882 3881 10
3781 3782 3882 10
3882 3782 3883 10
3782 3783 3884 10
3782 3884 3883 10
3783 3784 3884 10
3884 3784 3885 10
3784 3785 3886 10
3784 3886 3885 10
3785 3786 3886 10
3886 3786 3887 10
3786 3787 3888 10
3786 3888 3887 10
3787 3788 3888 10
3888 3788 3889 10
3788 3789 3890 10
3788 3890 3889 10
3789 3790 3890 10
3890 3790 3891 10
3790 3791 3892 10
3790 3892 3891 10
3791 3792 3892 10
3892 3792 3893 10
3792 3793 3894 10
3792 3894 3893 10
3793 3794 3894 10
3894 3794 3895 10
3794 3795 3896 10
3794 3896 3895 10
3795 3796 3896 10
3896 3796 3897 10
3796 3797 3898 10
3796 3898 3897 10
3797 3798 3898 10
3898 3798 3899 10
3798 3799 3900 10
3798 3900 3899 10
3799 3800 3900 10
3900 3800 3901 10
3800 3801 3902 10
3800 3902 3901 10
3801 3802 3902 10
3902 3802 3903 10
3802 3803 3904 10
3802 3904 3903 10
3803 3804 3904 10
3904 3804 3905 10
3804 3805 3906 10
3804 3906 3905 10
3805 3806 3906 10
3906 3806 3907 10
3806 3807 3908 10
3806 3908 3907 10
3807 3808 3908 10
3908 3808 3909 10
3808 3809 3910 10
3808 3910 3909 10
3809 3810 3910 10
3910 3810 3911 10
3810 3811 3912 10
3810 3912 3911 10
3811 3812 3912 10
3912 3812 3913 10
3812 3813 3914 10
3812 3914 3913 10
3813 3814 3914 10
3914 3814 3915 10
3814 3815 3916 10
3814 3916 3915 10
3815 3816 3916 10
3916 3816 3917 10
3816 3817 3918 10
3816 3918 3917 10
3817 3818 3918 10
3918 3818 3919 10
3818 3819 3920 10
3818 3920 3919 10
3819 3820 3920 10
3920 3820 3921 10
3820 3821 3922 10
3820 3922 3921 10
3821 3822 3922 10
3922 3822 3923 10
3822 3823 3924 10
3822 3924 3923 10
3823 3824 3924 10
3924 3824 3925 10
3824 3825 3926 10
3824 3926 3925 10
3825 3826 3926 10
3926 3826 3927 10
3826 3827 3928 10
3826 3928 3927 10
3827 3828 3928 10
3928 3828 3929 10
3828 3829 3930 10
3828 3930 3929 10
3829 3830 3930 10
3930 3830 3931 10
3830 3831 3932 10
3830 3932 3931 10
3831 3832 3932 10
3932 3832 3933 10
3832 3833 3934 10
3832 3934 3933 10
3833 3834 3934 10
3934 3834 3935 10
3834 3835 3936 10
3834 3936 3935 10
3835 3836 3936 10
3936 3836 3937 10
3836 3837 3938 10
3836 3938 3937 10
3837 3838 3938 10
3938 3838 3939 10
3839 3840 3940 10
3940 3840 3941 10
3840 3841 3942 10
3840 3942 3941 10
3841 3842 3942 10
3942 3842 3943 10
3842 3843 3944 10
3842 3944 3943 10
3843 3844 3944 10
3944 3844 3945 10
3844 3845 3946 10
3844 3946 3945 10
3845 3846 3946 10
3946 3846 3947 10
3846 3847 3948 10
3846 3948 3947 10
3847 3848 3948 10
3948 3848 3949 10
3848 3849 3950 10
3848 3950 3949 10
3849 3850 3950 10
3950 3850 3951 10
3850 3851 3952 10
3850 3952 3951 10
3851 3852 3952 10
3952 3852 3953 10
3852 3853 3954 10
3852 3954 3953 10
3853 3854 3954 10
3954 3854 3955 10
3854 3855 3956 10
3854 3956 3955 10
3855 3856 3956 10
3956 3856 3957 10
3856 3857 3958 10
3856 3958 3957 10
3857 3858 3958 10
3958 3858 3959 10
3858 3859 3960 10
3858 3960 3959 10
3859 3860 3960 10
3960 3860 3961 10
3860 3861 3962 10
3860 3962 3961 10
3861 3862 3962 10
3962 3862 3963 10
3862 3863 3964 10
3862 3964 3963 10
3863 3864 3964 10
3964 3864 3965 10
3864 3865 3966 10
3864 3966 3965 10
3865 3866 3966 10
3966 3866 3967 10
3866 3867 3968 10
3866 3968 3967 10
3867 3868 3968 10
3968 3868 3969 10
3868 3869 3970 10
3868 3970 3969 10
3869 3870 3970 10
3970 3870 3971 10
3870 3871 3972 10
3870 3972 3971 10
3871 3872 3972 10
3972 3872 3973 10
3872 3873 3974 10
3872 3974 3973 10
3873 3874 3974 10
3974 3874 3975 10
3874 3875 3976 10
3874 3976 3975 10
3875 3876 3976 10
3976 3876 3977 10
3876 3877 3978 10
3876 3978 3977 10
3877 3878 3978 10
3978 3878 3979 10
3878 3879 3980 10
3878 3980 3979 10
3879 3880 3980 10
3980 3880 3981 10
3880 3881 3982 10
3880 3982 3981 10
3881 3882 3982 10
3982 3882 3983 10
3882 3883 3984 10
3882 3984 3983 10
3883 3884 3984 10
3984 3884 3985 10
3884 3885 3986 10
3884 3986 3985 10
3885 3886 3986 10
3986 3886 3987 10
3886 3887 3988 10
3886 3988 3987 10
3887 3888 3988 10
3988 3888 3989 10
3888 3889 3990 10
3888 3990 3989 10
3889 3890 3990 10
3990 3890 3991 10
3890 3891 3992 10
3890 3992 3991 10
3891 3892 3992 10
3992 3892 3993 10
3892 3893 3994 10
3892 3994 3993 10
3893 3894 3994 10
3994 3894 3995 10
3894 3895 3996 10
3894 3996 3995 10
3895 3896 3996 10
3996 3896 3997 10
3896 3897 3998 10
3896 3998 3997 10
3897 3898 3998 10
3998 3898 3999 10
3898 3899 4000 10
3898 4000 3999 10
3899 3900 4000 10
4000 3900 4001 10
3900 3901 4002 10
3900 4002 4001 10
3901 3902 4002 10
4002 3902 4003 10
3902 3903 4004 10
3902 4004 4003 10
3903 3904 4004 10
4004 3904 4005 10
3904 3905 4006 10
3904 4006 4005 10
3905 3906 4006 10
4006 3906 4007 10
3906 3907 4008 10
3906 4008 4007 10
3907 3908 4008 10
4008 3908 4009 10
3908 3909 4010 10
3908 4010 4009 10
3909 3910 4010 10
4010 3910 4011 10
3910 3911 4012 10
3910 4012 4011 10
3911 3912 4012 10
4012 3912 4013 10
3912 3913 4014 10
3912 4014 4013 10
3913 3914 4014 10
4014 3914 4015 10
3914 3915 4016 10
3914 4016 4015 10
3915 3916 4016 10
4016 3916 4017 10
3916 3917 4018 10
3916 4018 4017 10
3917 3918 4018 10
4018 3918 4019 10
3918 3919 4020 10
3918 4020 4019 10
3919 3920 4020 10
4020 3920 4021 10
3920 3921 4022 10
3920 4022 4021 10
3921 3922 4022 10
4022 3922 4023 10
3922 3923 4024 10
3922 4024 4023 10
3923 3924 4024 10
4024 3924 4025 10
3924 3925 4026 10
3924 4026 4025 10
3925 3926 4026 10
4026 3926 4027 10
3926 3927 4028 10
3926 4028 4027 10
3927 3928 4028 10
4028 3928 4029 10
3928 3929 4030 10
3928 4030 4029 10
3929 3930 4030 10
4030 3930 4031 10
3930 3931 4032 10
3930 4032 4031 10
3931 3932 4032 10
4032 3932 4033 10
3932 3933 4034 10
3932 4034 4033 10
3933 3934 4034 10
4034 3934 4035 10
3934 3935 4036 10
3934 4036 4035 10
3935 3936 4036 10
4036 3936 4037 10
3936 3937 4038 10
3936 4038 4037 10
3937 3938 4038 10
4038 3938 4039 10
3938 3939 4040 10
3938 4040 4039 10
3940 3941 4042 10
3940 4042 4041 10
3941 3942 4042 10
4042 3942 4043 10
3942 3943 4044 10
3942 4044 4043 10
3943 3944 4044 10
4044 3944 4045 10
3944 3945 4046 10
3944 4046 4045 10
3945 3946 4046 10
4046 3946 4047 10
3946 3947 4048 10
3946 4048 4047 10
3947 3948 4048 10
4048 3948 4049 10
3948 3949 4050 10
3948 4050 4049 10
3949 3950 4050 10
4050 3950 4051 10
3950 3951 4052 10
3950 4052 4051 10
3951 3952 4052 10
4052 3952 4053 10
3952 3953 4054 10
3952 4054 4053 10
3953 3954 4054 10
4054 3954 4055 10
3954 3955 4056 10
3954 4056 4055 10
3955 3956 4056 10
4056 3956 4057 10
3956 3957 4058 10
3956 4058 4057 10
3957 3958 4058 10
4058 3958 4059 10
3958 3959 4060 10
3958 4060 4059 10
3959 3960 4060 10
4060 3960 4061 10
3960 3961 4062 10
3960 4062 4061 10
3961 3962 4062 10
4062 3962 4063 10
3962 3963 4064 10
3962 4064 4063 10
3963 3964 4064 10
4064 3964 4065 10
3964 3965 4066 10
3964 4066 4065 10
3965 3966 4066 10
4066 3966 4067 10
3966 3967 4068 10
3966 4068 4067 10
3967 3968 4068 10
4068 3968 4069 10
3968 3969 4070 10
3968 4070 4069 10
3969 3970 4070 10
4070 3970 4071 10
3970 3971 4072 10
3970 4072 4071 10
3971 3972 4072 10
4072 3972 4073 10
3972 3973 4074 10
3972 4074 4073 10
3973 3974 4074 10
4074 3974 4075 10
3974 3975 4076 10
3974 4076 4075 10
3975 3976 4076 10
4076 3976 4077 10
3976 3977 4078 10
3976 4078 4077 10
3977 3978 4078 10
4078 3978 4079 10
3978 3979 4080 10
3978 4080 4079 10
3979 3980 4080 10
4080 3980 4081 10
3980 3981 4082 10
3980 4082 4081 10
3981 3982 4082 10
4082 3982 4083 10
3982 3983 4084 10
3982 4084 4083 10
3983 3984 4084 10
4084 3984 4085 10
3984 3985 4086 10
3984 4086 4085 10
3985 3986 4086 10
4086 3986 4087 10
3986 3987 4088 10
3986 4088 4087 10
3987 3988 4088 10
4088 3988 4089 10
3988 3989 4090 10
3988 4090 4089 10
3989 3990 4090 10
4090 3990 4091 10
3990 3991 4092 10
3990 4092 4091 10
3991 3992 4092 10
4092 3992 4093 10
3992 3993 4094 10
3992 4094 4093 10
3993 3994 4094 10
4094 3994 4095 10
3994 3995 4096 10
3994 4096 4095 10
3995 3996 4096 10
4096 3996 4097 10
3996 3997 4098 10
3996 4098 4097 10
3997 3998 4098 10
4098 3998 4099 10
3998 3999 4100 10
3998 4100 4099 10
3999 4000 4100 10
4100 4000 4101 10
4000 4001 4102 10
4000 4102 4101 10
4001 4002 4102 10
4102 4002 4103 10
4002 4003 4104 10
4002 4104 4103 10
4003 4004 4104 10
4104 4004 4105 10
4004 4005 4106 10
4004 4106 4105 10
4005 4006 4106 10
4106 4006 4107 10
4006 4007 4108 10
4006 4108 4107 10
4007 4008 4108 10
4108 4008 4109 10
4008 4009 4110 10
4008 4110 4109 10
4009 4010 4110 10
4110 4010 4111 10
4010 4011 4112 10
4010 4112 4111 10
4011 4012 4112 10
4112 4012 4113 10
4012 4013 4114 10
4012 4114 4113 10
4013 4014 4114 10
4114 4014 4115 10
4014 4015 4116 10
4014 4116 4115 10
4015 4016 4116 10
4116 4016 4117 10
4016 4017 4118 10
4016 4118 4117 10
4017 4018 4118 10
4118 4018 4119 10
4018 4019 4120 10
4018 4120 4119 10
4019 4020 4120 10
4120 4020 4121 10
4020 4021 4122 10
4020 4122 4121 10
4021 4022 4122 10
4122 4022 4123 10
4022 4023 4124 10
4022 4124 4123 10
4023 4024 4124 10
4124 4024 4125 10
4024 4025 4126 10
4024 4126 4125 10
4025 4026 4126 10
4126 4026 4127 10
4026 4027 4128 10
4026 4128 4127 10
4027 4028 4128 10
4128 4028 4129 10
4028 4029 4130 10
4028 4130 4129 10
4029 4030 4130 10
4130 4030 4131 10
4030 4031 4132 10
4030 4132 4131 10
4031 4032 4132 10
4132 4032 4133 10
4032 4033 4134 10
4032 4134 4133 10
4033 4034 4134 10
4134 4034 4135 10
4034 4035 4136 10
4034 4136 4135 10
4035 4036 4136 10
4136 4036 4137 10
4036 4037 4138 10
4036 4138 4137 10
4037 4038 4138 10
4138 4038 4139 10
4038 4039 4140 10
4038 4140 4139 10
4039 4040 4140 10
4140 4040 4141 10
4041 4042 4142 10
4142 4042 4143 10
4042 4043 4144 10
4042 4144 4143 10
4043 4044 4144 10
4144 4044 4145 10
4044 4045 4146 10
4044 4146 4145 10
4045 4046 4146 10
4146 4046 4147 10
4046 4047 4148 10
4046 4148 4147 10
4047 4048 4148 10
4148 4048 4149 10
4048 4049 4150 10
4048 4150 4149 10
4049 4050 4150 10
4150 4050 4151 10
4050 4051 4152 10
4050 4152 4151 10
4051 4052 4152 10
4152 4052 4153 10
4052 4053 4154 10
4052 4154 4153 10
4053 4054 4154 10
4154 4054 4155 10
4054 4055 4156 10
4054 4156 4155 10
4055 4056 4156 10
4156 4056 4157 10
4056 4057 4158 10
4056 4158 4157 10
4057 4058 4158 10
4158 4058 4159 10
4058 4059 4160 10
4058 4160 4159 10
4059 4060 4160 10
4160 4060 4161 10
4060 4061 4162 10
4060 4162 4161 10
4061 4062 4162 10
4162 4062 4163 10
4062 4063 4164 10
4062 4164 4163 10
4063 4064 4164 10
4164 4064 4165 10
4064 4065 4166 10
4064 4166 4165 10
4065 4066 4166 10
4166 4066 4167 10
4066 4067 4168 10
4066 4168 4167 10
4067 4068 4168 10
4168 4068 4169 10
4068 4069 4170 10
4068 4170 4169 10
4069 4070 4170 10
4170 4070 4171 10
4070 4071 4172 10
4070 4172 4171 10
4071 4072 4172 10
4172 4072 4173 10
4072 4073 4174 10
4072 4174 4173 10
4073 4074 4174 10
4174 4074 4175 10
4074 4075 4176 10
4074 4176 4175 10
4075 4076 4176 10
4176 4076 4177 10
4076 4077 4178 10
4076 4178 4177 10
4077 4078 4178 10
4178 4078 4179 10
4078 4079 4180 10
4078 4180 4179 10
4079 4080 4180 10
4180 4080 4181 10
4080 4081 4182 10
4080 4182 4181 10
4081 4082 4182 10
4182 4082 4183 10
4082 4083 4184 10
4082 4184 4183 10
4083 4084 4184 10
4184 4084 4185 10
4084 4085 4186 10
4084 4186 4185 10
4085 4086 4186 10
4186 4086 4187 10
4086 4087 4188 10
4086 4188 4187 10
4087 4088 4188 10
4188 4088 4189 10
4088 4089 4190 10
4088 4190 4189 10
4089 4090 4190 10
4190 4090 4191 10
4090 4091 4192 10
4090 4192 4191 10
4091 4092 4192 10
4192 4092 4193 10
4092 4093 4194 10
4092 4194 4193 10
4093 4094 4194 10
4194 4094 4195 10
4094 4095 4196 10
4094 4196 4195 10
4095 4096 4196 10
4196 4096 4197 10
4096 4097 4198 10
4096 4198 4197 10
4097 4098 4198 10
4198 4098 4199 10
4098 4099 4200 10
4098 4200 4199 10
4099 4100 4200 10
4200 4100 4201 10
4100 4101 4202 10
4100 4202 4201 10
4101 4102 4202 10
4202 4102 4203 10
4102 4103 4204 10
4102 4204 4203 10
4103 4104 4204 10
4204 4104 4205 10
4104 4105 4206 10
4104 4206 4205 10
4105 4106 4206 10
4206 4106 4207 10
4106 4107 4208 10
4106 4208 4207 10
4107 4108 4208 10
4208 4108 4209 10
4108 4109 4210 10
4108 4210 4209 10
4109 4110 4210 10
4210 4110 4211 10
4110 4111 4212 10
4110 4212 4211 10
4111 4112 4212 10
4212 4112 4213 10
4112 4113 4214 10
4112 4214 4213 10
4113 4114 4214 10
4214 4114 4215 10
4114 4115 4216 10
4114 4216 4215 10
4115 4116 4216 10
4216 4116 4217 10
4116 4117 4218 10
4116 4218 4217 10
4117 4118 4218 10
4218 4118 4219 10
4118 4119 4220 10
4118 4220 4219 10
4119 4120 4220 10
4220 4120 4221 10
4120 4121 4222 10
4120 4222 4221 10
4121 4122 4222 10
4222 4122 4223 10
4122 4123 4224 10
4122 4224 4223 10
4123 4124 4224 10
4224 4124 4225 10
4124 4125 4226 10
4124 4226 4225 10
4125 4126 4226 10
4226 4126 4227 10
4126 4127 4228 10
4126 4228 4227 10
4127 4128 4228 10
4228 4128 4229 10
4128 4129 4230 10
4128 4230 4229 10
4129 4130 4230 10
4230 4130 4231 10
4130 4131 4232 10
4130 4232 4231 10
4131 4132 4232 10
4232 4132 4233 10
4132 4133 4234 10
4132 4234 4233 10
4133 4134 4234 10
4234 4134 4235 10
4134 4135 4236 10
4134 4236 4235 10
4135 4136 4236 10
4236 4136 4237 10
4136 4137 4238 10
4136 4238 4237 10
4137 4138 4238 10
4238 4138 4239 10
4138 4139 4240 10
4138 4240 4239 10
4139 4140 4240 10
4240 4140 4241 10
4140 4141 4242 10
4140 4242 4241 10
4142 4143 4244 10
4142 4244 4243 10
4143 4144 4244 10
4244 4144 4245 10
4144 4145 4246 10
4144 4246 4245 10
4145 4146 4246 10
4246 4146 4247 10
4146 4147 4248 10
4146 4248 4247 10
4147 4148 4248 10
4248 4148 4249 10
4148 4149 4250 10
4148 4250 4249 10
4149 4150 4250 10
4250 4150 4251 10
4150 4151 4252 10
4150 4252 4251 10
4151 4152 4252 10
4252 4152 4253 10
4152 4153 4254 10
4152 4254 4253 10
4153 4154 4254 10
4254 4154 4255 10
4154 4155 4256 10
4154 4256 4255 10
4155 4156 4256 10
4256 4156 4257 10
4156 4157 4258 10
4156 4258 4257 10
4157 4158 4258 10
4258 4158 4259 10
4158 4159 4260 10
4158 4260 4259 10
4159 4160 4260 10
4260 4160 4261 10
4160 4161 4262 10
4160 4262 4261 10
4161 4162 4262 10
4262 4162 4263 10
4162 4163 4264 10
4162 4264 4263 10
4163 4164 4264 10
4264 4164 4265 10
4164 4165 4266 10
4164 4266 4265 10
4165 4166 4266 10
4266 4166 4267 10
4166 4167 4268 10
4166 4268 4267 10
4167 4168 4268 10
4268 4168 4269 10
4168 4169 4270 10
4168 4270 4269 10
4169 4170 4270 10
4270 4170 4271 10
4170 4171 4272 10
4170 4272 4271 10
4171 4172 4272 10
4272 4172 4273 10
4172 4173 4274 10
4172 4274 4273 10
4173 4174 4274 10
4274 4174 4275 10
4174 4175 4276 10
4174 4276 4275 10
4175 4176 4276 10
4276 4176 4277 10
4176 4177 4278 10
4176 4278 4277 10
4177 4178 4278 10
4278 4178 4279 10
4178 4179 4280 10
4178 4280 4279 10
4179 4180 4280 10
4280 4180 4281 10
4180 4181 4282 10
4180 4282 4281 10
4181 4182 4282 10
4282 4182 4283 10
4182 4183 4284 10
4182 4284 4283 10
4183 4184 4284 10
4284 4184 4285 10
4184 4185 4286 10
4184 4286 4285 10
4185 4186 4286 10
4286 4186 4287 10
4186 4187 4288 10
4186 4288 4287 10
4187 4188 4288 10
4288 4188 4289 10
4188 4189 4290 10
4188 4290 4289 10
4189 4190 4290 10
4290 4190 4291 10
4190 4191 4292 10
4190 4292 4291 10
4191 4192 4292 10
4292 4192 4293 10
4192 4193 4294 10
4192 4294 4293 10
4193 4194 4294 10
4294 4194 4295 10
4194 4195 4296 10
4194 4296 4295 10
4195 4196 4296 10
4296 4196 4297 10
4196 4197 4298 10
4196 4298 4297 10
4197 4198 4298 10
4298 4198 4299 10
4198 4199 4300 10
4198 4300 4299 10
4199 4200 4300 10
4300 4200 4301 10
4200 4201 4302 10
4200 4302 4301 10
4201 4202 4302 10
4302 4202 4303 10
4202 4203 4304 10
4202 4304 4303 10
4203 4204 4304 10
4304 4204 4305 10
4204 4205 4306 10
4204 4306 4305 10
4205 4206 4306 10
4306 4206 4307 10
4206 4207 4308 10
4206 4308 4307 10
4207 4208 4308 10
4308 4208 4309 10
4208 4209 4310 10
4208 4310 4309 10
4209 4210 4310 10
4310 4210 4311 10
4210 4211 4312 10
4210 4312 4311 10
4211 4212 4312 10
4312 4212 4313 10
4212 4213 4314 10
4212 4314 4313 10
4213 4214 4314 10
4314 4214 4315 10
4214 4215 4316 10
4214 4316 4315 10
4215 4216 4316 10
4316 4216 4317 10
4216 4217 4318 10
4216 4318 4317 10
4217 4218 4318 10
4318 4218 4319 10
4218 4219 4320 10
4218 4320 4319 10
4219 4220 4320 10
4320 4220 4321 10
4220 4221 4322 10
4220 4322 4321 10
4221 4222 4322 10
4322 4222 4323 10
4222 4223 4324 10
4222 4324 4323 10
4223 4224 4324 10
4324 4224 4325 10
4224 4225 4326 10
4224 4326 4325 10
4225 4226 4326 10
4326 4226 4327 10
4226 4227 4328 10
4226 4328 4327 10
4227 4228 4328 10
4328 4228 4329 10
4228 4229 4330 10
4228 4330 4329 10
4229 4230 4330 10
4330 4230 4331 10
4230 4231 4332 10
4230 4332 4331 10
4231 4232 4332 10
4332 4232 4333 10
4232 4233 4334 10
4232 4334 4333 10
4233 4234 4334 10
4334 4234 4335 10
4234 4235 4336 10
4234 4336 4335 10
4235 4236 4336 10
4336 4236 4337 10
4236 4237 4338 10
4236 4338 4337 10
4237 4238 4338 10
4338 4238 4339 10
4238 4239 4340 10
4238 4340 4339 10
4239 4240 4340 10
4340 4240 4341 10
4240 4241 4342 10
4240 4342 4341 10
4241 4242 4342 10
4342 4242 4343 10
4243 4244 4344 10
4344 4244 4345 10
4244 4245 4346 10
4244 4346 4345 10
4245 4246 4346 10
4346 4246 4347 10
4246 4247 4348 10
4246 4348 4347 10
4247 4248 4348 10
4348 4248 4349 10
4248 4249 4350 10
4248 4350 4349 10
4249 4250 4350 10
4350 4250 4351 10
4250 4251 4352 10
4250 4352 4351 10
4251 4252 4352 10
4352 4252 4353 10
4252 4253 4354 10
4252 4354 4353 10
4253 4254 4354 10
4354 4254 4355 10
4254 4255 4356 10
4254 4356 4355 10
4255 4256 4356 10
4356 4256 4357 10
4256 4257 4358 10
4256 4358 4357 10
4257 4258 4358 10
4358 4258 4359 10
4258 4259 4360 10
4258 4360 4359 10
4259 4260 4360 10
4360 4260 4361 10
4260 4261 4362 10
4260 4362 4361 10
4261 4262 4362 10
4362 4262 4363 10
4262 4263 4364 10
4262 4364 4363 10
4263 4264 4364 10
4364 4264 4365 10
4264 4265 4366 10
4264 4366 4365 10
4265 4266 4366 10
4366 4266 4367 10
4266 4267 4368 10
4266 4368 4367 10
4267 4268 4368 10
4368 4268 4369 10
4268 4269 4370 10
4268 4370 4369 10
4269 4270 4370 10
4370 4270 4371 10
4270 4271 4372 10
4270 4372 4371 10
4271 4272 4372 10
4372 4272 4373 10
4272 4273 4374 10
4272 4374 4373 10
4273 4274 4374 10
4374 4274 4375 10
4274 4275 4376 10
4274 4376 4375 10
4275 4276 4376 10
4376 4276 4377 10
4276 4277 4378 10
4276 4378 4377 10
4277 4278 4378 10
4378 4278 4379 10
4278 4279 4380 10
4278 4380 4379 10
4279 4280 4380 10
4380 4280 4381 10
4280 4281 4382 10
4280 4382 4381 10
4281 4282 4382 10
4382 4282 4383 10
4282 4283 4384 10
4282 4384 4383 10
4283 4284 4384 10
4384 4284 4385 10
4284 4285 4386 10
4284 4386 4385 10
4285 4286 4386 10
4386 4286 4387 10
4286 4287 4388 10
4286 4388 4387 10
4287 4288 4388 10
4388 4288 4389 10
4288 4289 4390 10
4288 4390 4389 10
4289 4290 4390 10
4390 4290 4391 10
4290 4291 4392 10
4290 4392 4391 10
4291 4292 4392 10
4392 4292 4393 10
4292 4293 4394 10
4292 4394 4393 10
4293 4294 4394 10
4394 4294 4395 10
4294 4295 4396 10
4294 4396 4395 10
4295 4296 4396 10
4396 4296 4397 10
4296 4297 4398 10
4296 4398 4397 10
4297 4298 4398 10
4398 4298 4399 10
4298 4299 4400 10
4298 4400 4399 10
4299 4300 4400 10
4400 4300 4401 10
4300 4301 4402 10
4300 4402 4401 10
4301 4302 4402 10
4402 4302 4403 10
4302 4303 4404 10
4302 4404 4403 10
4303 4304 4404 10
4404 4304 4405 10
4304 4305 4406 10
4304 4406 4405 10
4305 4306 4406 10
4406 4306 4407 10
4306 4307 4408 10
4306 4408 4407 10
4307 4308 4408 10
4408 4308 4409 10
4308 4309 4410 10
4308 4410 4409 10
4309 4310 4410 10
4410 4310 4411 10
4310 4311 4412 10
4310 4412 4411 10
4311 4312 4412 10
4412 4312 4413 10
4312 4313 4414 10
4312 4414 4413 10
4313 4314 4414 10
4414 4314 4415 10
4314 4315 4416 10
4314 4416 4415 10
4315 4316 4416 10
4416 4316 4417 10
4316 4317 4418 10
4316 4418 4417 10
4317 4318 4418 10
4418 4318 4419 10
4318 4319 4420 10
4318 4420 4419 10
4319 4320 4420 10
4420 4320 4421 10
4320 4321 4422 10
4320 4422 4421 10
4321 4322 4422 10
4422 4322 4423 10
4322 4323 4424 10
4322 4424 4423 10
4323 4324 4424 10
4424 4324 4425 10
4324 4325 4426 10
4324 4426 4425 10
4325 4326 4426 10
4426 4326 4427 10
4326 4327 4428 10
4326 4428 4427 10
4327 4328 4428 10
4428 4328 4429 10
4328 4329 4430 10
4328 4430 4429 10
4329 4330 4430 10
4430 4330 4431 10
4330 4331 4432 10
4330 4432 4431 10
4331 4332 4432 10
4432 4332 4433 10
4332 4333 4434 10
4332 4434 4433 10
4333 4334 4434 10
4434 4334 4435 10
4334 4335 4436 10
4334 4436 4435 10
4335 4336 4436 10
4436 4336 4437 10
4336 4337 4438 10
4336 4438 4437 10
4337 4338 4438 10
4438 4338 4439 10
4338 4339 4440 10
4338 4440 4439 10
4339 4340 4440 10
4440 4340 4441 10
4340 4341 4442 10
4340 4442 4441 10
4341 4342 4442 10
4442 4342 4443 10
4342 4343 4444 10
4342 4444 4443 10
4344 4345 4446 10
4344 4446 4445 10
4345 4346 4446 10
4446 4346 4447 10
4346 4347 4448 10
4346 4448 4447 10
4347 4348 4448 10
4448 4348 4449 10
4348 4349 4450 10
4348 4450 4449 10
4349 4350 4450 10
4450 4350 4451 10
4350 4351 4452 10
4350 4452 4451 10
4351 4352 4452 10
4452 4352 4453 10
4352 4353 4454 10
4352 4454 4453 10
4353 4354 4454 10
4454 4354 4455 10
4354 4355 4456 10
4354 4456 4455 10
4355 4356 4456 10
4456 4356 4457 10
4356 4357 4458 10
4356 4458 4457 10
4357 4358 4458 10
4458 4358 4459 10
4358 4359 4460 10
4358 4460 4459 10
4359 4360 4460 10
4460 4360 4461 10
4360 4361 4462 10
4360 4462 4461 10
4361 4362 4462 10
4462 4362 4463 10
4362 4363 4464 10
4362 4464 4463 10
4363 4364 4464 10
4464 4364 4465 10
4364 4365 4466 10
4364 4466 4465 10
4365 4366 4466 10
4466 4366 4467 10
4366 4367 4468 10
4366 4468 4467 10
4367 4368 4468 10
4468 4368 4469 10
4368 4369 4470 10
4368 4470 4469 10
4369 4370 4470 10
4470 4370 4471 10
4370 4371 4472 10
4370 4472 4471 10
4371 4372 4472 10
4472 4372 4473 10
4372 4373 4474 10
4372 4474 4473 10
4373 4374 4474 10
4474 4374 4475 10
4374 4375 4476 10
4374 4476 4475 10
4375 4376 4476 10
4476 4376 4477 10
4376 4377 4478 10
4376 4478 4477 10
4377 4378 4478 10
4478 4378 4479 10
4378 4379 4480 10
4378 4480 4479 10
4379 4380 4480 10
4480 4380 4481 10
4380 4381 4482 10
4380 4482 4481 10
4381 4382 4482 10
4482 4382 4483 10
4382 4383 4484 10
4382 4484 4483 10
4383 4384 4484 10
4484 4384 4485 10
4384 4385 4486 10
4384 4486 4485 10
4385 4386 4486 10
4486 4386 4487 10
4386 4387 4488 10
4386 4488 4487 10
4387 4388 4488 10
4488 4388 4489 10
4388 4389 4490 10
4388 4490 4489 10
4389 4390 4490 10
4490 4390 4491 10
4390 4391 4492 10
4390 4492 4491 10
4391 4392 4492 10
4492 4392 4493 10
4392 4393 4494 10
4392 4494 4493 10
4393 4394 4494 10
4494 4394 4495 10
4394 4395 4496 10
4394 4496 4495 10
4395 4396 4496 10
4496 4396 4497 10
4396 4397 4498 10
4396 4498 4497 10
4397 4398 4498 10
4498 4398 4499 10
4398 4399 4500 10
4398 4500 4499 10
4399 4400 4500 10
4500 4400 4501 10
4400 4401 4502 10
4400 4502 4501 10
4401 4402 4502 10
4502 4402 4503 10
4402 4403 4504 10
4402 4504 4503 10
4403 4404 4504 10
4504 4404 4505 10
4404 4405 4506 10
4404 4506 4505 10
4405 4406 4506 10
4506 4406 4507 10
4406 4407 4508 10
4406 4508 4507 10
4407 4408 4508 10
4508 4408 4509 10
4408 4409 4510 10
4408 4510 4509 10
4409 4410 4510 10
4510 4410 4511 10
4410 4411 4512 10
4410 4512 4511 10
4411 4412 4512 10
4512 4412 4513 10
4412 4413 4514 10
4412 4514 4513 10
4413 4414 4514 10
4514 4414 4515 10
4414 4415 4516 10
4414 4516 4515 10
4415 4416 4516 10
4516 4416 4517 10
4416 4417 4518 10
4416 4518 4517 10
4417 4418 4518 10
4518 4418 4519 10
4418 4419 4520 10
4418 4520 4519 10
4419 4420 4520 10
4520 4420 4521 10
4420 4421 4522 10
4420 4522 4521 10
4421 4422 4522 10
4522 4422 4523 10
4422 4423 4524 10
4422 4524 4523 10
4423 4424 4524 10
4524 4424 4525 10
4424 4425 4526 10
4424 4526 4525 10
4425 4426 4526 10
4526 4426 4527 10
4426 4427 4528 10
4426 4528 4527 10
4427 4428 4528 10
4528 4428 4529 10
4428 4429 4530 10
4428 4530 4529 10
4429 4430 4530 10
4530 4430 4531 10
4430 4431 4532 10
4430 4532 4531 10
4431 4432 4532 10
4532 4432 4533 10
4432 4433 4534 10
4432 4534 4533 10
4433 4434 4534 10
4534 4434 4535 10
4434 4435 4536 10
4434 4536 4535 10
4435 4436 4536 10
4536 4436 4537 10
4436 4437 4538 10
4436 4538 4537 10
4437 4438 4538 10
4538 4438 4539 10
4438 4439 4540 10
4438 4540 4539 10
4439 4440 4540 10
4540 4440 4541 10
4440 4441 4542 10
4440 4542 4541 10
4441 4442 4542 10
4542 4442 4543 10
4442 4443 4544 10
4442 4544 4543 10
4443 4444 4544 10
4544 4444 4545 10
4445 4446 4546 10
4546 4446 4547 10
4446 4447 4548 10
4446 4548 4547 10
4447 4448 4548 10
4548 4448 4549 10
4448 4449 4550 10
4448 4550 4549 10
4449 4450 4550 10
4550 4450 4551 10
4450 4451 4552 10
4450 4552 4551 10
4451 4452 4552 10
4552 4452 4553 10
4452 4453 4554 10
4452 4554 4553 10
4453 4454 4554 10
4554 4454 4555 10
4454 4455 4556 10
4454 4556 4555 10
4455 4456 4556 10
4556 4456 4557 10
4456 4457 4558 10
4456 4558 4557 10
4457 4458 4558 10
4558 4458 4559 10
4458 4459 4560 10
4458 4560 4559 10
4459 4460 4560 10
4560 4460 4561 10
4460 4461 4562 10
4460 4562 4561 10
4461 4462 4562 10
4562 4462 4563 10
4462 4463 4564 10
4462 4564 4563 10
4463 4464 4564 10
4564 4464 4565 10
4464 4465 4566 10
4464 4566 4565 10
4465 4466 4566 10
4566 4466 4567 10
4466 4467 4568 10
4466 4568 4567 10
4467 4468 4568 10
4568 4468 4569 10
4468 4469 4570 10
4468 4570 4569 10
4469 4470 4570 10
4570 4470 4571 10
4470 4471 4572 10
4470 4572 4571 10
4471 4472 4572 10
4572 4472 4573 10
4472 4473 4574 10
4472 4574 4573 10
4473 4474 4574 10
4574 4474 4575 10
4474 4475 4576 10
4474 4576 4575 10
4475 4476 4576 10
4576 4476 4577 10
4476 4477 4578 10
4476 4578 4577 10
4477 4478 4578 10
4578 4478 4579 10
4478 4479 4580 10
4478 4580 4579 10
4479 4480 4580 10
4580 4480 4581 10
4480 4481 4582 10
4480 4582 4581 10
4481 4482 4582 10
4582 4482 4583 10
4482 4483 4584 10
4482 4584 4583 10
4483 4484 4584 10
4584 4484 4585 10
4484 4485 4586 10
4484 4586 4585 10
4485 4486 4586 10
4586 4486 4587 10
4486 4487 4588 10
4486 4588 4587 10
4487 4488 4588 10
4588 4488 4589 10
4488 4489 4590 10
4488 4590 4589 10
4489 4490 4590 10
4590 4490 4591 10
4490 4491 4592 10
4490 4592 4591 10
4491 4492 4592 10
4592 4492 4593 10
4492 4493 4594 10
4492 4594 4593 10
4493 4494 4594 10
4594 4494 4595 10
4494 4495 4596 10
4494 4596 4595 10
4495 4496 4596 10
4596 4496 4597 10
4496 4497 4598 10
4496 4598 4597 10
4497 4498 4598 10
4598 4498 4599 10
4498 4499 4600 10
4498 4600 4599 10
4499 4500 4600 10
4600 4500 4601 10
4500 4501 4602 10
4500 4602 4601 10
4501 4502 4602 10
4602 4502 4603 10
4502 4503 4604 10
4502 4604 4603 10
4503 4504 4604 10
4604 4504 4605 10
4504 4505 4606 10
4504 4606 4605 10
4505 4506 4606 10
4606 4506 4607 10
4506 4507 4608 10
4506 4608 4607 10
4507 4508 4608 10
4608 4508 4609 10
4508 4509 4610 10
4508 4610 4609 10
4509 4510 4610 10
4610 4510 4611 10
4510 4511 4612 10
4510 4612 4611 10
4511 4512 4612 10
4612 4512 4613 10
4512 4513 4614 10
4512 4614 4613 10
4513 4514 4614 10
4614 4514 4615 10
4514 4515 4616 10
4514 4616 4615 10
4515 4516 4616 10
4616 4516 4617 10
4516 4517 4618 10
4516 4618 4617 10
4517 4518 4618 10
4618 4518 4619 10
4518 4519 4620 10
4518 4620 4619 10
4519 4520 4620 10
4620 4520 4621 10
4520 4521 4622 10
4520 4622 4621 10
4521 4522 4622 10
4622 4522 4623 10
4522 4523 4624 10
4522 4624 4623 10
4523 4524 4624 10
4624 4524 4625 10
4524 4525 4626 10
4524 4626 4625 10
4525 4526 4626 10
4626 4526 4627 10
4526 4527 4628 10
4526 4628 4627 10
4527 4528 4628 10
4628 4528 4629 10
4528 4529 4630 10
4528 4630 4629 10
4529 4530 4630 10
4630 4530 4631 10
4530 4531 4632 10
4530 4632 4631 10
4531 4532 4632 10
4632 4532 4633 10
4532 4533 4634 10
4532 4634 4633 10
4533 4534 4634 10
4634 4534 4635 10
4534 4535 4636 10
4534 4636 4635 10
4535 4536 4636 10
4636 4536 4637 10
4536 4537 4638 10
4536 4638 4637 10
4537 4538 4638 10
4638 4538 4639 10
4538 4539 4640 10
4538 4640 4639 10
4539 4540 4640 10
4640 4540 4641 10
4540 4541 4642 10
4540 4642 4641 10
4541 4542 4642 10
4642 4542 4643 10
4542 4543 4644 10
4542 4644 4643 10
4543 4544 4644 10
4644 4544 4645 10
4544 4545 4646 10
4544 4646 4645 10
4546 4547 4648 10
4546 4648 4647 10
4547 4548 4648 10
4648 4548 4649 10
4548 4549 4650 10
4548 4650 4649 10
4549 4550 4650 10
4650 4550 4651 10
4550 4551 4652 10
4550 4652 4651 10
4551 4552 4652 10
4652 4552 4653 10
4552 4553 4654 10
4552 4654 4653 10
4553 4554 4654 10
4654 4554 4655 10
4554 4555 4656 10
4554 4656 4655 10
4555 4556 4656 10
4656 4556 4657 10
4556 4557 4658 10
4556 4658 4657 10
4557 4558 4658 10
4658 4558 4659 10
4558 4559 4660 10
4558 4660 4659 10
4559 4560 4660 10
4660 4560 4661 10
4560 4561 4662 10
4560 4662 4661 10
4561 4562 4662 10
4662 4562 4663 10
4562 4563 4664 10
4562 4664 4663 10
4563 4564 4664 10
4664 4564 4665 10
4564 4565 4666 10
4564 4666 4665 10
4565 4566 4666 10
4666 4566 4667 10
4566 4567 4668 10
4566 4668 4667 10
4567 4568 4668 10
4668 4568 4669 10
4568 4569 4670 10
4568 4670 4669 10
4569 4570 4670 10
4670 4570 4671 10
4570 4571 4672 10
4570 4672 4671 10
4571 4572 4672 10
4672 4572 4673 10
4572 4573 4674 10
4572 4674 4673 10
4573 4574 4674 10
4674 4574 4675 10
4574 4575 4676 10
4574 4676 4675 10
4575 4576 4676 10
4676 4576 4677 10
4576 4577 4678 10
4576 4678 4677 10
4577 4578 4678 10
4678 4578 4679 10
4578 4579 4680 10
4578 4680 4679 10
4579 4580 4680 10
4680 4580 4681 10
4580 4581 4682 10
4580 4682 4681 10
4581 4582 4682 10
4682 4582 4683 10
4582 4583 4684 10
4582 4684 4683 10
4583 4584 4684 10
4684 4584 4685 10
4584 4585 4686 10
4584 4686 4685 10
4585 4586 4686 10
4686 4586 4687 10
4586 4587 4688 10
4586 4688 4687 10
4587 4588 4688 10
4688 4588 4689 10
4588 4589 4690 10
4588 4690 4689 10
4589 4590 4690 10
4690 4590 4691 10
4590 4591 4692 10
4590 4692 4691 10
4591 4592 4692 10
4692 4592 4693 10
4592 4593 4694 10
4592 4694 4693 10
4593 4594 4694 10
4694 4594 4695 10
4594 4595 4696 10
4594 4696 4695 10
4595 4596 4696 10
4696 4596 4697 10
4596 4597 4698 10
4596 4698 4697 10
4597 4598 4698 10
4698 4598 4699 10
4598 4599 4700 10
4598 4700 4699 10
4599 4600 4700 10
4700 4600 4701 10
4600 4601 4702 10
4600 4702 4701 10
4601 4602 4702 10
4702 4602 4703 10
4602 4603 4704 10
4602 4704 4703 10
4603 4604 4704 10
4704 4604 4705 10
4604 4605 4706 10
4604 4706 4705 10
4605 4606 4706 10
4706 4606 4707 10
4606 4607 4708 10
4606 4708 4707 10
4607 4608 4708 10
4708 4608 4709 10
4608 4609 4710 10
4608 4710 4709 10
4609 4610 4710 10
4710 4610 4711 10
4610 4611 4712 10
4610 4712 4711 10
4611 4612 4712 10
4712 4612 4713 10
4612 4613 4714 10
4612 4714 4713 10
4613 4614 4714 10
4714 4614 4715 10
4614 4615 4716 10
4614 4716 4715 10
4615 4616 4716 10
4716 4616 4717 10
4616 4617 4718 10
4616 4718 4717 10
4617 4618 4718 10
4718 4618 4719 10
4618 4619 4720 10
4618 4720 4719 10
4619 4620 4720 10
4720 4620 4721 10
4620 4621 4722 10
4620 4722 4721 10
4621 4622 4722 10
4722 4622 4723 10
4622 4623 4724 10
4622 4724 4723 10
4623 4624 4724 10
4724 4624 4725 10
4624 4625 4726 10
4624 4726 4725 10
4625 4626 4726 10
4726 4626 4727 10
4626 4627 4728 10
4626 4728 4727 10
4627 4628 4728 10
4728 4628 4729 10
4628 4629 4730 10
4628 4730 4729 10
4629 4630 4730 10
4730 4630 4731 10
4630 4631 4732 10
4630 4732 4731 10
4631 4632 4732 10
4732 4632 4733 10
4632 4633 4734 10
4632 4734 4733 10
4633 4634 4734 10
4734 4634 4735 10
4634 4635 4736 10
4634 4736 4735 10
4635 4636 4736 10
4736 4636 4737 10
4636 4637 4738 10
4636 4738 4737 10
4637 4638 4738 10
4738 4638 4739 10
4638 4639 4740 10
4638 4740 4739 10
4639 4640 4740 10
4740 4640 4741 10
4640 4641 4742 10
4640 4742 4741 10
4641 4642 4742 10
4742 4642 4743 10
4642 4643 4744 10
4642 4744 4743 10
4643 4644 4744 10
4744 4644 4745 10
4644 4645 4746 10
4644 4746 4745 10
4645 4646 4746 10
4746 4646 4747 10
4647 4648 4748 10
4748 4648 4749 10
4648 4649 4750 10
4648 4750 4749 10
4649 4650 4750 10
4750 4650 4751 10
4650 4651 4752 10
4650 4752 4751 10
4651 4652 4752 10
4752 4652 4753 10
4652 4653 4754 10
4652 4754 4753 10
4653 4654 4754 10
4754 4654 4755 10
4654 4655 4756 10
4654 4756 4755 10
4655 4656 4756 10
4756 4656 4757 10
4656 4657 4758 10
4656 4758 4757 10
4657 4658 4758 10
4758 4658 4759 10
4658 4659 4760 10
4658 4760 4759 10
4659 4660 4760 10
4760 4660 4761 10
4660 4661 4762 10
4660 4762 4761 10
4661 4662 4762 10
4762 4662 4763 10
4662 4663 4764 10
4662 4764 4763 10
4663 4664 4764 10
4764 4664 4765 10
4664 4665 4766 10
4664 4766 4765 10
4665 4666 4766 10
4766 4666 4767 10
4666 4667 4768 10
4666 4768 4767 10
4667 4668 4768 10
4768 4668 4769 10
4668 4669 4770 10
4668 4770 4769 10
4669 4670 4770 10
4770 4670 4771 10
4670 4671 4772 10
4670 4772 4771 10
4671 4672 4772 10
4772 4672 4773 10
4672 4673 4774 10
4672 4774 4773 10
4673 4674 4774 10
4774 4674 4775 10
4674 4675 4776 10
4674 4776 4775 10
4675 4676 4776 10
4776 4676 4777 10
4676 4677 4778 10
4676 4778 4777 10
4677 4678 4778 10
4778 4678 4779 10
4678 4679 4780 10
4678 4780 4779 10
4679 4680 4780 10
4780 4680 4781 10
4680 4681 4782 10
4680 4782 4781 10
4681 4682 4782 10
4782 4682 4783 10
4682 4683 4784 10
4682 4784 4783 10
4683 4684 4784 10
4784 4684 4785 10
4684 4685 4786 10
4684 4786 4785 10
4685 4686 4786 10
4786 4686 4787 10
4686 4687 4788 10
4686 4788 4787 10
4687 4688 4788 10
4788 4688 4789 10
4688 4689 4790 10
4688 4790 4789 10
4689 4690 4790 10
4790 4690 4791 10
4690 4691 4792 10
4690 4792 4791 10
4691 4692 4792 10
4792 4692 4793 10
4692 4693 4794 10
4692 4794 4793 10
4693 4694 4794 10
4794 4694 4795 10
4694 4695 4796 10
4694 4796 4795 10
4695 4696 4796 10
4796 4696 4797 10
4696 4697 4798 10
4696 4798 4797 10
4697 4698 4798 10
4798 4698 4799 10
4698 4699 4800 10
4698 4800 4799 10
4699 4700 4800 10
4800 4700 4801 10
4700 4701 4802 10
4700 4802 4801 10
4701 4702 4802 10
4802 4702 4803 10
4702 4703 4804 10
4702 4804 4803 10
4703 4704 4804 10
4804 4704 4805 10
4704 4705 4806 10
4704 4806 4805 10
4705 4706 4806 10
4806 4706 4807 10
4706 4707 4808 10
4706 4808 4807 10
4707 4708 4808 10
4808 4708 4809 10
4708 4709 4810 10
4708 4810 4809 10
4709 4710 4810 10
4810 4710 4811 10
4710 4711 4812 10
4710 4812 4811 10
4711 4712 4812 10
4812 4712 4813 10
4712 4713 4814 10
4712 4814 4813 10
4713 4714 4814 10
4814 4714 4815 10
4714 4715 4816 10
4714 4816 4815 10
4715 4716 4816 10
4816 4716 4817 10
4716 4717 4818 10
4716 4818 4817 10
4717 4718 4818 10
4818 4718 4819 10
4718 4719 4820 10
4718 4820 4819 10
4719 4720 4820 10
4820 4720 4821 10
4720 4721 4822 10
4720 4822 4821 10
4721 4722 4822 10
4822 4722 4823 10
4722 4723 4824 10
4722 4824 4823 10
4723 4724 4824 10
4824 4724 4825 10
4724 4725 4826 10
4724 4826 4825 10
4725 4726 4826 10
4826 4726 4827 10
4726 4727 4828 10
4726 4828 4827 10
4727 4728 4828 10
4828 4728 4829 10
4728 4729 4830 10
4728 4830 4829 10
4729 4730 4830 10
4830 4730 4831 10
4730 4731 4832 10
4730 4832 4831 10
4731 4732 4832 10
4832 4732 4833 10
4732 4733 4834 10
4732 4834 4833 10
4733 4734 4834 10
4834 4734 4835 10
4734 4735 4836 10
4734 4836 4835 10
4735 4736 4836 10
4836 4736 4837 10
4736 4737 4838 10
4736 4838 4837 10
4737 4738 4838 10
4838 4738 4839 10
4738 4739 4840 10
4738 4840 4839 10
4739 4740 4840 10
4840 4740 4841 10
4740 4741 4842 10
4740 4842 4841 10
4741 4742 4842 10
4842 4742 4843 10
4742 4743 4844 10
4742 4844 4843 10
4743 4744 4844 10
4844 4744 4845 10
4744 4745 4846 10
4744 4846 4845 10
4745 4746 4846 10
4846 4746 4847 10
4746 4747 4848 10
4746 4848 4847 10
4748 4749 4850 10
4748 4850 4849 10
4749 4750 4850 10
4850 4750 4851 10
4750 4751 4852 10
4750 4852 4851 10
4751 4752 4852 10
4852 4752 4853 10
4752 4753 4854 10
4752 4854 4853 10
4753 4754 4854 10
4854 4754 4855 10
4754 4755 4856 10
4754 4856 4855 10
4755 4756 4856 10
4856 4756 4857 10
4756 4757 4858 10
4756 4858 4857 10
4757 4758 4858 10
4858 4758 4859 10
4758 4759 4860 10
4758 4860 4859 10
4759 4760 4860 10
4860 4760 4861 10
4760 4761 4862 10
4760 4862 4861 10
4761 4762 4862 10
4862 4762 4863 10
4762 4763 4864 10
4762 4864 4863 10
4763 4764 4864 10
4864 4764 4865 10
4764 4765 4866 10
4764 4866 4865 10
4765 4766 4866 10
4866 4766 4867 10
4766 4767 4868 10
4766 4868 4867 10
4767 4768 4868 10
4868 4768 4869 10
4768 4769 4870 10
4768 4870 4869 10
4769 4770 4870 10
4870 4770 4871 10
4770 4771 4872 10
4770 4872 4871 10
4771 4772 4872 10
4872 4772 4873 10
4772 4773 4874 10
4772 4874 4873 10
4773 4774 4874 10
4874 4774 4875 10
4774 4775 4876 10
4774 4876 4875 10
4775 4776 4876 10
4876 4776 4877 10
4776 4777 4878 10
4776 4878 4877 10
4777 4778 4878 10
4878 4778 4879 10
4778 4779 4880 10
4778 4880 4879 10
4779 4780 4880 10
4880 4780 4881 10
4780 4781 4882 10
4780 4882 4881 10
4781 4782 4882 10
4882 4782 4883 10
4782 4783 4884 10
4782 4884 4883 10
4783 4784 4884 10
4884 4784 4885 10
4784 4785 4886 10
4784 4886 4885 10
4785 4786 4886 10
4886 4786 4887 10
4786 4787 4888 10
4786 4888 4887 10
4787 4788 4888 10
4888 4788 4889 10
4788 4789 4890 10
4788 4890 4889 10
4789 4790 4890 10
4890 4790 4891 10
4790 4791 4892 10
4790 4892 4891 10
4791 4792 4892 10
4892 4792 4893 10
4792 4793 4894 10
4792 4894 4893 10
4793 4794 4894 10
4894 4794 4895 10
4794 4795 4896 10
4794 4896 4895 10
4795 4796 4896 10
4896 4796 4897 10
4796 4797 4898 10
4796 4898 4897 10
4797 4798 4898 10
4898 4798 4899 10
4798 4799 4900 10
4798 4900 4899 10
4799 4800 4900 10
4900 4800 4901 10
4800 4801 4902 10
4800 4902 4901 10
4801 4802 4902 10
4902 4802 4903 10
4802 4803 4904 10
4802 4904 4903 10
4803 4804 4904 10
4904 4804 4905 10
4804 4805 4906 10
4804 4906 4905 10
4805 4806 4906 10
4906 4806 4907 10
4806 4807 4908 10
4806 4908 4907 10
4807 4808 4908 10
4908 4808 4909 10
4808 4809 4910 10
4808 4910 4909 10
4809 4810 4910 10
4910 4810 4911 10
4810 4811 4912 10
4810 4912 4911 10
4811 4812 4912 10
4912 4812 4913 10
4812 4813 4914 10
4812 4914 4913 10
4813 4814 4914 10
4914 4814 4915 10
4814 4815 4916 10
4814 4916 4915 10
4815 4816 4916 10
4916 4816 4917 10
4816 4817 4918 10
4816 4918 4917 10
4817 4818 4918 10
4918 4818 4919 10
4818 4819 4920 10
4818 4920 4919 10
4819 4820 4920 10
4920 4820 4921 10
4820 4821 4922 10
4820 4922 4921 10
4821 4822 4922 10
4922 4822 4923 10
4822 4823 4924 10
4822 4924 4923 10
4823 4824 4924 10
4924 4824 4925 10
4824 4825 4926 10
4824 4926 4925 10
4825 4826 4926 10
4926 4826 4927 10
4826 4827 4928 10
4826 4928 4927 10
4827 4828 4928 10
4928 4828 4929 10
4828 4829 4930 10
4828 4930 4929 10
4829 4830 4930 10
4930 4830 4931 10
4830 4831 4932 10
4830 4932 4931 10
4831 4832 4932 10
4932 4832 4933 10
4832 4833 4934 10
4832 4934 4933 10
4833 4834 4934 10
4934 4834 4935 10
4834 4835 4936 10
4834 4936 4935 10
4835 4836 4936 10
4936 4836 4937 10
4836 4837 4938 10
4836 4938 4937 10
4837 4838 4938 10
4938 4838 4939 10
4838 4839 4940 10
4838 4940 4939 10
4839 4840 4940 10
4940 4840 4941 10
4840 4841 4942 10
4840 4942 4941 10
4841 4842 4942 10
4942 4842 4943 10
4842 4843 4944 10
4842 4944 4943 10
4843 4844 4944 10
4944 4844 4945 10
4844 4845 4946 10
4844 4946 4945 10
4845 4846 4946 10
4946 4846 4947 10
4846 4847 4948 10
4846 4948 4947 10
4847 4848 4948 10
4948 4848 4949 10
4849 4850 4950 10
4950 4850 4951 10
4850 4851 4952 10
4850 4952 4951 10
4851 4852 4952 10
4952 4852 4953 10
4852 4853 4954 10
4852 4954 4953 10
4853 4854 4954 10
4954 4854 4955 10
4854 4855 4956 10
4854 4956 4955 10
4855 4856 4956 10
4956 4856 4957 10
4856 4857 4958 10
4856 4958 4957 10
4857 4858 4958 10
4958 4858 4959 10
4858 4859 4960 10
4858 4960 4959 10
4859 4860 4960 10
4960 4860 4961 10
4860 4861 4962 10
4860 4962 4961 10
4861 4862 4962 10
4962 4862 4963 10
4862 4863 4964 10
4862 4964 4963 10
4863 4864 4964 10
4964 4864 4965 10
4864 4865 4966 10
4864 4966 4965 10
4865 4866 4966 10
4966 4866 4967 10
4866 4867 4968 10
4866 4968 4967 10
4867 4868 4968 10
4968 4868 4969 10
4868 4869 4970 10
4868 4970 4969 10
4869 4870 4970 10
4970 4870 4971 10
4870 4871 4972 10
4870 4972 4971 10
4871 4872 4972 10
4972 4872 4973 10
4872 4873 4974 10
4872 4974 4973 10
4873 4874 4974 10
4974 4874 4975 10
4874 4875 4976 10
4874 4976 4975 10
4875 4876 4976 10
4976 4876 4977 10
4876 4877 4978 10
4876 4978 4977 10
4877 4878 4978 10
4978 4878 4979 10
4878 4879 4980 10
4878 4980 4979 10
4879 4880 4980 10
4980 4880 4981 10
4880 4881 4982 10
4880 4982 4981 10
4881 4882 4982 10
4982 4882 4983 10
4882 4883 4984 10
4882 4984 4983 10
4883 4884 4984 10
4984 4884 4985 10
4884 4885 4986 10
4884 4986 4985 10
4885 4886 4986 10
4986 4886 4987 10
4886 4887 4988 10
4886 4988 4987 10
4887 4888 4988 10
4988 4888 4989 10
4888 4889 4990 10
4888 4990 4989 10
4889 4890 4990 10
4990 4890 4991 10
4890 4891 4992 10
4890 4992 4991 10
4891 4892 4992 10
4992 4892 4993 10
4892 4893 4994 10
4892 4994 4993 10
4893 4894 4994 10
4994 4894 4995 10
4894 4895 4996 10
4894 4996 4995 10
4895 4896 4996 10
4996 4896 4997 10
4896 4897 4998 10
4896 4998 4997 10
4897 4898 4998 10
4998 4898 4999 10
4898 4899 5000 10
4898 5000 4999 10
4899 4900 5000 10
5000 4900 5001 10
4900 4901 5002 10
4900 5002 5001 10
4901 4902 5002 10
5002 4902 5003 10
4902 4903 5004 10
4902 5004 5003 10
4903 4904 5004 10
5004 4904 5005 10
4904 4905 5006 10
4904 5006 5005 10
4905 4906 5006 10
5006 4906 5007 10
4906 4907 5008 10
4906 5008 5007 10
4907 4908 5008 10
5008 4908 5009 10
4908 4909 5010 10
4908 5010 5009 10
4909 4910 5010 10
5010 4910 5011 10
4910 4911 5012 10
4910 5012 5011 10
4911 4912 5012 10
5012 4912 5013 10
4912 4913 5014 10
4912 5014 5013 10
4913 4914 5014 10
5014 4914 5015 10
4914 4915 5016 10
4914 5016 5015 10
4915 4916 5016 10
5016 4916 5017 10
4916 4917 5018 10
4916 5018 5017 10
4917 4918 5018 10
5018 4918 5019 10
4918 4919 5020 10
4918 5020 5019 10
4919 4920 5020 10
5020 4920 5021 10
4920 4921 5022 10
4920 5022 5021 10
4921 4922 5022 10
5022 4922 5023 10
4922 4923 5024 10
4922 5024 5023 10
4923 4924 5024 10
5024 4924 5025 10
4924 4925 5026 10
4924 5026 5025 10
4925 4926 5026 10
5026 4926 5027 10
4926 4927 5028 10
4926 5028 5027 10
4927 4928 5028 10
5028 4928 5029 10
4928 4929 5030 10
4928 5030 5029 10
4929 4930 5030 10
5030 4930 5031 10
4930 4931 5032 10
4930 5032 5031 10
4931 4932 5032 10
5032 4932 5033 10
4932 4933 5034 10
4932 5034 5033 10
4933 4934 5034 10
5034 4934 5035 10
4934 4935 5036 10
4934 5036 5035 10
4935 4936 5036 10
5036 4936 5037 10
4936 4937 5038 10
4936 5038 5037 10
4937 4938 5038 10
5038 4938 5039 10
4938 4939 5040 10
4938 5040 5039 10
4939 4940 5040 10
5040 4940 5041 10
4940 4941 5042 10
4940 5042 5041 10
4941 4942 5042 10
5042 4942 5043 10
4942 4943 5044 10
4942 5044 5043 10
4943 4944 5044 10
5044 4944 5045 10
4944 4945 5046 10
4944 5046 5045 10
4945 4946 5046 10
5046 4946 5047 10
4946 4947 5048 10
4946 5048 5047 10
4947 4948 5048 10
5048 4948 5049 10
4948 4949 5050 10
4948 5050 5049 10
4950 4951 5052 10
4950 5052 5051 10
4951 4952 5052 10
5052 4952 5053 10
4952 4953 5054 10
4952 5054 5053 10
4953 4954 5054 10
5054 4954 5055 10
4954 4955 5056 10
4954 5056 5055 10
4955 4956 5056 10
5056 4956 5057 10
4956 4957 5058 10
4956 5058 5057 10
4957 4958 5058 10
5058 4958 5059 10
4958 4959 5060 10
4958 5060 5059 10
4959 4960 5060 10
5060 4960 5061 10
4960 4961 5062 10
4960 5062 5061 10
4961 4962 5062 10
5062 4962 5063 10
4962 4963 5064 10
4962 5064 5063 10
4963 4964 5064 10
5064 4964 5065 10
4964 4965 5066 10
4964 5066 5065 10
4965 4966 5066 10
5066 4966 5067 10
4966 4967 5068 10
4966 5068 5067 10
4967 4968 5068 10
5068 4968 5069 10
4968 4969 5070 10
4968 5070 5069 10
4969 4970 5070 10
5070 4970 5071 10
4970 4971 5072 10
4970 5072 5071 10
4971 4972 5072 10
5072 4972 5073 10
4972 4973 5074 10
4972 5074 5073 10
4973 4974 5074 10
5074 4974 5075 10
4974 4975 5076 10
4974 5076 5075 10
4975 4976 5076 10
5076 4976 5077 10
4976 4977 5078 10
4976 5078 5077 10
4977 4978 5078 10
5078 4978 5079 10
4978 4979 5080 10
4978 5080 5079 10
4979 4980 5080 10
5080 4980 5081 10
4980 4981 5082 10
4980 5082 5081 10
4981 4982 5082 10
5082 4982 5083 10
4982 4983 5084 10
4982 5084 5083 10
4983 4984 5084 10
5084 4984 5085 10
4984 4985 5086 10
4984 5086 5085 10
4985 4986 5086 10
5086 4986 5087 10
4986 4987 5088 10
4986 5088 5087 10
4987 4988 5088 10
5088 4988 5089 10
4988 4989 5090 10
4988 5090 5089 10
4989 4990 5090 10
5090 4990 5091 10
4990 4991 5092 10
4990 5092 5091 10
4991 4992 5092 10
5092 4992 5093 10
4992 4993 5094 10
4992 5094 5093 10
4993 4994 5094 10
5094 4994 5095 10
4994 4995 5096 10
4994 5096 5095 10
4995 4996 5096 10
5096 4996 5097 10
4996 4997 5098 10
4996 5098 5097 10
4997 4998 5098 10
5098 4998 5099 10
4998 4999 5100 10
4998 5100 5099 10
4999 5000 5100 10
5100 5000 5101 10
5000 5001 5102 10
5000 5102 5101 10
5001 5002 5102 10
5102 5002 5103 10
5002 5003 5104 10
5002 5104 5103 10
5003 5004 5104 10
5104 5004 5105 10
5004 5005 5106 10
5004 5106 5105 10
5005 5006 5106 10
5106 5006 5107 10
5006 5007 5108 10
5006 5108 5107 10
5007 5008 5108 10
5108 5008 5109 10
5008 5009 5110 10
5008 5110 5109 10
5009 5010 5110 10
5110 5010 5111 10
5010 5011 5112 10
5010 5112 5111 10
5011 5012 5112 10
5112 5012 5113 10
5012 5013 5114 10
5012 5114 5113 10
5013 5014 5114 10
5114 5014 5115 10
5014 5015 5116 10
5014 5116 5115 10
5015 5016 5116 10
5116 5016 5117 10
5016 5017 5118 10
5016 5118 5117 10
5017 5018 5118 10
5118 5018 5119 10
5018 5019 5120 10
5018 5120 5119 10
5019 5020 5120 10
5120 5020 5121 10
5020 5021 5122 10
5020 5122 5121 10
5021 5022 5122 10
5122 5022 5123 10
5022 5023 5124 10
5022 5124 5123 10
5023 5024 5124 10
5124 5024 5125 10
5024 5025 5126 10
5024 5126 5125 10
5025 5026 5126 10
5126 5026 5127 10
5026 5027 5128 10
5026 5128 5127 10
5027 5028 5128 10
5128 5028 5129 10
5028 5029 5130 10
5028 5130 5129 10
5029 5030 5130 10
5130 5030 5131 10
5030 5031 5132 10
5030 5132 5131 10
5031 5032 5132 10
5132 5032 5133 10
5032 5033 5134 10
5032 5134 5133 10
5033 5034 5134 10
5134 5034 5135 10
5034 5035 5136 10
5034 5136 5135 10
5035 5036 5136 10
5136 5036 5137 10
5036 5037 5138 10
5036 5138 5137 10
5037 5038 5138 10
5138 5038 5139 10
5038 5039 5140 10
5038 5140 5139 10
5039 5040 5140 10
5140 5040 5141 10
5040 5041 5142 10
5040 5142 5141 10
5041 5042 5142 10
5142 5042 5143 10
5042 5043 5144 10
5042 5144 5143 10
5043 5044 5144 10
5144 5044 5145 10
5044 5045 5146 10
5044 5146 5145 10
5045 5046 5146 10
5146 5046 5147 10
5046 5047 5148 10
5046 5148 5147 10
5047 5048 5148 10
5148 5048 5149 10
5048 5049 5150 10
5048 5150 5149 10
5049 5050 5150 10
5150 5050 5151 10
5051 5052 5152 10
5152 5052 5153 10
5052 5053 5154 10
5052 5154 5153 10
5053 5054 5154 10
5154 5054 5155 10
5054 5055 5156 10
5054 5156 5155 10
5055 5056 5156 10
5156 5056 5157 10
5056 5057 5158 10
5056 5158 5157 10
5057 5058 5158 10
5158 5058 5159 10
5058 5059 5160 10
5058 5160 5159 10
5059 5060 5160 10
5160 5060 5161 10
5060 5061 5162 10
5060 5162 5161 10
5061 5062 5162 10
5162 5062 5163 10
5062 5063 5164 10
5062 5164 5163 10
5063 5064 5164 10
5164 5064 5165 10
5064 5065 5166 10
5064 5166 5165 10
5065 5066 5166 10
5166 5066 5167 10
5066 5067 5168 10
5066 5168 5167 10
5067 5068 5168 10
5168 5068 5169 10
5068 5069 5170 10
5068 5170 5169 10
5069 5070 5170 10
5170 5070 5171 10
5070 5071 5172 10
5070 5172 5171 10
5071 5072 5172 10
5172 5072 5173 10
5072 5073 5174 10
5072 5174 5173 10
5073 5074 5174 10
5174 5074 5175 10
5074 5075 5176 10
5074 5176 5175 10
5075 5076 5176 10
5176 5076 5177 10
5076 5077 5178 10
5076 5178 5177 10
5077 5078 5178 10
5178 5078 5179 10
5078 5079 5180 10
5078 5180 5179 10
5079 5080 5180 10
5180 5080 5181 10
5080 5081 5182 10
5080 5182 5181 10
5081 5082 5182 10
5182 5082 5183 10
5082 5083 5184 10
5082 5184 5183 10
5083 5084 5184 10
5184 5084 5185 10
5084 5085 5186 10
5084 5186 5185 10
5085 5086 5186 10
5186 5086 5187 10
5086 5087 5188 10
5086 5188 5187 10
5087 5088 5188 10
5188 5088 5189 10
5088 5089 5190 10
5088 5190 5189 10
5089 5090 5190 10
5190 5090 5191 10
5090 5091 5192 10
5090 5192 5191 10
5091 5092 5192 10
5192 5092 5193 10
5092 5093 5194 10
5092 5194 5193 10
5093 5094 5194 10
5194 5094 5195 10
5094 5095 5196 10
5094 5196 5195 10
5095 5096 5196 10
5196 5096 5197 10
5096 5097 5198 10
5096 5198 5197 10
5097 5098 5198 10
5198 5098 5199 10
5098 5099 5200 10
5098 5200 5199 10
5099 5100 5200 10
5200 5100 5201 10
5100 5101 5202 10
5100 5202 5201 10
5101 5102 5202 10
5202 5102 5203 10
5102 5103 5204 10
5102 5204 5203 10
5103 5104 5204 10
5204 5104 5205 10
5104 5105 5206 10
5104 5206 5205 10
5105 5106 5206 10
5206 5106 5207 10
5106 5107 5208 10
5106 5208 5207 10
5107 5108 5208 10
5208 5108 5209 10
5108 5109 5210 10
5108 5210 5209 10
5109 5110 5210 10
5210 5110 5211 10
5110 5111 5212 10
5110 5212 5211 10
5111 5112 5212 10
5212 5112 5213 10
5112 5113 5214 10
5112 5214 5213 10
5113 5114 5214 10
5214 5114 5215 10
5114 5115 5216 10
5114 5216 5215 10
5115 5116 5216 10
5216 5116 5217 10
5116 5117 5218 10
5116 5218 5217 10
5117 5118 5218 10
5218 5118 5219 10
5118 5119 5220 10
5118 5220 5219 10
5119 5120 5220 10
5220 5120 5221 10
5120 5121 5222 10
5120 5222 5221 10
5121 5122 5222 10
5222 5122 5223 10
5122 5123 5224 10
5122 5224 5223 10
5123 5124 5224 10
5224 5124 5225 10
5124 5125 5226 10
5124 5226 5225 10
5125 5126 5226 10
5226 5126 5227 10
5126 5127 5228 10
5126 5228 5227 10
5127 5128 5228 10
5228 5128 5229 10
5128 5129 5230 10
5128 5230 5229 10
5129 5130 5230 10
5230 5130 5231 10
5130 5131 5232 10
5130 5232 5231 10
5131 5132 5232 10
5232 5132 5233 10
5132 5133 5234 10
5132 5234 5233 10
5133 5134 5234 10
5234 5134 5235 10
5134 5135 5236 10
5134 5236 5235 10
5135 5136 5236 10
5236 5136 5237 10
5136 5137 5238 10
5136 5238 5237 10
5137 5138 5238 10
5238 5138 5239 10
5138 5139 5240 10
5138 5240 5239 10
5139 5140 5240 10
5240 5140 5241 10
5140 5141 5242 10
5140 5242 5241 10
5141 5142 5242 10
5242 5142 5243 10
5142 5143 5244 10
5142 5244 5243 10
5143 5144 5244 10
5244 5144 5245 10
5144 5145 5246 10
5144 5246 5245 10
5145 5146 5246 10
5246 5146 5247 10
5146 5147 5248 10
5146 5248 5247 10
5147 5148 5248 10
5248 5148 5249 10
5148 5149 5250 10
5148 5250 5249 10
5149 5150 5250 10
5250 5150 5251 10
5150 5151 5252 10
5150 5252 5251 10
5152 5153 5254 10
5152 5254 5253 10
5153 5154 5254 10
5254 5154 5255 10
5154 5155 5256 10
5154 5256 5255 10
5155 5156 5256 10
5256 5156 5257 10
5156 5157 5258 10
5156 5258 5257 10
5157 5158 5258 10
5258 5158 5259 10
5158 5159 5260 10
5158 5260 5259 10
5159 5160 5260 10
5260 5160 5261 10
5160 5161 5262 10
5160 5262 5261 10
5161 5162 5262 10
5262 5162 5263 10
5162 5163 5264 10
5162 5264 5263 10
5163 5164 5264 10
5264 5164 5265 10
5164 5165 5266 10
5164 5266 5265 10
5165 5166 5266 10
5266 5166 5267 10
5166 5167 5268 10
5166 5268 5267 10
5167 5168 5268 10
5268 5168 5269 10
5168 5169 5270 10
5168 5270 5269 10
5169 5170 5270 10
5270 5170 5271 10
5170 5171 5272 10
5170 5272 5271 10
5171 5172 5272 10
5272 5172 5273 10
5172 5173 5274 10
5172 5274 5273 10
5173 5174 5274 10
5274 5174 5275 10
5174 5175 5276 10
5174 5276 5275 10
5175 5176 5276 10
5276 5176 5277 10
5176 5177 5278 10
5176 5278 5277 10
5177 5178 5278 10
5278 5178 5279 10
5178 5179 5280 10
5178 5280 5279 10
5179 5180 5280 10
5280 5180 5281 10
5180 5181 5282 10
5180 5282 5281 10
5181 5182 5282 10
5282 5182 5283 10
5182 5183 5284 10
5182 5284 5283 10
5183 5184 5284 10
5284 5184 5285 10
5184 5185 5286 10
5184 5286 5285 10
5185 5186 5286 10
5286 5186 5287 10
5186 5187 5288 10
5186 5288 5287 10
5187 5188 5288 10
5288 5188 5289 10
5188 5189 5290 10
5188 5290 5289 10
5189 5190 5290 10
5290 5190 5291 10
5190 5191 5292 10
5190 5292 5291 10
5191 5192 5292 10
5292 5192 5293 10
5192 5193 5294 10
5192 5294 5293 10
5193 5194 5294 10
5294 5194 5295 10
5194 5195 5296 10
5194 5296 5295 10
5195 5196 5296 10
5296 5196 5297 10
5196 5197 5298 10
5196 5298 5297 10
5197 5198 5298 10
5298 5198 5299 10
5198 5199 5300 10
5198 5300 5299 10
5199 5200 5300 10
5300 5200 5301 10
5200 5201 5302 10
5200 5302 5301 10
5201 5202 5302 10
5302 5202 5303 10
5202 5203 5304 10
5202 5304 5303 10
5203 5204 5304 10
5304 5204 5305 10
5204 5205 5306 10
5204 5306 5305 10
5205 5206 5306 10
5306 5206 5307 10
5206 5207 5308 10
5206 5308 5307 10
5207 5208 5308 10
5308 5208 5309 10
5208 5209 5310 10
5208 5310 5309 10
5209 5210 5310 10
5310 5210 5311 10
5210 5211 5312 10
5210 5312 5311 10
5211 5212 5312 10
5312 5212 5313 10
5212 5213 5314 10
5212 5314 5313 10
5213 5214 5314 10
5314 5214 5315 10
5214 5215 5316 10
5214 5316 5315 10
5215 5216 5316 10
5316 5216 5317 10
5216 5217 5318 10
5216 5318 5317 10
5217 5218 5318 10
5318 5218 5319 10
5218 5219 5320 10
5218 5320 5319 10
5219 5220 5320 10
5320 5220 5321 10
5220 5221 5322 10
5220 5322 5321 10
5221 5222 5322 10
5322 5222 5323 10
5222 5223 5324 10
5222 5324 5323 10
5223 5224 5324 10
5324 5224 5325 10
5224 5225 5326 10
5224 5326 5325 10
5225 5226 5326 10
5326 5226 5327 10
5226 5227 5328 10
5226 5328 5327 10
5227 5228 5328 10
5328 5228 5329 10
5228 5229 5330 10
5228 5330 5329 10
5229 5230 5330 10
5330 5230 5331 10
5230 5231 5332 10
5230 5332 5331 10
5231 5232 5332 10
5332 5232 5333 10
5232 5233 5334 10
5232 5334 5333 10
5233 5234 5334 10
5334 5234 5335 10
5234 5235 5336 10
5234 5336 5335 10
5235 5236 5336 10
5336 5236 5337 10
5236 5237 5338 10
5236 5338 5337 10
5237 5238 5338 10
5338 5238 5339 10
5238 5239 5340 10
5238 5340 5339 10
5239 5240 5340 10
5340 5240 5341 10
5240 5241 5342 10
5240 5342 5341 10
5241 5242 5342 10
5342 5242 5343 10
5242 5243 5344 10
5242 5344 5343 10
5243 5244 5344 10
5344 5244 5345 10
5244 5245 5346 10
5244 5346 5345 10
5245 5246 5346 10
5346 5246 5347 10
5246 5247 5348 10
5246 5348 5347 10
5247 5248 5348 10
5348 5248 5349 10
5248 5249 5350 10
5248 5350 5349 10
5249 5250 5350 10
5350 5250 5351 10
5250 5251 5352 10
5250 5352 5351 10
5251 5252 5352 10
5352 5252 5353 10
5253 5254 5354 10
5354 5254 5355 10
5254 5255 5356 10
5254 5356 5355 10
5255 5256 5356 10
5356 5256 5357 10
5256 5257 5358 10
5256 5358 5357 10
5257 5258 5358 10
5358 5258 5359 10
5258 5259 5360 10
5258 5360 5359 10
5259 5260 5360 10
5360 5260 5361 10
5260 5261 5362 10
5260 5362 5361 10
5261 5262 5362 10
5362 5262 5363 10
5262 5263 5364 10
5262 5364 5363 10
5263 5264 5364 10
5364 5264 5365 10
5264 5265 5366 10
5264 5366 5365 10
5265 5266 5366 10
5366 5266 5367 10
5266 5267 5368 10
5266 5368 5367 10
5267 5268 5368 10
5368 5268 5369 10
5268 5269 5370 10
5268 5370 5369 10
5269 5270 5370 10
5370 5270 5371 10
5270 5271 5372 10
5270 5372 5371 10
5271 5272 5372 10
5372 5272 5373 10
5272 5273 5374 10
5272 5374 5373 10
5273 5274 5374 10
5374 5274 5375 10
5274 5275 5376 10
5274 5376 5375 10
5275 5276 5376 10
5376 5276 5377 10
5276 5277 5378 10
5276 5378 5377 10
5277 5278 5378 10
5378 5278 5379 10
5278 5279 5380 10
5278 5380 5379 10
5279 5280 5380 10
5380 5280 5381 10
5280 5281 5382 10
5280 5382 5381 10
5281 5282 5382 10
5382 5282 5383 10
5282 5283 5384 10
5282 5384 5383 10
5283 5284 5384 10
5384 5284 5385 10
5284 5285 5386 10
5284 5386 5385 10
5285 5286 5386 10
5386 5286 5387 10
5286 5287 5388 10
5286 5388 5387 10
5287 5288 5388 10
5388 5288 5389 10
5288 5289 5390 10
5288 5390 5389 10
5289 5290 5390 10
5390 5290 5391 10
5290 5291 5392 10
5290 5392 5391 10
5291 5292 5392 10
5392 5292 5393 10
5292 5293 5394 10
5292 5394 5393 10
5293 5294 5394 10
5394 5294 5395 10
5294 5295 5396 10
5294 5396 5395 10
5295 5296 5396 10
5396 5296 5397 10
5296 5297 5398 10
5296 5398 5397 10
5297 5298 5398 10
5398 5298 5399 10
5298 5299 5400 10
5298 5400 5399 10
5299 5300 5400 10
5400 5300 5401 10
5300 5301 5402 10
5300 5402 5401 10
5301 5302 5402 10
5402 5302 5403 10
5302 5303 5404 10
5302 5404 5403 10
5303 5304 5404 10
5404 5304 5405 10
5304 5305 5406 10
5304 5406 5405 10
5305 5306 5406 10
5406 5306 5407 10
5306 5307 5408 10
5306 5408 5407 10
5307 5308 5408 10
5408 5308 5409 10
5308 5309 5410 10
5308 5410 5409 10
5309 5310 5410 10
5410 5310 5411 10
5310 5311 5412 10
5310 5412 5411 10
5311 5312 5412 10
5412 5312 5413 10
5312 5313 5414 10
5312 5414 5413 10
5313 5314 5414 10
5414 5314 5415 10
5314 5315 5416 10
5314 5416 5415 10
5315 5316 5416 10
5416 5316 5417 10
5316 5317 5418 10
5316 5418 5417 10
5317 5318 5418 10
5418 5318 5419 10
5318 5319 5420 10
5318 5420 5419 10
5319 5320 5420 10
5420 5320 5421 10
5320 5321 5422 10
5320 5422 5421 10
5321 5322 5422 10
5422 5322 5423 10
5322 5323 5424 10
5322 5424 5423 10
5323 5324 5424 10
5424 5324 5425 10
5324 5325 5426 10
5324 5426 5425 10
5325 5326 5426 10
5426 5326 5427 10
5326 5327 5428 10
5326 5428 5427 10
5327 5328 5428 10
5428 5328 5429 10
5328 5329 5430 10
5328 5430 5429 10
5329 5330 5430 10
5430 5330 5431 10
5330 5331 5432 10
5330 5432 5431 10
5331 5332 5432 10
5432 5332 5433 10
5332 5333 5434 10
5332 5434 5433 10
5333 5334 5434 10
5434 5334 5435 10
5334 5335 5436 10
5334 5436 5435 10
5335 5336 5436 10
5436 5336 5437 10
5336 5337 5438 10
5336 5438 5437 10
5337 5338 5438 10
5438 5338 5439 10
5338 5339 5440 10
5338 5440 5439 10
5339 5340 5440 10
5440 5340 5441 10
5340 5341 5442 10
5340 5442 5441 10
5341 5342 5442 10
5442 5342 5443 10
5342 5343 5444 10
5342 5444 5443 10
5343 5344 5444 10
5444 5344 5445 10
5344 5345 5446 10
5344 5446 5445 10
5345 5346 5446 10
5446 5346 5447 10
5346 5347 5448 10
5346 5448 5447 10
5347 5348 5448 10
5448 5348 5449 10
5348 5349 5450 10
5348 5450 5449 10
5349 5350 5450 10
5450 5350 5451 10
5350 5351 5452 10
5350 5452 5451 10
5351 5352 5452 10
5452 5352 5453 10
5352 5353 5454 10
5352 5454 5453 10
5354 5355 5456 10
5354 5456 5455 10
5355 5356 5456 10
5456 5356 5457 10
5356 5357 5458 10
5356 5458 5457 10
5357 5358 5458 10
5458 5358 5459 10
5358 5359 5460 10
5358 5460 5459 10
5359 5360 5460 10
5460 5360 5461 10
5360 5361 5462 10
5360 5462 5461 10
5361 5362 5462 10
5462 5362 5463 10
5362 5363 5464 10
5362 5464 5463 10
5363 5364 5464 10
5464 5364 5465 10
5364 5365 5466 10
5364 5466 5465 10
5365 5366 5466 10
5466 5366 5467 10
5366 5367 5468 10
5366 5468 5467 10
5367 5368 5468 10
5468 5368 5469 10
5368 5369 5470 10
5368 5470 5469 10
5369 5370 5470 10
5470 5370 5471 10
5370 5371 5472 10
5370 5472 5471 10
5371 5372 5472 10
5472 5372 5473 10
5372 5373 5474 10
5372 5474 5473 10
5373 5374 5474 10
5474 5374 5475 10
5374 5375 5476 10
5374 5476 5475 10
5375 5376 5476 10
5476 5376 5477 10
5376 5377 5478 10
5376 5478 5477 10
5377 5378 5478 10
5478 5378 5479 10
5378 5379 5480 10
5378 5480 5479 10
5379 5380 5480 10
5480 5380 5481 10
5380 5381 5482 10
5380 5482 5481 10
5381 5382 5482 10
5482 5382 5483 10
5382 5383 5484 10
5382 5484 5483 10
5383 5384 5484 10
5484 5384 5485 10
5384 5385 5486 10
5384 5486 5485 10
5385 5386 5486 10
5486 5386 5487 10
5386 5387 5488 10
5386 5488 5487 10
5387 5388 5488 10
5488 5388 5489 10
5388 5389 5490 10
5388 5490 5489 10
5389 5390 5490 10
5490 5390 5491 10
5390 5391 5492 10
5390 5492 5491 10
5391 5392 5492 10
5492 5392 5493 10
5392 5393 5494 10
5392 5494 5493 10
5393 5394 5494 10
5494 5394 5495 10
5394 5395 5496 10
5394 5496 5495 10
5395 5396 5496 10
5496 5396 5497 10
5396 5397 5498 10
5396 5498 5497 10
5397 5398 5498 10
5498 5398 5499 10
5398 5399 5500 10
5398 5500 5499 10
5399 5400 5500 10
5500 5400 5501 10
5400 5401 5502 10
5400 5502 5501 10
5401 5402 5502 10
5502 5402 5503 10
5402 5403 5504 10
5402 5504 5503 10
5403 5404 5504 10
5504 5404 5505 10
5404 5405 5506 10
5404 5506 5505 10
5405 5406 5506 10
5506 5406 5507 10
5406 5407 5508 10
5406 5508 5507 10
5407 5408 5508 10
5508 5408 5509 10
5408 5409 5510 10
5408 5510 5509 10
5409 5410 5510 10
5510 5410 5511 10
5410 5411 5512 10
5410 5512 5511 10
5411 5412 5512 10
5512 5412 5513 10
5412 5413 5514 10
5412 5514 5513 10
5413 5414 5514 10
5514 5414 5515 10
5414 5415 5516 10
5414 5516 5515 10
5415 5416 5516 10
5516 5416 5517 10
5416 5417 5518 10
5416 5518 5517 10
5417 5418 5518 10
5518 5418 5519 10
5418 5419 5520 10
5418 5520 5519 10
5419 5420 5520 10
5520 5420 5521 10
5420 5421 5522 10
5420 5522 5521 10
5421 5422 5522 10
5522 5422 5523 10
5422 5423 5524 10
5422 5524 5523 10
5423 5424 5524 10
5524 5424 5525 10
5424 5425 5526 10
5424 5526 5525 10
5425 5426 5526 10
5526 5426 5527 10
5426 5427 5528 10
5426 5528 5527 10
5427 5428 5528 10
5528 5428 5529 10
5428 5429 5530 10
5428 5530 5529 10
5429 5430 5530 10
5530 5430 5531 10
5430 5431 5532 10
5430 5532 5531 10
5431 5432 5532 10
5532 5432 5533 10
5432 5433 5534 10
5432 5534 5533 10
5433 5434 5534 10
5534 5434 5535 10
5434 5435 5536 10
5434 5536 5535 10
5435 5436 5536 10
5536 5436 5537 10
5436 5437 5538 10
5436 5538 5537 10
5437 5438 5538 10
5538 5438 5539 10
5438 5439 5540 10
5438 5540 5539 10
5439 5440 5540 10
5540 5440 5541 10
5440 5441 5542 10
5440 5542 5541 10
5441 5442 5542 10
5542 5442 5543 10
5442 5443 5544 10
5442 5544 5543 10
5443 5444 5544 10
5544 5444 5545 10
5444 5445 5546 10
5444 5546 5545 10
5445 5446 5546 10
5546 5446 5547 10
5446 5447 5548 10
5446 5548 5547 10
5447 5448 5548 10
5548 5448 5549 10
5448 5449 5550 10
5448 5550 5549 10
5449 5450 5550 10
5550 5450 5551 10
5450 5451 5552 10
5450 5552 5551 10
5451 5452 5552 10
5552 5452 5553 10
5452 5453 5554 10
5452 5554 5553 10
5453 5454 5554 10
5554 5454 5555 10
5455 5456 5556 10
5556 5456 5557 10
5456 5457 5558 10
5456 5558 5557 10
5457 5458 5558 10
5558 5458 5559 10
5458 5459 5560 10
5458 5560 5559 10
5459 5460 5560 10
5560 5460 5561 10
5460 5461 5562 10
5460 5562 5561 10
5461 5462 5562 10
5562 5462 5563 10
5462 5463 5564 10
5462 5564 5563 10
5463 5464 5564 10
5564 5464 5565 10
5464 5465 5566 10
5464 5566 5565 10
5465 5466 5566 10
5566 5466 5567 10
5466 5467 5568 10
5466 5568 5567 10
5467 5468 5568 10
5568 5468 5569 10
5468 5469 5570 10
5468 5570 5569 10
5469 5470 5570 10
5570 5470 5571 10
5470 5471 5572 10
5470 5572 5571 10
5471 5472 5572 10
5572 5472 5573 10
5472 5473 5574 10
5472 5574 5573 10
5473 5474 5574 10
5574 5474 5575 10
5474 5475 5576 10
5474 5576 5575 10
5475 5476 5576 10
5576 5476 5577 10
5476 5477 5578 10
5476 5578 5577 10
5477 5478 5578 10
5578 5478 5579 10
5478 5479 5580 10
5478 5580 5579 10
5479 5480 5580 10
5580 5480 5581 10
5480 5481 5582 10
5480 5582 5581 10
5481 5482 5582 10
5582 5482 5583 10
5482 5483 5584 10
5482 5584 5583 10
5483 5484 5584 10
5584 5484 5585 10
5484 5485 5586 10
5484 5586 5585 10
5485 5486 5586 10
5586 5486 5587 10
5486 5487 5588 10
5486 5588 5587 10
5487 5488 5588 10
5588 5488 5589 10
5488 5489 5590 10
5488 5590 5589 10
5489 5490 5590 10
5590 5490 5591 10
5490 5491 5592 10
5490 5592 5591 10
5491 5492 5592 10
5592 5492 5593 10
5492 5493 5594 10
5492 5594 5593 10
5493 5494 5594 10
5594 5494 5595 10
5494 5495 5596 10
5494 5596 5595 10
5495 5496 5596 10
5596 5496 5597 10
5496 5497 5598 10
5496 5598 5597 10
5497 5498 5598 10
5598 5498 5599 10
5498 5499 5600 10
5498 5600 5599 10
5499 5500 5600 10
5600 5500 5601 10
5500 5501 5602 10
5500 5602 5601 10
5501 5502 5602 10
5602 5502 5603 10
5502 5503 5604 10
5502 5604 5603 10
5503 5504 5604 10
5604 5504 5605 10
5504 5505 5606 10
5504 5606 5605 10
5505 5506 5606 10
5606 5506 5607 10
5506 5507 5608 10
5506 5608 5607 10
5507 5508 5608 10
5608 5508 5609 10
5508 5509 5610 10
5508 5610 5609 10
5509 5510 5610 10
5610 5510 5611 10
5510 5511 5612 10
5510 5612 5611 10
5511 5512 5612 10
5612 5512 5613 10
5512 5513 5614 10
5512 5614 5613 10
5513 5514 5614 10
5614 5514 5615 10
5514 5515 5616 10
5514 5616 5615 10
5515 5516 5616 10
5616 5516 5617 10
5516 5517 5618 10
5516 5618 5617 10
5517 5518 5618 10
5618 5518 5619 10
5518 5519 5620 10
5518 5620 5619 10
5519 5520 5620 10
5620 5520 5621 10
5520 5521 5622 10
5520 5622 5621 10
5521 5522 5622 10
5622 5522 5623 10
5522 5523 5624 10
5522 5624 5623 10
5523 5524 5624 10
5624 5524 5625 10
5524 5525 5626 10
5524 5626 5625 10
5525 5526 5626 10
5626 5526 5627 10
5526 5527 5628 10
5526 5628 5627 10
5527 5528 5628 10
5628 5528 5629 10
5528 5529 5630 10
5528 5630 5629 10
5529 5530 5630 10
5630 5530 5631 10
5530 5531 5632 10
5530 5632 5631 10
5531 5532 5632 10
5632 5532 5633 10
5532 5533 5634 10
5532 5634 5633 10
5533 5534 5634 10
5634 5534 5635 10
5534 5535 5636 10
5534 5636 5635 10
5535 5536 5636 10
5636 5536 5637 10
5536 5537 5638 10
5536 5638 5637 10
5537 5538 5638 10
5638 5538 5639 10
5538 5539 5640 10
5538 5640 5639 10
5539 5540 5640 10
5640 5540 5641 10
5540 5541 5642 10
5540 5642 5641 10
5541 5542 5642 10
5642 5542 5643 10
5542 5543 5644 10
5542 5644 5643 10
5543 5544 5644 10
5644 5544 5645 10
5544 5545 5646 10
5544 5646 5645 10
5545 5546 5646 10
5646 5546 5647 10
5546 5547 5648 10
5546 5648 5647 10
5547 5548 5648 10
5648 5548 5649 10
5548 5549 5650 10
5548 5650 5649 10
5549 5550 5650 10
5650 5550 5651 10
5550 5551 5652 10
5550 5652 5651 10
5551 5552 5652 10
5652 5552 5653 10
5552 5553 5654 10
5552 5654 5653 10
5553 5554 5654 10
5654 5554 5655 10
5554 5555 5656 10
5554 5656 5655 10
5556 5557 5658 10
5556 5658 5657 10
5557 5558 5658 10
5658 5558 5659 10
5558 5559 5660 10
5558 5660 5659 10
5559 5560 5660 10
5660 5560 5661 10
5560 5561 5662 10
5560 5662 5661 10
5561 5562 5662 10
5662 5562 5663 10
5562 5563 5664 10
5562 5664 5663 10
5563 5564 5664 10
5664 5564 5665 10
5564 5565 5666 10
5564 5666 5665 10
5565 5566 5666 10
5666 5566 5667 10
5566 5567 5668 10
5566 5668 5667 10
5567 5568 5668 10
5668 5568 5669 10
5568 5569 5670 10
5568 5670 5669 10
5569 5570 5670 10
5670 5570 5671 10
5570 5571 5672 10
5570 5672 5671 10
5571 5572 5672 10
5672 5572 5673 10
5572 5573 5674 10
5572 5674 5673 10
5573 5574 5674 10
5674 5574 5675 10
5574 5575 5676 10
5574 5676 5675 10
5575 5576 5676 10
5676 5576 5677 10
5576 5577 5678 10
5576 5678 5677 10
5577 5578 5678 10
5678 5578 5679 10
5578 5579 5680 10
5578 5680 5679 10
5579 5580 5680 10
5680 5580 5681 10
5580 5581 5682 10
5580 5682 5681 10
5581 5582 5682 10
5682 5582 5683 10
5582 5583 5684 10
5582 5684 5683 10
5583 5584 5684 10
5684 5584 5685 10
5584 5585 5686 10
5584 5686 5685 10
5585 5586 5686 10
5686 5586 5687 10
5586 5587 5688 10
5586 5688 5687 10
5587 5588 5688 10
5688 5588 5689 10
5588 5589 5690 10
5588 5690 5689 10
5589 5590 5690 10
5690 5590 5691 10
5590 5591 5692 10
5590 5692 5691 10
5591 5592 5692 10
5692 5592 5693 10
5592 5593 5694 10
5592 5694 5693 10
5593 5594 5694 10
5694 5594 5695 10
5594 5595 5696 10
5594 5696 5695 10
5595 5596 5696 10
5696 5596 5697 10
5596 5597 5698 10
5596 5698 5697 10
5597 5598 5698 10
5698 5598 5699 10
5598 5599 5700 10
5598 5700 5699 10
5599 5600 5700 10
5700 5600 5701 10
5600 5601 5702 10
5600 5702 5701 10
5601 5602 5702 10
5702 5602 5703 10
5602 5603 5704 10
5602 5704 5703 10
5603 5604 5704 10
5704 5604 5705 10
5604 5605 5706 10
5604 5706 5705 10
5605 5606 5706 10
5706 5606 5707 10
5606 5607 5708 10
5606 5708 5707 10
5607 5608 5708 10
5708 5608 5709 10
5608 5609 5710 10
5608 5710 5709 10
5609 5610 5710 10
5710 5610 5711 10
5610 5611 5712 10
5610 5712 5711 10
5611 5612 5712 10
5712 5612 5713 10
5612 5613 5714 10
5612 5714 5713 10
5613 5614 5714 10
5714 5614 5715 10
5614 5615 5716 10
5614 5716 5715 10
5615 5616 5716 10
5716 5616 5717 10
5616 5617 5718 10
5616 5718 5717 10
5617 5618 5718 10
5718 5618 5719 10
5618 5619 5720 10
5618 5720 5719 10
5619 5620 5720 10
5720 5620 5721 10
5620 5621 5722 10
5620 5722 5721 10
5621 5622 5722 10
5722 5622 5723 10
5622 5623 5724 10
5622 5724 5723 10
5623 5624 5724 10
5724 5624 5725 10
5624 5625 5726 10
5624 5726 5725 10
5625 5626 5726 10
5726 5626 5727 10
5626 5627 5728 10
5626 5728 5727 10
5627 5628 5728 10
5728 5628 5729 10
5628 5629 5730 10
5628 5730 5729 10
5629 5630 5730 10
5730 5630 5731 10
5630 5631 5732 10
5630 5732 5731 10
5631 5632 5732 10
5732 5632 5733 10
5632 5633 5734 10
5632 5734 5733 10
5633 5634 5734 10
5734 5634 5735 10
5634 5635 5736 10
5634 5736 5735 10
5635 5636 5736 10
5736 5636 5737 10
5636 5637 5738 10
5636 5738 5737 10
5637 5638 5738 10
5738 5638 5739 10
5638 5639 5740 10
5638 5740 5739 10
5639 5640 5740 10
5740 5640 5741 10
5640 5641 5742 10
5640 5742 5741 10
5641 5642 5742 10
5742 5642 5743 10
5642 5643 5744 10
5642 5744 5743 10
5643 5644 5744 10
5744 5644 5745 10
5644 5645 5746 10
5644 5746 5745 10
5645 5646 5746 10
5746 5646 5747 10
5646 5647 5748 10
5646 5748 5747 10
5647 5648 5748 10
5748 5648 5749 10
5648 5649 5750 10
5648 5750 5749 10
5649 5650 5750 10
5750 5650 5751 10
5650 5651 5752 10
5650 5752 5751 10
5651 5652 5752 10
5752 5652 5753 10
5652 5653 5754 10
5652 5754 5753 10
5653 5654 5754 10
5754 5654 5755 10
5654 5655 5756 10
5654 5756 5755 10
5655 5656 5756 10
5756 5656 5757 10
5657 5658 5758 10
5758 5658 5759 10
5658 5659 5760 10
5658 5760 5759 10
5659 5660 5760 10
5760 5660 5761 10
5660 5661 5762 10
5660 5762 5761 10
5661 5662 5762 10
5762 5662 5763 10
5662 5663 5764 10
5662 5764 5763 10
5663 5664 5764 10
5764 5664 5765 10
5664 5665 5766 10
5664 5766 5765 10
5665 5666 5766 10
5766 5666 5767 10
5666 5667 5768 10
5666 5768 5767 10
5667 5668 5768 10
5768 5668 5769 10
5668 5669 5770 10
5668 5770 5769 10
5669 5670 5770 10
5770 5670 5771 10
5670 5671 5772 10
5670 5772 5771 10
5671 5672 5772 10
5772 5672 5773 10
5672 5673 5774 10
5672 5774 5773 10
5673 5674 5774 10
5774 5674 5775 10
5674 5675 5776 10
5674 5776 5775 10
5675 5676 5776 10
5776 5676 5777 10
5676 5677 5778 10
5676 5778 5777 10
5677 5678 5778 10
5778 5678 5779 10
5678 5679 5780 10
5678 5780 5779 10
5679 5680 5780 10
5780 5680 5781 10
5680 5681 5782 10
5680 5782 5781 10
5681 5682 5782 10
5782 5682 5783 10
5682 5683 5784 10
5682 5784 5783 10
5683 5684 5784 10
5784 5684 5785 10
5684 5685 5786 10
5684 5786 5785 10
5685 5686 5786 10
5786 5686 5787 10
5686 5687 5788 10
5686 5788 5787 10
5687 5688 5788 10
5788 5688 5789 10
5688 5689 5790 10
5688 5790 5789 10
5689 5690 5790 10
5790 5690 5791 10
5690 5691 5792 10
5690 5792 5791 10
5691 5692 5792 10
5792 5692 5793 10
5692 5693 5794 10
5692 5794 5793 10
5693 5694 5794 10
5794 5694 5795 10
5694 5695 5796 10
5694 5796 5795 10
5695 5696 5796 10
5796 5696 5797 10
5696 5697 5798 10
5696 5798 5797 10
5697 5698 5798 10
5798 5698 5799 10
5698 5699 5800 10
5698 5800 5799 10
5699 5700 5800 10
5800 5700 5801 10
5700 5701 5802 10
5700 5802 5801 10
5701 5702 5802 10
5802 5702 5803 10
5702 5703 5804 10
5702 5804 5803 10
5703 5704 5804 10
5804 5704 5805 10
5704 5705 5806 10
5704 5806 5805 10
5705 5706 5806 10
5806 5706 5807 10
5706 5707 5808 10
5706 5808 5807 10
5707 5708 5808 10
5808 5708 5809 10
5708 5709 5810 10
5708 5810 5809 10
5709 5710 5810 10
5810 5710 5811 10
5710 5711 5812 10
5710 5812 5811 10
5711 5712 5812 10
5812 5712 5813 10
5712 5713 5814 10
5712 5814 5813 10
5713 5714 5814 10
5814 5714 5815 10
5714 5715 5816 10
5714 5816 5815 10
5715 5716 5816 10
5816 5716 5817 10
5716 5717 5818 10
5716 5818 5817 10
5717 5718 5818 10
5818 5718 5819 10
5718 5719 5820 10
5718 5820 5819 10
5719 5720 5820 10
5820 5720 5821 10
5720 5721 5822 10
5720 5822 5821 10
5721 5722 5822 10
5822 5722 5823 10
5722 5723 5824 10
5722 5824 5823 10
5723 5724 5824 10
5824 5724 5825 10
5724 5725 5826 10
5724 5826 5825 10
5725 5726 5826 10
5826 5726 5827 10
5726 5727 5828 10
5726 5828 5827 10
5727 5728 5828 10
5828 5728 5829 10
5728 5729 5830 10
5728 5830 5829 10
5729 5730 5830 10
5830 5730 5831 10
5730 5731 5832 10
5730 5832 5831 10
5731 5732 5832 10
5832 5732 5833 10
5732 5733 5834 10
5732 5834 5833 10
5733 5734 5834 10
5834 5734 5835 10
5734 5735 5836 10
5734 5836 5835 10
5735 5736 5836 10
5836 5736 5837 10
5736 5737 5838 10
5736 5838 5837 10
5737 5738 5838 10
5838 5738 5839 10
5738 5739 5840 10
5738 5840 5839 10
5739 5740 5840 10
5840 5740 5841 10
5740 5741 5842 10
5740 5842 5841 10
5741 5742 5842 10
5842 5742 5843 10
5742 5743 5844 10
5742 5844 5843 10
5743 5744 5844 10
5844 5744 5845 10
5744 5745 5846 10
5744 5846 5845 10
5745 5746 5846 10
5846 5746 5847 10
5746 5747 5848 10
5746 5848 5847 10
5747 5748 5848 10
5848 5748 5849 10
5748 5749 5850 10
5748 5850 5849 10
5749 5750 5850 10
5850 5750 5851 10
5750 5751 5852 10
5750 5852 5851 10
5751 5752 5852 10
5852 5752 5853 10
5752 5753 5854 10
5752 5854 5853 10
5753 5754 5854 10
5854 5754 5855 10
5754 5755 5856 10
5754 5856 5855 10
5755 5756 5856 10
5856 5756 5857 10
5756 5757 5858 10
5756 5858 5857 10
5758 5759 5860 10
5758 5860 5859 10
5759 5760 5860 10
5860 5760 5861 10
5760 5761 5862 10
5760 5862 5861 10
5761 5762 5862 10
5862 5762 5863 10
5762 5763 5864 10
5762 5864 5863 10
5763 5764 5864 10
5864 5764 5865 10
5764 5765 5866 10
5764 5866 5865 10
5765 5766 5866 10
5866 5766 5867 10
5766 5767 5868 10
5766 5868 5867 10
5767 5768 5868 10
5868 5768 5869 10
5768 5769 5870 10
5768 5870 5869 10
5769 5770 5870 10
5870 5770 5871 10
5770 5771 5872 10
5770 5872 5871 10
5771 5772 5872 10
5872 5772 5873 10
5772 5773 5874 10
5772 5874 5873 10
5773 5774 5874 10
5874 5774 5875 10
5774 5775 5876 10
5774 5876 5875 10
5775 5776 5876 10
5876 5776 5877 10
5776 5777 5878 10
5776 5878 5877 10
5777 5778 5878 10
5878 5778 5879 10
5778 5779 5880 10
5778 5880 5879 10
5779 5780 5880 10
5880 5780 5881 10
5780 5781 5882 10
5780 5882 5881 10
5781 5782 5882 10
5882 5782 5883 10
5782 5783 5884 10
5782 5884 5883 10
5783 5784 5884 10
5884 5784 5885 10
5784 5785 5886 10
5784 5886 5885 10
5785 5786 5886 10
5886 5786 5887 10
5786 5787 5888 10
5786 5888 5887 10
5787 5788 5888 10
5888 5788 5889 10
5788 5789 5890 10
5788 5890 5889 10
5789 5790 5890 10
5890 5790 5891 10
5790 5791 5892 10
5790 5892 5891 10
5791 5792 5892 10
5892 5792 5893 10
5792 5793 5894 10
5792 5894 5893 10
5793 5794 5894 10
5894 5794 5895 10
5794 5795 5896 10
5794 5896 5895 10
5795 5796 5896 10
5896 5796 5897 10
5796 5797 5898 10
5796 5898 5897 10
5797 5798 5898 10
5898 5798 5899 10
5798 5799 5900 10
5798 5900 5899 10
5799 5800 5900 10
5900 5800 5901 10
5800 5801 5902 10
5800 5902 5901 10
5801 5802 5902 10
5902 5802 5903 10
5802 5803 5904 10
5802 5904 5903 10
5803 5804 5904 10
5904 5804 5905 10
5804 5805 5906 10
5804 5906 5905 10
5805 5806 5906 10
5906 5806 5907 10
5806 5807 5908 10
5806 5908 5907 10
5807 5808 5908 10
5908 5808 5909 10
5808 5809 5910 10
5808 5910 5909 10
5809 5810 5910 10
5910 5810 5911 10
5810 5811 5912 10
5810 5912 5911 10
5811 5812 5912 10
5912 5812 5913 10
5812 5813 5914 10
5812 5914 5913 10
5813 5814 5914 10
5914 5814 5915 10
5814 5815 5916 10
5814 5916 5915 10
5815 5816 5916 10
5916 5816 5917 10
5816 5817 5918 10
5816 5918 5917 10
5817 5818 5918 10
5918 5818 5919 10
5818 5819 5920 10
5818 5920 5919 10
5819 5820 5920 10
5920 5820 5921 10
5820 5821 5922 10
5820 5922 5921 10
5821 5822 5922 10
5922 5822 5923 10
5822 5823 5924 10
5822 5924 5923 10
5823 5824 5924 10
5924 5824 5925 10
5824 5825 5926 10
5824 5926 5925 10
5825 5826 5926 10
5926 5826 5927 10
5826 5827 5928 10
5826 5928 5927 10
5827 5828 5928 10
5928 5828 5929 10
5828 5829 5930 10
5828 5930 5929 10
5829 5830 5930 10
5930 5830 5931 10
5830 5831 5932 10
5830 5932 5931 10
5831 5832 5932 10
5932 5832 5933 10
5832 5833 5934 10
5832 5934 5933 10
5833 5834 5934 10
5934 5834 5935 10
5834 5835 5936 10
5834 5936 5935 10
5835 5836 5936 10
5936 5836 5937 10
5836 5837 5938 10
5836 5938 5937 10
5837 5838 5938 10
5938 5838 5939 10
5838 5839 5940 10
5838 5940 5939 10
5839 5840 5940 10
5940 5840 5941 10
5840 5841 5942 10
5840 5942 5941 10
5841 5842 5942 10
5942 5842 5943 10
5842 5843 5944 10
5842 5944 5943 10
5843 5844 5944 10
5944 5844 5945 10
5844 5845 5946 10
5844 5946 5945 10
5845 5846 5946 10
5946 5846 5947 10
5846 5847 5948 10
5846 5948 5947 10
5847 5848 5948 10
5948 5848 5949 10
5848 5849 5950 10
5848 5950 5949 10
5849 5850 5950 10
5950 5850 5951 10
5850 5851 5952 10
5850 5952 5951 10
5851 5852 5952 10
5952 5852 5953 10
5852 5853 5954 10
5852 5954 5953 10
5853 5854 5954 10
5954 5854 5955 10
5854 5855 5956 10
5854 5956 5955 10
5855 5856 5956 10
5956 5856 5957 10
5856 5857 5958 10
5856 5958 5957 10
5857 5858 5958 10
5958 5858 5959 10
5859 5860 5960 10
5960 5860 5961 10
5860 5861 5962 10
5860 5962 5961 10
5861 5862 5962 10
5962 5862 5963 10
5862 5863 5964 10
5862 5964 5963 10
5863 5864 5964 10
5964 5864 5965 10
5864 5865 5966 10
5864 5966 5965 10
5865 5866 5966 10
5966 5866 5967 10
5866 5867 5968 10
5866 5968 5967 10
5867 5868 5968 10
5968 5868 5969 10
5868 5869 5970 10
5868 5970 5969 10
5869 5870 5970 10
5970 5870 5971 10
5870 5871 5972 10
5870 5972 5971 10
5871 5872 5972 10
5972 5872 5973 10
5872 5873 5974 10
5872 5974 5973 10
5873 5874 5974 10
5974 5874 5975 10
5874 5875 5976 10
5874 5976 5975 10
5875 5876 5976 10
5976 5876 5977 10
5876 5877 5978 10
5876 5978 5977 10
5877 5878 5978 10
5978 5878 5979 10
5878 5879 5980 10
5878 5980 5979 10
5879 5880 5980 10
5980 5880 5981 10
5880 5881 5982 10
5880 5982 5981 10
5881 5882 5982 10
5982 5882 5983 10
5882 5883 5984 10
5882 5984 5983 10
5883 5884 5984 10
5984 5884 5985 10
5884 5885 5986 10
5884 5986 5985 10
5885 5886 5986 10
5986 5886 5987 10
5886 5887 5988 10
5886 5988 5987 10
5887 5888 5988 10
5988 5888 5989 10
5888 5889 5990 10
5888 5990 5989 10
5889 5890 5990 10
5990 5890 5991 10
5890 5891 5992 10
5890 5992 5991 10
5891 5892 5992 10
5992 5892 5993 10
5892 5893 5994 10
5892 5994 5993 10
5893 5894 5994 10
5994 5894 5995 10
5894 5895 5996 10
5894 5996 5995 10
5895 5896 5996 10
5996 5896 5997 10
5896 5897 5998 10
5896 5998 5997 10
5897 5898 5998 10
5998 5898 5999 10
5898 5899 6000 10
5898 6000 5999 10
5899 5900 6000 10
6000 5900 6001 10
5900 5901 6002 10
5900 6002 6001 10
5901 5902 6002 10
6002 5902 6003 10
5902 5903 6004 10
5902 6004 6003 10
5903 5904 6004 10
6004 5904 6005 10
5904 5905 6006 10
5904 6006 6005 10
5905 5906 6006 10
6006 5906 6007 10
5906 5907 6008 10
5906 6008 6007 10
5907 5908 6008 10
6008 5908 6009 10
5908 5909 6010 10
5908 6010 6009 10
5909 5910 6010 10
6010 5910 6011 10
5910 5911 6012 10
5910 6012 6011 10
5911 5912 6012 10
6012 5912 6013 10
5912 5913 6014 10
5912 6014 6013 10
5913 5914 6014 10
6014 5914 6015 10
5914 5915 6016 10
5914 6016 6015 10
5915 5916 6016 10
6016 5916 6017 10
5916 5917 6018 10
5916 6018 6017 10
5917 5918 6018 10
6018 5918 6019 10
5918 5919 6020 10
5918 6020 6019 10
5919 5920 6020 10
6020 5920 6021 10
5920 5921 6022 10
5920 6022 6021 10
5921 5922 6022 10
6022 5922 6023 10
5922 5923 6024 10
5922 6024 6023 10
5923 5924 6024 10
6024 5924 6025 10
5924 5925 6026 10
5924 6026 6025 10
5925 5926 6026 10
6026 5926 6027 10
5926 5927 6028 10
5926 6028 6027 10
5927 5928 6028 10
6028 5928 6029 10
5928 5929 6030 10
5928 6030 6029 10
5929 5930 6030 10
6030 5930 6031 10
5930 5931 6032 10
5930 6032 6031 10
5931 5932 6032 10
6032 5932 6033 10
5932 5933 6034 10
5932 6034 6033 10
5933 5934 6034 10
6034 5934 6035 10
5934 5935 6036 10
5934 6036 6035 10
5935 5936 6036 10
6036 5936 6037 10
5936 5937 6038 10
5936 6038 6037 10
5937 5938 6038 10
6038 5938 6039 10
5938 5939 6040 10
5938 6040 6039 10
5939 5940 6040 10
6040 5940 6041 10
5940 5941 6042 10
5940 6042 6041 10
5941 5942 6042 10
6042 5942 6043 10
5942 5943 6044 10
5942 6044 6043 10
5943 5944 6044 10
6044 5944 6045 10
5944 5945 6046 10
5944 6046 6045 10
5945 5946 6046 10
6046 5946 6047 10
5946 5947 6048 10
5946 6048 6047 10
5947 5948 6048 10
6048 5948 6049 10
5948 5949 6050 10
5948 6050 6049 10
5949 5950 6050 10
6050 5950 6051 10
5950 5951 6052 10
5950 6052 6051 10
5951 5952 6052 10
6052 5952 6053 10
5952 5953 6054 10
5952 6054 6053 10
5953 5954 6054 10
6054 5954 6055 10
5954 5955 6056 10
5954 6056 6055 10
5955 5956 6056 10
6056 5956 6057 10
5956 5957 6058 10
5956 6058 6057 10
5957 5958 6058 10
6058 5958 6059 10
5958 5959 6060 10
5958 6060 6059 10
5960 5961 6062 10
5960 6062 6061 10
5961 5962 6062 10
6062 5962 6063 10
5962 5963 6064 10
5962 6064 6063 10
5963 5964 6064 10
6064 5964 6065 10
5964 5965 6066 10
5964 6066 6065 10
5965 5966 6066 10
6066 5966 6067 10
5966 5967 6068 10
5966 6068 6067 10
5967 5968 6068 10
6068 5968 6069 10
5968 5969 6070 10
5968 6070 6069 10
5969 5970 6070 10
6070 5970 6071 10
5970 5971 6072 10
5970 6072 6071 10
5971 5972 6072 10
6072 5972 6073 10
5972 5973 6074 10
5972 6074 6073 10
5973 5974 6074 10
6074 5974 6075 10
5974 5975 6076 10
5974 6076 6075 10
5975 5976 6076 10
6076 5976 6077 10
5976 5977 6078 10
5976 6078 6077 10
5977 5978 6078 10
6078 5978 6079 10
5978 5979 6080 10
5978 6080 6079 10
5979 5980 6080 10
6080 5980 6081 10
5980 5981 6082 10
5980 6082 6081 10
5981 5982 6082 10
6082 5982 6083 10
5982 5983 6084 10
5982 6084 6083 10
5983 5984 6084 10
6084 5984 6085 10
5984 5985 6086 10
5984 6086 6085 10
5985 5986 6086 10
6086 5986 6087 10
5986 5987 6088 10
5986 6088 6087 10
5987 5988 6088 10
6088 5988 6089 10
5988 5989 6090 10
5988 6090 6089 10
5989 5990 6090 10
6090 5990 6091 10
5990 5991 6092 10
5990 6092 6091 10
5991 5992 6092 10
6092 5992 6093 10
5992 5993 6094 10
5992 6094 6093 10
5993 5994 6094 10
6094 5994 6095 10
5994 5995 6096 10
5994 6096 6095 10
5995 5996 6096 10
6096 5996 6097 10
5996 5997 6098 10
5996 6098 6097 10
5997 5998 6098 10
6098 5998 6099 10
5998 5999 6100 10
5998 6100 6099 10
5999 6000 6100 10
6100 6000 6101 10
6000 6001 6102 10
6000 6102 6101 10
6001 6002 6102 10
6102 6002 6103 10
6002 6003 6104 10
6002 6104 6103 10
6003 6004 6104 10
6104 6004 6105 10
6004 6005 6106 10
6004 6106 6105 10
6005 6006 6106 10
6106 6006 6107 10
6006 6007 6108 10
6006 6108 6107 10
6007 6008 6108 10
6108 6008 6109 10
6008 6009 6110 10
6008 6110 6109 10
6009 6010 6110 10
6110 6010 6111 10
6010 6011 6112 10
6010 6112 6111 10
6011 6012 6112 10
6112 6012 6113 10
6012 6013 6114 10
6012 6114 6113 10
6013 6014 6114 10
6114 6014 6115 10
6014 6015 6116 10
6014 6116 6115 10
6015 6016 6116 10
6116 6016 6117 10
6016 6017 6118 10
6016 6118 6117 10
6017 6018 6118 10
6118 6018 6119 10
6018 6019 6120 10
6018 6120 6119 10
6019 6020 6120 10
6120 6020 6121 10
6020 6021 6122 10
6020 6122 6121 10
6021 6022 6122 10
6122 6022 6123 10
6022 6023 6124 10
6022 6124 6123 10
6023 6024 6124 10
6124 6024 6125 10
6024 6025 6126 10
6024 6126 6125 10
6025 6026 6126 10
6126 6026 6127 10
6026 6027 6128 10
6026 6128 6127 10
6027 6028 6128 10
6128 6028 6129 10
6028 6029 6130 10
6028 6130 6129 10
6029 6030 6130 10
6130 6030 6131 10
6030 6031 6132 10
6030 6132 6131 10
6031 6032 6132 10
6132 6032 6133 10
6032 6033 6134 10
6032 6134 6133 10
6033 6034 6134 10
6134 6034 6135 10
6034 6035 6136 10
6034 6136 6135 10
6035 6036 6136 10
6136 6036 6137 10
6036 6037 6138 10
6036 6138 6137 10
6037 6038 6138 10
6138 6038 6139 10
6038 6039 6140 10
6038 6140 6139 10
6039 6040 6140 10
6140 6040 6141 10
6040 6041 6142 10
6040 6142 6141 10
6041 6042 6142 10
6142 6042 6143 10
6042 6043 6144 10
6042 6144 6143 10
6043 6044 6144 10
6144 6044 6145 10
6044 6045 6146 10
6044 6146 6145 10
6045 6046 6146 10
6146 6046 6147 10
6046 6047 6148 10
6046 6148 6147 10
6047 6048 6148 10
6148 6048 6149 10
6048 6049 6150 10
6048 6150 6149 10
6049 6050 6150 10
6150 6050 6151 10
6050 6051 6152 10
6050 6152 6151 10
6051 6052 6152 10
6152 6052 6153 10
6052 6053 6154 10
6052 6154 6153 10
6053 6054 6154 10
6154 6054 6155 10
6054 6055 6156 10
6054 6156 6155 10
6055 6056 6156 10
6156 6056 6157 10
6056 6057 6158 10
6056 6158 6157 10
6057 6058 6158 10
6158 6058 6159 10
6058 6059 6160 10
6058 6160 6159 10
6059 6060 6160 10
6160 6060 6161 10
6061 6062 6162 20
6162 6062 6163 20
6062 6063 6164 20
6062 6164 6163 20
6063 6064 6164 20
6164 6064 6165 20
6064 6065 6166 20
6064 6166 6165 20
6065 6066 6166 20
6166 6066 6167 20
6066 6067 6168 20
6066 6168 6167 20
6067 6068 6168 20
6168 6068 6169 20
6068 6069 6170 20
6068 6170 6169 20
6069 6070 6170 20
6170 6070 6171 20
6070 6071 6172 20
6070 6172 6171 20
6071 6072 6172 20
6172 6072 6173 20
6072 6073 6174 20
6072 6174 6173 20
6073 6074 6174 20
6174 6074 6175 20
6074 6075 6176 20
6074 6176 6175 20
6075 6076 6176 20
6176 6076 6177 20
6076 6077 6178 20
6076 6178 6177 20
6077 6078 6178 20
6178 6078 6179 20
6078 6079 6180 20
6078 6180 6179 20
6079 6080 6180 20
6180 6080 6181 20
6080 6081 6182 20
6080 6182 6181 20
6081 6082 6182 20
6182 6082 6183 20
6082 6083 6184 20
6082 6184 6183 20
6083 6084 6184 20
6184 6084 6185 20
6084 6085 6186 20
6084 6186 6185 20
6085 6086 6186 20
6186 6086 6187 20
6086 6087 6188 20
6086 6188 6187 20
6087 6088 6188 20
6188 6088 6189 20
6088 6089 6190 20
6088 6190 6189 20
6089 6090 6190 20
6190 6090 6191 20
6090 6091 6192 20
6090 6192 6191 20
6091 6092 6192 20
6192 6092 6193 20
6092 6093 6194 20
6092 6194 6193 20
6093 6094 6194 20
6194 6094 6195 20
6094 6095 6196 20
6094 6196 6195 20
6095 6096 6196 20
6196 6096 6197 20
6096 6097 6198 20
6096 6198 6197 20
6097 6098 6198 20
6198 6098 6199 20
6098 6099 6200 20
6098 6200 6199 20
6099 6100 6200 20
6200 6100 6201 20
6100 6101 6202 20
6100 6202 6201 20
6101 6102 6202 20
6202 6102 6203 20
6102 6103 6204 20
6102 6204 6203 20
6103 6104 6204 20
6204 6104 6205 20
6104 6105 6206 20
6104 6206 6205 20
6105 6106 6206 20
6206 6106 6207 20
6106 6107 6208 20
6106 6208 6207 20
6107 6108 6208 20
6208 6108 6209 20
6108 6109 6210 20
6108 6210 6209 20
6109 6110 6210 20
6210 6110 6211 20
6110 6111 6212 20
6110 6212 6211 20
6111 6112 6212 20
6212 6112 6213 20
6112 6113 6214 20
6112 6214 6213 20
6113 6114 6214 20
6214 6114 6215 20
6114 6115 6216 20
6114 6216 6215 20
6115 6116 6216 20
6216 6116 6217 20
6116 6117 6218 20
6116 6218 6217 20
6117 6118 6218 20
6218 6118 6219 20
6118 6119 6220 20
6118 6220 6219 20
6119 6120 6220 20
6220 6120 6221 20
6120 6121 6222 20
6120 6222 6221 20
6121 6122 6222 20
6222 6122 6223 20
6122 6123 6224 20
6122 6224 6223 20
6123 6124 6224 20
6224 6124 6225 20
6124 6125 6226 20
6124 6226 6225 20
6125 6126 6226 20
6226 6126 6227 20
6126 6127 6228 20
6126 6228 6227 20
6127 6128 6228 20
6228 6128 6229 20
6128 6129 6230 20
6128 6230 6229 20
6129 6130 6230 20
6230 6130 6231 20
6130 6131 6232 20
6130 6232 6231 20
6131 6132 6232 20
6232 6132 6233 20
6132 6133 6234 20
6132 6234 6233 20
6133 6134 6234 20
6234 6134 6235 20
6134 6135 6236 20
6134 6236 6235 20
6135 6136 6236 20
6236 6136 6237 20
6136 6137 6238 20
6136 6238 6237 20
6137 6138 6238 20
6238 6138 6239 20
6138 6139 6240 20
6138 6240 6239 20
6139 6140 6240 20
6240 6140 6241 20
6140 6141 6242 20
6140 6242 6241 20
6141 6142 6242 20
6242 6142 6243 20
6142 6143 6244 20
6142 6244 6243 20
6143 6144 6244 20
6244 6144 6245 20
6144 6145 6246 20
6144 6246 6245 20
6145 6146 6246 20
6246 6146 6247 20
6146 6147 6248 20
6146 6248 6247 20
6147 6148 6248 20
6248 6148 6249 20
6148 6149 6250 20
6148 6250 6249 20
6149 6150 6250 20
6250 6150 6251 20
6150 6151 6252 20
6150 6252 6251 20
6151 6152 6252 20
6252 6152 6253 20
6152 6153 6254 20
6152 6254 6253 20
6153 6154 6254 20
6254 6154 6255 20
6154 6155 6256 20
6154 6256 6255 20
6155 6156 6256 20
6256 6156 6257 20
6156 6157 6258 20
6156 6258 6257 20
6157 6158 6258 20
6258 6158 6259 20
6158 6159 6260 20
6158 6260 6259 20
6159 6160 6260 20
6260 6160 6261 20
6160 6161 6262 20
6160 6262 6261 20
6162 6163 6264 20
6162 6264 6263 20
6163 6164 6264 20
6264 6164 6265 20
6164 6165 6266 20
6164 6266 6265 20
6165 6166 6266 20
6266 6166 6267 20
6166 6167 6268 20
6166 6268 6267 20
6167 6168 6268 20
6268 6168 6269 20
6168 6169 6270 20
6168 6270 6269 20
6169 6170 6270 20
6270 6170 6271 20
6170 6171 6272 20
6170 6272 6271 20
6171 6172 6272 20
6272 6172 6273 20
6172 6173 6274 20
6172 6274 6273 20
6173 6174 6274 20
6274 6174 6275 20
6174 6175 6276 20
6174 6276 6275 20
6175 6176 6276 20
6276 6176 6277 20
6176 6177 6278 20
6176 6278 6277 20
6177 6178 6278 20
6278 6178 6279 20
6178 6179 6280 20
6178 6280 6279 20
6179 6180 6280 20
6280 6180 6281 20
6180 6181 6282 20
6180 6282 6281 20
6181 6182 6282 20
6282 6182 6283 20
6182 6183 6284 20
6182 6284 6283 20
6183 6184 6284 20
6284 6184 6285 20
6184 6185 6286 20
6184 6286 6285 20
6185 6186 6286 20
6286 6186 6287 20
6186 6187 6288 20
6186 6288 6287 20
6187 6188 6288 20
6288 6188 6289 20
6188 6189 6290 20
6188 6290 6289 20
6189 6190 6290 20
6290 6190 6291 20
6190 6191 6292 20
6190 6292 6291 20
6191 6192 6292 20
6292 6192 6293 20
6192 6193 6294 20
6192 6294 6293 20
6193 6194 6294 20
6294 6194 6295 20
6194 6195 6296 20
6194 6296 6295 20
6195 6196 6296 20
6296 6196 6297 20
6196 6197 6298 20
6196 6298 6297 20
6197 6198 6298 20
6298 6198 6299 20
6198 6199 6300 20
6198 6300 6299 20
6199 6200 6300 20
6300 6200 6301 20
6200 6201 6302 20
6200 6302 6301 20
6201 6202 6302 20
6302 6202 6303 20
6202 6203 6304 20
6202 6304 6303 20
6203 6204 6304 20
6304 6204 6305 20
6204 6205 6306 20
6204 6306 6305 20
6205 6206 6306 20
6306 6206 6307 20
6206 6207 6308 20
6206 6308 6307 20
6207 6208 6308 20
6308 6208 6309 20
6208 6209 6310 20
6208 6310 6309 20
6209 6210 6310 20
6310 6210 6311 20
6210 6211 6312 20
6210 6312 6311 20
6211 6212 6312 20
6312 6212 6313 20
6212 6213 6314 20
6212 6314 6313 20
6213 6214 6314 20
6314 6214 6315 20
6214 6215 6316 20
6214 6316 6315 20
6215 6216 6316 20
6316 6216 6317 20
6216 6217 6318 20
6216 6318 6317 20
6217 6218 6318 20
6318 6218 6319 20
6218 6219 6320 20
6218 6320 6319 20
6219 6220 6320 20
6320 6220 6321 20
6220 6221 6322 20
6220 6322 6321 20
6221 6222 6322 20
6322 6222 6323 20
6222 6223 6324 20
6222 6324 6323 20
6223 6224 6324 20
6324 6224 6325 20
6224 6225 6326 20
6224 6326 6325 20
6225 6226 6326 20
6326 6226 6327 20
6226 6227 6328 20
6226 6328 6327 20
6227 6228 6328 20
6328 6228 6329 20
6228 6229 6330 20
6228 6330 6329 20
6229 6230 6330 20
6330 6230 6331 20
6230 6231 6332 20
6230 6332 6331 20
6231 6232 6332 20
6332 6232 6333 20
6232 6233 6334 20
6232 6334 6333 20
6233 6234 6334 20
6334 6234 6335 20
6234 6235 6336 20
6234 6336 6335 20
6235 6236 6336 20
6336 6236 6337 20
6236 6237 6338 20
6236 6338 6337 20
6237 6238 6338 20
6338 6238 6339 20
6238 6239 6340 20
6238 6340 6339 20
6239 6240 6340 20
6340 6240 6341 20
6240 6241 6342 20
6240 6342 6341 20
6241 6242 6342 20
6342 6242 6343 20
6242 6243 6344 20
6242 6344 6343 20
6243 6244 6344 20
6344 6244 6345 20
6244 6245 6346 20
6244 6346 6345 20
6245 6246 6346 20
6346 6246 6347 20
6246 6247 6348 20
6246 6348 6347 20
6247 6248 6348 20
6348 6248 6349 20
6248 6249 6350 20
6248 6350 6349 20
6249 6250 6350 20
6350 6250 6351 20
6250 6251 6352 20
6250 6352 6351 20
6251 6252 6352 20
6352 6252 6353 20
6252 6253 6354 20
6252 6354 6353 20
6253 6254 6354 20
6354 6254 6355 20
6254 6255 6356 20
6254 6356 6355 20
6255 6256 6356 20
6356 6256 6357 20
6256 6257 6358 20
6256 6358 6357 20
6257 6258 6358 20
6358 6258 6359 20
6258 6259 6360 20
6258 6360 6359 20
6259 6260 6360 20
6360 6260 6361 20
6260 6261 6362 20
6260 6362 6361 20
6261 6262 6362 20
6362 6262 6363 20
6263 6264 6364 20
6364 6264 6365 20
6264 6265 6366 20
6264 6366 6365 20
6265 6266 6366 20
6366 6266 6367 20
6266 6267 6368 20
6266 6368 6367 20
6267 6268 6368 20
6368 6268 6369 20
6268 6269 6370 20
6268 6370 6369 20
6269 6270 6370 20
6370 6270 6371 20
6270 6271 6372 20
6270 6372 6371 20
6271 6272 6372 20
6372 6272 6373 20
6272 6273 6374 20
6272 6374 6373 20
6273 6274 6374 20
6374 6274 6375 20
6274 6275 6376 20
6274 6376 6375 20
6275 6276 6376 20
6376 6276 6377 20
6276 6277 6378 20
6276 6378 6377 20
6277 6278 6378 20
6378 6278 6379 20
6278 6279 6380 20
6278 6380 6379 20
6279 6280 6380 20
6380 6280 6381 20
6280 6281 6382 20
6280 6382 6381 20
6281 6282 6382 20
6382 6282 6383 20
6282 6283 6384 20
6282 6384 6383 20
6283 6284 6384 20
6384 6284 6385 20
6284 6285 6386 20
6284 6386 6385 20
6285 6286 6386 20
6386 6286 6387 20
6286 6287 6388 20
6286 6388 6387 20
6287 6288 6388 20
6388 6288 6389 20
6288 6289 6390 20
6288 6390 6389 20
6289 6290 6390 20
6390 6290 6391 20
6290 6291 6392 20
6290 6392 6391 20
6291 6292 6392 20
6392 6292 6393 20
6292 6293 6394 20
6292 6394 6393 20
6293 6294 6394 20
6394 6294 6395 20
6294 6295 6396 20
6294 6396 6395 20
6295 6296 6396 20
6396 6296 6397 20
6296 6297 6398 20
6296 6398 6397 20
6297 6298 6398 20
6398 6298 6399 20
6298 6299 6400 20
6298 6400 6399 20
6299 6300 6400 20
6400 6300 6401 20
6300 6301 6402 20
6300 6402 6401 20
6301 6302 6402 20
6402 6302 6403 20
6302 6303 6404 20
6302 6404 6403 20
6303 6304 6404 20
6404 6304 6405 20
6304 6305 6406 20
6304 6406 6405 20
6305 6306 6406 20
6406 6306 6407 20
6306 6307 6408 20
6306 6408 6407 20
6307 6308 6408 20
6408 6308 6409 20
6308 6309 6410 20
6308 6410 6409 20
6309 6310 6410 20
6410 6310 6411 20
6310 6311 6412 20
6310 6412 6411 20
6311 6312 6412 20
6412 6312 6413 20
6312 6313 6414 20
6312 6414 6413 20
6313 6314 6414 20
6414 6314 6415 20
6314 6315 6416 20
6314 6416 6415 20
6315 6316 6416 20
6416 6316 6417 20
6316 6317 6418 20
6316 6418 6417 20
6317 6318 6418 20
6418 6318 6419 20
6318 6319 6420 20
6318 6420 6419 20
6319 6320 6420 20
6420 6320 6421 20
6320 6321 6422 20
6320 6422 6421 20
6321 6322 6422 20
6422 6322 6423 20
6322 6323 6424 20
6322 6424 6423 20
6323 6324 6424 20
6424 6324 6425 20
6324 6325 6426 20
6324 6426 6425 20
6325 6326 6426 20
6426 6326 6427 20
6326 6327 6428 20
6326 6428 6427 20
6327 6328 6428 20
6428 6328 6429 20
6328 6329 6430 20
6328 6430 6429 20
6329 6330 6430 20
6430 6330 6431 20
6330 6331 6432 20
6330 6432 6431 20
6331 6332 6432 20
6432 6332 6433 20
6332 6333 6434 20
6332 6434 6433 20
6333 6334 6434 20
6434 6334 6435 20
6334 6335 6436 20
6334 6436 6435 20
6335 6336 6436 20
6436 6336 6437 20
6336 6337 6438 20
6336 6438 6437 20
6337 6338 6438 20
6438 6338 6439 20
6338 6339 6440 20
6338 6440 6439 20
6339 6340 6440 20
6440 6340 6441 20
6340 6341 6442 20
6340 6442 6441 20
6341 6342 6442 20
6442 6342 6443 20
6342 6343 6444 20
6342 6444 6443 20
6343 6344 6444 20
6444 6344 6445 20
6344 6345 6446 20
6344 6446 6445 20
6345 6346 6446 20
6446 6346 6447 20
6346 6347 6448 20
6346 6448 6447 20
6347 6348 6448 20
6448 6348 6449 20
6348 6349 6450 20
6348 6450 6449 20
6349 6350 6450 20
6450 6350 6451 20
6350 6351 6452 20
6350 6452 6451 20
6351 6352 6452 20
6452 6352 6453 20
6352 6353 6454 20
6352 6454 6453 20
6353 6354 6454 20
6454 6354 6455 20
6354 6355 6456 20
6354 6456 6455 20
6355 6356 6456 20
6456 6356 6457 20
6356 6357 6458 20
6356 6458 6457 20
6357 6358 6458 20
6458 6358 6459 20
6358 6359 6460 20
6358 6460 6459 20
6359 6360 6460 20
6460 6360 6461 20
6360 6361 6462 20
6360 6462 6461 20
6361 6362 6462 20
6462 6362 6463 20
6362 6363 6464 20
6362 6464 6463 20
6364 6365 6466 20
6364 6466 6465 20
6365 6366 6466 20
6466 6366 6467 20
6366 6367 6468 20
6366 6468 6467 20
6367 6368 6468 20
6468 6368 6469 20
6368 6369 6470 20
6368 6470 6469 20
6369 6370 6470 20
6470 6370 6471 20
6370 6371 6472 20
6370 6472 6471 20
6371 6372 6472 20
6472 6372 6473 20
6372 6373 6474 20
6372 6474 6473 20
6373 6374 6474 20
6474 6374 6475 20
6374 6375 6476 20
6374 6476 6475 20
6375 6376 6476 20
6476 6376 6477 20
6376 6377 6478 20
6376 6478 6477 20
6377 6378 6478 20
6478 6378 6479 20
6378 6379 6480 20
6378 6480 6479 20
6379 6380 6480 20
6480 6380 6481 20
6380 6381 6482 20
6380 6482 6481 20
6381 6382 6482 20
6482 6382 6483 20
6382 6383 6484 20
6382 6484 6483 20
6383 6384 6484 20
6484 6384 6485 20
6384 6385 6486 20
6384 6486 6485 20
6385 6386 6486 20
6486 6386 6487 20
6386 6387 6488 20
6386 6488 6487 20
6387 6388 6488 20
6488 6388 6489 20
6388 6389 6490 20
6388 6490 6489 20
6389 6390 6490 20
6490 6390 6491 20
6390 6391 6492 20
6390 6492 6491 20
6391 6392 6492 20
6492 6392 6493 20
6392 6393 6494 20
6392 6494 6493 20
6393 6394 6494 20
6494 6394 6495 20
6394 6395 6496 20
6394 6496 6495 20
6395 6396 6496 20
6496 6396 6497 20
6396 6397 6498 20
6396 6498 6497 20
6397 6398 6498 20
6498 6398 6499 20
6398 6399 6500 20
6398 6500 6499 20
6399 6400 6500 20
6500 6400 6501 20
6400 6401 6502 20
6400 6502 6501 20
6401 6402 6502 20
6502 6402 6503 20
6402 6403 6504 20
6402 6504 6503 20
6403 6404 6504 20
6504 6404 6505 20
6404 6405 6506 20
6404 6506 6505 20
6405 6406 6506 20
6506 6406 6507 20
6406 6407 6508 20
6406 6508 6507 20
6407 6408 6508 20
6508 6408 6509 20
6408 6409 6510 20
6408 6510 6509 20
6409 6410 6510 20
6510 6410 6511 20
6410 6411 6512 20
6410 6512 6511 20
6411 6412 6512 20
6512 6412 6513 20
6412 6413 6514 20
6412 6514 6513 20
6413 6414 6514 20
6514 6414 6515 20
6414 6415 6516 20
6414 6516 6515 20
6415 6416 6516 20
6516 6416 6517 20
6416 6417 6518 20
6416 6518 6517 20
6417 6418 6518 20
6518 6418 6519 20
6418 6419 6520 20
6418 6520 6519 20
6419 6420 6520 20
6520 6420 6521 20
6420 6421 6522 20
6420 6522 6521 20
6421 6422 6522 20
6522 6422 6523 20
6422 6423 6524 20
6422 6524 6523 20
6423 6424 6524 20
6524 6424 6525 20
6424 6425 6526 20
6424 6526 6525 20
6425 6426 6526 20
6526 6426 6527 20
6426 6427 6528 20
6426 6528 6527 20
6427 6428 6528 20
6528 6428 6529 20
6428 6429 6530 20
6428 6530 6529 20
6429 6430 6530 20
6530 6430 6531 20
6430 6431 6532 20
6430 6532 6531 20
6431 6432 6532 20
6532 6432 6533 20
6432 6433 6534 20
6432 6534 6533 20
6433 6434 6534 20
6534 6434 6535 20
6434 6435 6536 20
6434 6536 6535 20
6435 6436 6536 20
6536 6436 6537 20
6436 6437 6538 20
6436 6538 6537 20
6437 6438 6538 20
6538 6438 6539 20
6438 6439 6540 20
6438 6540 6539 20
6439 6440 6540 20
6540 6440 6541 20
6440 6441 6542 20
6440 6542 6541 20
6441 6442 6542 20
6542 6442 6543 20
6442 6443 6544 20
6442 6544 6543 20
6443 6444 6544 20
6544 6444 6545 20
6444 6445 6546 20
6444 6546 6545 20
6445 6446 6546 20
6546 6446 6547 20
6446 6447 6548 20
6446 6548 6547 20
6447 6448 6548 20
6548 6448 6549 20
6448 6449 6550 20
6448 6550 6549 20
6449 6450 6550 20
6550 6450 6551 20
6450 6451 6552 20
6450 6552 6551 20
6451 6452 6552 20
6552 6452 6553 20
6452 6453 6554 20
6452 6554 6553 20
6453 6454 6554 20
6554 6454 6555 20
6454 6455 6556 20
6454 6556 6555 20
6455 6456 6556 20
6556 6456 6557 20
6456 6457 6558 20
6456 6558 6557 20
6457 6458 6558 20
6558 6458 6559 20
6458 6459 6560 20
6458 6560 6559 20
6459 6460 6560 20
6560 6460 6561 20
6460 6461 6562 20
6460 6562 6561 20
6461 6462 6562 20
6562 6462 6563 20
6462 6463 6564 20
6462 6564 6563 20
6463 6464 6564 20
6564 6464 6565 20
6465 6466 6566 20
6566 6466 6567 20
6466 6467 6568 20
6466 6568 6567 20
6467 6468 6568 20
6568 6468 6569 20
6468 6469 6570 20
6468 6570 6569 20
6469 6470 6570 20
6570 6470 6571 20
6470 6471 6572 20
6470 6572 6571 20
6471 6472 6572 20
6572 6472 6573 20
6472 6473 6574 20
6472 6574 6573 20
6473 6474 6574 20
6574 6474 6575 20
6474 6475 6576 20
6474 6576 6575 20
6475 6476 6576 20
6576 6476 6577 20
6476 6477 6578 20
6476 6578 6577 20
6477 6478 6578 20
6578 6478 6579 20
6478 6479 6580 20
6478 6580 6579 20
6479 6480 6580 20
6580 6480 6581 20
6480 6481 6582 20
6480 6582 6581 20
6481 6482 6582 20
6582 6482 6583 20
6482 6483 6584 20
6482 6584 6583 20
6483 6484 6584 20
6584 6484 6585 20
6484 6485 6586 20
6484 6586 6585 20
6485 6486 6586 20
6586 6486 6587 20
6486 6487 6588 20
6486 6588 6587 20
6487 6488 6588 20
6588 6488 6589 20
6488 6489 6590 20
6488 6590 6589 20
6489 6490 6590 20
6590 6490 6591 20
6490 6491 6592 20
6490 6592 6591 20
6491 6492 6592 20
6592 6492 6593 20
6492 6493 6594 20
6492 6594 6593 20
6493 6494 6594 20
6594 6494 6595 20
6494 6495 6596 20
6494 6596 6595 20
6495 6496 6596 20
6596 6496 6597 20
6496 6497 6598 20
6496 6598 6597 20
6497 6498 6598 20
6598 6498 6599 20
6498 6499 6600 20
6498 6600 6599 20
6499 6500 6600 20
6600 6500 6601 20
6500 6501 6602 20
6500 6602 6601 20
6501 6502 6602 20
6602 6502 6603 20
6502 6503 6604 20
6502 6604 6603 20
6503 6504 6604 20
6604 6504 6605 20
6504 6505 6606 20
6504 6606 6605 20
6505 6506 6606 20
6606 6506 6607 20
6506 6507 6608 20
6506 6608 6607 20
6507 6508 6608 20
6608 6508 6609 20
6508 6509 6610 20
6508 6610 6609 20
6509 6510 6610 20
6610 6510 6611 20
6510 6511 6612 20
6510 6612 6611 20
6511 6512 6612 20
6612 6512 6613 20
6512 6513 6614 20
6512 6614 6613 20
6513 6514 6614 20
6614 6514 6615 20
6514 6515 6616 20
6514 6616 6615 20
6515 6516 6616 20
6616 6516 6617 20
6516 6517 6618 20
6516 6618 6617 20
6517 6518 6618 20
6618 6518 6619 20
6518 6519 6620 20
6518 6620 6619 20
6519 6520 6620 20
6620 6520 6621 20
6520 6521 6622 20
6520 6622 6621 20
6521 6522 6622 20
6622 6522 6623 20
6522 6523 6624 20
6522 6624 6623 20
6523 6524 6624 20
6624 6524 6625 20
6524 6525 6626 20
6524 6626 6625 20
6525 6526 6626 20
6626 6526 6627 20
6526 6527 6628 20
6526 6628 6627 20
6527 6528 6628 20
6628 6528 6629 20
6528 6529 6630 20
6528 6630 6629 20
6529 6530 6630 20
6630 6530 6631 20
6530 6531 6632 20
6530 6632 6631 20
6531 6532 6632 20
6632 6532 6633 20
6532 6533 6634 20
6532 6634 6633 20
6533 6534 6634 20
6634 6534 6635 20
6534 6535 6636 20
6534 6636 6635 20
6535 6536 6636 20
6636 6536 6637 20
6536 6537 6638 20
6536 6638 6637 20
6537 6538 6638 20
6638 6538 6639 20
6538 6539 6640 20
6538 6640 6639 20
6539 6540 6640 20
6640 6540 6641 20
6540 6541 6642 20
6540 6642 6641 20
6541 6542 6642 20
6642 6542 6643 20
6542 6543 6644 20
6542 6644 6643 20
6543 6544 6644 20
6644 6544 6645 20
6544 6545 6646 20
6544 6646 6645 20
6545 6546 6646 20
6646 6546 6647 20
6546 6547 6648 20
6546 6648 6647 20
6547 6548 6648 20
6648 6548 6649 20
6548 6549 6650 20
6548 6650 6649 20
6549 6550 6650 20
6650 6550 6651 20
6550 6551 6652 20
6550 6652 6651 20
6551 6552 6652 20
6652 6552 6653 20
6552 6553 6654 20
6552 6654 6653 20
6553 6554 6654 20
6654 6554 6655 20
6554 6555 6656 20
6554 6656 6655 20
6555 6556 6656 20
6656 6556 6657 20
6556 6557 6658 20
6556 6658 6657 20
6557 6558 6658 20
6658 6558 6659 20
6558 6559 6660 20
6558 6660 6659 20
6559 6560 6660 20
6660 6560 6661 20
6560 6561 6662 20
6560 6662 6661 20
6561 6562 6662 20
6662 6562 6663 20
6562 6563 6664 20
6562 6664 6663 20
6563 6564 6664 20
6664 6564 6665 20
6564 6565 6666 20
6564 6666 6665 20
6566 6567 6667 30
6667 6567 6668 30
6567 6568 6669 30
6567 6669 6668 30
6568 6569 6669 30
6669 6569 6670 30
6569 6570 6671 30
6569 6671 6670 30
6570 6571 6671 30
6671 6571 6672 30
6571 6572 6673 30
6571 6673 6672 30
6572 6573 6673 30
6673 6573 6674 30
6573 6574 6675 30
6573 6675 6674 30
6574 6575 6675 30
6675 6575 6676 30
6575 6576 6677 30
6575 6677 6676 30
6576 6577 6677 30
6677 6577 6678 30
6577 6578 6679 30
6577 6679 6678 30
6578 6579 6679 30
6679 6579 6680 30
6579 6580 6681 30
6579 6681 6680 30
6580 6581 6681 30
6681 6581 6682 30
6581 6582 6683 30
6581 6683 6682 30
6582 6583 6683 30
6683 6583 6684 30
6583 6584 6685 30
6583 6685 6684 30
6584 6585 6685 30
6685 6585 6686 30
6585 6586 6687 30
6585 6687 6686 30
6586 6587 6687 30
6687 6587 6688 30
6587 6588 6689 30
6587 6689 6688 30
6588 6589 6689 30
6689 6589 6690 30
6589 6590 6691 30
6589 6691 6690 30
6590 6591 6691 30
6691 6591 6692 30
6591 6592 6693 30
6591 6693 6692 30
6592 6593 6693 30
6693 6593 6694 30
6593 6594 6695 30
6593 6695 6694 30
6594 6595 6695 30
6695 6595 6696 30
6595 6596 6697 30
6595 6697 6696 30
6596 6597 6697 30
6697 6597 6698 30
6597 6598 6699 30
6597 6699 6698 30
6598 6599 6699 30
6699 6599 6700 30
6599 6600 6701 30
6599 6701 6700 30
6600 6601 6701 30
6701 6601 6702 30
6601 6602 6703 30
6601 6703 6702 30
6602 6603 6703 30
6703 6603 6704 30
6603 6604 6705 30
6603 6705 6704 30
6604 6605 6705 30
6705 6605 6706 30
6605 6606 6707 30
6605 6707 6706 30
6606 6607 6707 30
6707 6607 6708 30
6607 6608 6709 30
6607 6709 6708 30
6608 6609 6709 30
6709 6609 6710 30
6609 6610 6711 30
6609 6711 6710 30
6610 6611 6711 30
6711 6611 6712 30
6611 6612 6713 30
6611 6713 6712 30
6612 6613 6713 30
6713 6613 6714 30
6613 6614 6715 30
6613 6715 6714 30
6614 6615 6715 30
6715 6615 6716 30
6615 6616 6717 30
6615 6717 6716 30
6616 6617 6717 30
6717 6617 6718 30
6617 6618 6719 30
6617 6719 6718 30
6618 6619 6719 30
6719 6619 6720 30
6619 6620 6721 30
6619 6721 6720 30
6620 6621 6721 30
6721 6621 6722 30
6621 6622 6723 30
6621 6723 6722 30
6622 6623 6723 30
6723 6623 6724 30
6623 6624 6725 30
6623 6725 6724 30
6624 6625 6725 30
6725 6625 6726 30
6625 6626 6727 30
6625 6727 6726 30
6626 6627 6727 30
6727 6627 6728 30
6627 6628 6729 30
6627 6729 6728 30
6628 6629 6729 30
6729 6629 6730 30
6629 6630 6731 30
6629 6731 6730 30
6630 6631 6731 30
6731 6631 6732 30
6631 6632 6733 30
6631 6733 6732 30
6632 6633 6733 30
6733 6633 6734 30
6633 6634 6735 30
6633 6735 6734 30
6634 6635 6735 30
6735 6635 6736 30
6635 6636 6737 30
6635 6737 6736 30
6636 6637 6737 30
6737 6637 6738 30
6637 6638 6739 30
6637 6739 6738 30
6638 6639 6739 30
6739 6639 6740 30
6639 6640 6741 30
6639 6741 6740 30
6640 6641 6741 30
6741 6641 6742 30
6641 6642 6743 30
6641 6743 6742 30
6642 6643 6743 30
6743 6643 6744 30
6643 6644 6745 30
6643 6745 6744 30
6644 6645 6745 30
6745 6645 6746 30
6645 6646 6747 30
6645 6747 6746 30
6646 6647 6747 30
6747 6647 6748 30
6647 6648 6749 30
6647 6749 6748 30
6648 6649 6749 30
6749 6649 6750 30
6649 6650 6751 30
6649 6751 6750 30
6650 6651 6751 30
6751 6651 6752 30
6651 6652 6753 30
6651 6753 6752 30
6652 6653 6753 30
6753 6653 6754 30
6653 6654 6755 30
6653 6755 6754 30
6654 6655 6755 30
6755 6655 6756 30
6655 6656 6757 30
6655 6757 6756 30
6656 6657 6757 30
6757 6657 6758 30
6657 6658 6759 30
6657 6759 6758 30
6658 6659 6759 30
6759 6659 6760 30
6659 6660 6761 30
6659 6761 6760 30
6660 6661 6761 30
6761 6661 6762 30
6661 6662 6763 30
6661 6763 6762 30
6662 6663 6763 30
6763 6663 6764 30
6663 6664 6765 30
6663 6765 6764 30
6664 6665 6765 30
6765 6665 6766 30
6665 6666 6767 30
6665 6767 6766 30
6667 6668 6769 30
6667 6769 6768 30
6668 6669 6769 30
6769 6669 6770 30
6669 6670 6771 30
6669 6771 6770 30
6670 6671 6771 30
6771 6671 6772 30
6671 6672 6773 30
6671 6773 6772 30
6672 6673 6773 30
6773 6673 6774 30
6673 6674 6775 30
6673 6775 6774 30
6674 6675 6775 30
6775 6675 6776 30
6675 6676 6777 30
6675 6777 6776 30
6676 6677 6777 30
6777 6677 6778 30
6677 6678 6779 30
6677 6779 6778 30
6678 6679 6779 30
6779 6679 6780 30
6679 6680 6781 30
6679 6781 6780 30
6680 6681 6781 30
6781 6681 6782 30
6681 6682 6783 30
6681 6783 6782 30
6682 6683 6783 30
6783 6683 6784 30
6683 6684 6785 30
6683 6785 6784 30
6684 6685 6785 30
6785 6685 6786 30
6685 6686 6787 30
6685 6787 6786 30
6686 6687 6787 30
6787 6687 6788 30
6687 6688 6789 30
6687 6789 6788 30
6688 6689 6789 30
6789 6689 6790 30
6689 6690 6791 30
6689 6791 6790 30
6690 6691 6791 30
6791 6691 6792 30
6691 6692 6793 30
6691 6793 6792 30
6692 6693 6793 30
6793 6693 6794 30
6693 6694 6795 30
6693 6795 6794 30
6694 6695 6795 30
6795 6695 6796 30
6695 6696 6797 30
6695 6797 6796 30
6696 6697 6797 30
6797 6697 6798 30
6697 6698 6799 30
6697 6799 6798 30
6698 6699 6799 30
6799 6699 6800 30
6699 6700 6801 30
6699 6801 6800 30
6700 6701 6801 30
6801 6701 6802 30
6701 6702 6803 30
6701 6803 6802 30
6702 6703 6803 30
6803 6703 6804 30
6703 6704 6805 30
6703 6805 6804 30
6704 6705 6805 30
6805 6705 6806 30
6705 6706 6807 30
6705 6807 6806 30
6706 6707 6807 30
6807 6707 6808 30
6707 6708 6809 30
6707 6809 6808 30
6708 6709 6809 30
6809 6709 6810 30
6709 6710 6811 30
6709 6811 6810 30
6710 6711 6811 30
6811 6711 6812 30
6711 6712 6813 30
6711 6813 6812 30
6712 6713 6813 30
6813 6713 6814 30
6713 6714 6815 30
6713 6815 6814 30
6714 6715 6815 30
6815 6715 6816 30
6715 6716 6817 30
6715 6817 6816 30
6716 6717 6817 30
6817 6717 6818 30
6717 6718 6819 30
6717 6819 6818 30
6718 6719 6819 30
6819 6719 6820 30
6719 6720 6821 30
6719 6821 6820 30
6720 6721 6821 30
6821 6721 6822 30
6721 6722 6823 30
6721 6823 6822 30
6722 6723 6823 30
6823 6723 6824 30
6723 6724 6825 30
6723 6825 6824 30
6724 6725 6825 30
6825 6725 6826 30
6725 6726 6827 30
6725 6827 6826 30
6726 6727 6827 30
6827 6727 6828 30
6727 6728 6829 30
6727 6829 6828 30
6728 6729 6829 30
6829 6729 6830 30
6729 6730 6831 30
6729 6831 6830 30
6730 6731 6831 30
6831 6731 6832 30
6731 6732 6833 30
6731 6833 6832 30
6732 6733 6833 30
6833 6733 6834 30
6733 6734 6835 30
6733 6835 6834 30
6734 6735 6835 30
6835 6735 6836 30
6735 6736 6837 30
6735 6837 6836 30
6736 6737 6837 30
6837 6737 6838 30
6737 6738 6839 30
6737 6839 6838 30
6738 6739 6839 30
6839 6739 6840 30
6739 6740 6841 30
6739 6841 6840 30
6740 6741 6841 30
6841 6741 6842 30
6741 6742 6843 30
6741 6843 6842 30
6742 6743 6843 30
6843 6743 6844 30
6743 6744 6845 30
6743 6845 6844 30
6744 6745 6845 30
6845 6745 6846 30
6745 6746 6847 30
6745 6847 6846 30
6746 6747 6847 30
6847 6747 6848 30
6747 6748 6849 30
6747 6849 6848 30
6748 6749 6849 30
6849 6749 6850 30
6749 6750 6851 30
6749 6851 6850 30
6750 6751 6851 30
6851 6751 6852 30
6751 6752 6853 30
6751 6853 6852 30
6752 6753 6853 30
6853 6753 6854 30
6753 6754 6855 30
6753 6855 6854 30
6754 6755 6855 30
6855 6755 6856 30
6755 6756 6857 30
6755 6857 6856 30
6756 6757 6857 30
6857 6757 6858 30
6757 6758 6859 30
6757 6859 6858 30
6758 6759 6859 30
6859 6759 6860 30
6759 6760 6861 30
6759 6861 6860 30
6760 6761 6861 30
6861 6761 6862 30
6761 6762 6863 30
6761 6863 6862 30
6762 6763 6863 30
6863 6763 6864 30
6763 6764 6865 30
6763 6865 6864 30
6764 6765 6865 30
6865 6765 6866 30
6765 6766 6867 30
6765 6867 6866 30
6766 6767 6867 30
6867 6767 6868 30
6768 6769 6869 40
6869 6769 6870 40
6769 6770 6871 40
6769 6871 6870 40
6770 6771 6871 40
6871 6771 6872 40
6771 6772 6873 40
6771 6873 6872 40
6772 6773 6873 40
6873 6773 6874 40
6773 6774 6875 40
6773 6875 6874 40
6774 6775 6875 40
6875 6775 6876 40
6775 6776 6877 40
6775 6877 6876 40
6776 6777 6877 40
6877 6777 6878 40
6777 6778 6879 40
6777 6879 6878 40
6778 6779 6879 40
6879 6779 6880 40
6779 6780 6881 40
6779 6881 6880 40
6780 6781 6881 40
6881 6781 6882 40
6781 6782 6883 40
6781 6883 6882 40
6782 6783 6883 40
6883 6783 6884 40
6783 6784 6885 40
6783 6885 6884 40
6784 6785 6885 40
6885 6785 6886 40
6785 6786 6887 40
6785 6887 6886 40
6786 6787 6887 40
6887 6787 6888 40
6787 6788 6889 40
6787 6889 6888 40
6788 6789 6889 40
6889 6789 6890 40
6789 6790 6891 40
6789 6891 6890 40
6790 6791 6891 40
6891 6791 6892 40
6791 6792 6893 40
6791 6893 6892 40
6792 6793 6893 40
6893 6793 6894 40
6793 6794 6895 40
6793 6895 6894 40
6794 6795 6895 40
6895 6795 6896 40
6795 6796 6897 40
6795 6897 6896 40
6796 6797 6897 40
6897 6797 6898 40
6797 6798 6899 40
6797 6899 6898 40
6798 6799 6899 40
6899 6799 6900 40
6799 6800 6901 40
6799 6901 6900 40
6800 6801 6901 40
6901 6801 6902 40
6801 6802 6903 40
6801 6903 6902 40
6802 6803 6903 40
6903 6803 6904 40
6803 6804 6905 40
6803 6905 6904 40
6804 6805 6905 40
6905 6805 6906 40
6805 6806 6907 40
6805 6907 6906 40
6806 6807 6907 40
6907 6807 6908 40
6807 6808 6909 40
6807 6909 6908 40
6808 6809 6909 40
6909 6809 6910 40
6809 6810 6911 40
6809 6911 6910 40
6810 6811 6911 40
6911 6811 6912 40
6811 6812 6913 40
6811 6913 6912 40
6812 6813 6913 40
6913 6813 6914 40
6813 6814 6915 40
6813 6915 6914 40
6814 6815 6915 40
6915 6815 6916 40
6815 6816 6917 40
6815 6917 6916 40
6816 6817 6917 40
6917 6817 6918 40
6817 6818 6919 40
6817 6919 6918 40
6818 6819 6919 40
6919 6819 6920 40
6819 6820 6921 40
6819 6921 6920 40
6820 6821 6921 40
6921 6821 6922 40
6821 6822 6923 40
6821 6923 6922 40
6822 6823 6923 40
6923 6823 6924 40
6823 6824 6925 40
6823 6925 6924 40
6824 6825 6925 40
6925 6825 6926 40
6825 6826 6927 40
6825 6927 6926 40
6826 6827 6927 40
6927 6827 6928 40
6827 6828 6929 40
6827 6929 6928 40
6828 6829 6929 40
6929 6829 6930 40
6829 6830 6931 40
6829 6931 6930 40
6830 6831 6931 40
6931 6831 6932 40
6831 6832 6933 40
6831 6933 6932 40
6832 6833 6933 40
6933 6833 6934 40
6833 6834 6935 40
6833 6935 6934 40
6834 6835 6935 40
6935 6835 6936 40
6835 6836 6937 40
6835 6937 6936 40
6836 6837 6937 40
6937 6837 6938 40
6837 6838 6939 40
6837 6939 6938 40
6838 6839 6939 40
6939 6839 6940 40
6839 6840 6941 40
6839 6941 6940 40
6840 6841 6941 40
6941 6841 6942 40
6841 6842 6943 40
6841 6943 6942 40
6842 6843 6943 40
6943 6843 6944 40
6843 6844 6945 40
6843 6945 6944 40
6844 6845 6945 40
6945 6845 6946 40
6845 6846 6947 40
6845 6947 6946 40
6846 6847 6947 40
6947 6847 6948 40
6847 6848 6949 40
6847 6949 6948 40
6848 6849 6949 40
6949 6849 6950 40
6849 6850 6951 40
6849 6951 6950 40
6850 6851 6951 40
6951 6851 6952 40
6851 6852 6953 40
6851 6953 6952 40
6852 6853 6953 40
6953 6853 6954 40
6853 6854 6955 40
6853 6955 6954 40
6854 6855 6955 40
6955 6855 6956 40
6855 6856 6957 40
6855 6957 6956 40
6856 6857 6957 40
6957 6857 6958 40
6857 6858 6959 40
6857 6959 6958 40
6858 6859 6959 40
6959 6859 6960 40
6859 6860 6961 40
6859 6961 6960 40
6860 6861 6961 40
6961 6861 6962 40
6861 6862 6963 40
6861 6963 6962 40
6862 6863 6963 40
6963 6863 6964 40
6863 6864 6965 40
6863 6965 6964 40
6864 6865 6965 40
6965 6865 6966 40
6865 6866 6967 40
6865 6967 6966 40
6866 6867 6967 40
6967 6867 6968 40
6867 6868 6969 40
6867 6969 6968 40

SubDomainFromMesh
4
3 1 1 10
3 12001 1 20
3 13001 1 30
3 13401 1 40

SubDomainFromGeom
4
2 261 1 10
2 426 1 20
2 533 1 30
2 636 1 40

VertexOnGeometricVertex
633
 1 1
 2 2
 3 3
 4 4
 5 5
 6 6
 7 7
 8 8
 9 9
 10 10
 11 11
 12 12
 13 13
 14 14
 15 15
 16 16
 17 17
 18 18
 19 19
 20 20
 21 21
 22 22
 23 23
 24 24
 25 25
 26 26
 27 27
 28 28
 29 29
 30 30
 31 31
 32 32
 33 33
 34 34
 35 35
 36 36
 37 37
 38 38
 39 39
 40 40
 41 41
 42 42
 43 43
 44 44
 45 45
 46 46
 47 47
 48 48
 49 49
 50 50
 51 51
 52 52
 53 53
 54 54
 55 55
 56 56
 57 57
 58 58
 59 59
 60 60
 61 61
 62 62
 63 63
 64 64
 65 65
 66 66
 67 67
 68 68
 69 69
 70 70
 71 71
 72 72
 73 73
 74 74
 75 75
 76 76
 77 77
 78 78
 79 79
 80 80
 81 81
 82 82
 83 83
 84 84
 85 85
 86 86
 87 87
 88 88
 89 89
 90 90
 91 91
 92 92
 93 93
 94 94
 95 95
 96 96
 97 97
 98 98
 99 99
 100 100
 101 101
 102 102
 202 103
 203 104
 303 105
 304 106
 404 107
 405 108
 505 109
 506 110
 606 111
 607 112
 707 113
 708 114
 808 115
 809 116
 909 117
 910 118
 1010 119
 1011 120
 1111 121
 1112 122
 1212 123
 1213 124
 1313 125
 1314 126
 1414 127
 1415 128
 1515 129
 1516 130
 1616 131
 1617 132
 1717 133
 1718 134
 1818 135
 1819 136
 1919 137
 1920 138
 2020 139
 2021 140
 2121 141
 2122 142
 2222 143
 2223 144
 2323 145
 2324 146
 2424 147
 2425 148
 2525 149
 2526 150
 2626 151
 2627 152
 2727 153
 2728 154
 2828 155
 2829 156
 2929 157
 2930 158
 3030 159
 3031 160
 3131 161
 3132 162
 3232 163
 3233 164
 3333 165
 3334 166
 3434 167
 3435 168
 3535 169
 3536 170
 3636 171
 3637 172
 3737 173
 3738 174
 3838 175
 3839 176
 3939 177
 3940 178
 4040 179
 4041 180
 4141 181
 4142 182
 4242 183
 4243 184
 4343 185
 4344 186
 4444 187
 4445 188
 4545 189
 4546 190
 4646 191
 4647 192
 4747 193
 4748 194
 4848 195
 4849 196
 4949 197
 4950 198
 5050 199
 5051 200
 5151 201
 5152 202
 5252 203
 5253 204
 5353 205
 5354 206
 5454 207
 5455 208
 5555 209
 5556 210
 5656 211
 5657 212
 5757 213
 5758 214
 5858 215
 5859 216
 5959 217
 5960 218
 6060 219
 6061 220
 6062 221
 6063 222
 6064 223
 6065 224
 6066 225
 6067 226
 6068 227
 6069 228
 6070 229
 6071 230
 6072 231
 6073 232
 6074 233
 6075 234
 6076 235
 6077 236
 6078 237
 6079 238
 6080 239
 6081 240
 6082 241
 6083 242
 6084 243
 6085 244
 6086 245
 6087 246
 6088 247
 6089 248
 6090 249
 6091 250
 6092 251
 6093 252
 6094 253
 6095 254
 6096 255
 6097 256
 6098 257
 6099 258
 6100 259
 6101 260
 6102 261
 6103 262
 6104 263
 6105 264
 6106 265
 6107 266
 6108 267
 6109 268
 6110 269
 6111 270
 6112 271
 6113 272
 6114 273
 6115 274
 6116 275
 6117 276
 6118 277
 6119 278
 6120 279
 6121 280
 6122 281
 6123 282
 6124 283
 6125 284
 6126 285
 6127 286
 6128 287
 6129 288
 6130 289
 6131 290
 6132 291
 6133 292
 6134 293
 6135 294
 6136 295
 6137 296
 6138 297
 6139 298
 6140 299
 6141 300
 6142 301
 6143 302
 6144 303
 6145 304
 6146 305
 6147 306
 6148 307
 6149 308
 6150 309
 6151 310
 6152 311
 6153 312
 6154 313
 6155 314
 6156 315
 6157 316
 6158 317
 6159 318
 6160 319
 6161 320
 6162 321
 6262 322
 6263 323
 6363 324
 6364 325
 6464 326
 6465 327
 6565 328
 6566 329
 6567 330
 6568 331
 6569 332
 6570 333
 6571 334
 6572 335
 6573 336
 6574 337
 6575 338
 6576 339
 6577 340
 6578 341
 6579 342
 6580 343
 6581 344
 6582 345
 6583 346
 6584 347
 6585 348
 6586 349
 6587 350
 6588 351
 6589 352
 6590 353
 6591 354
 6592 355
 6593 356
 6594 357
 6595 358
 6596 359
 6597 360
 6598 361
 6599 362
 6600 363
 6601 364
 6602 365
 6603 366
 6604 367
 6605 368
 6606 369
 6607 370
 6608 371
 6609 372
 6610 373
 6611 374
 6612 375
 6613 376
 6614 377
 6615 378
 6616 379
 6617 380
 6618 381
 6619 382
 6620 383
 6621 384
 6622 385
 6623 386
 6624 387
 6625 388
 6626 389
 6627 390
 6628 391
 6629 392
 6630 393
 6631 394
 6632 395
 6633 396
 6634 397
 6635 398
 6636 399
 6637 400
 6638 401
 6639 402
 6640 403
 6641 404
 6642 405
 6643 406
 6644 407
 6645 408
 6646 409
 6647 410
 6648 411
 6649 412
 6650 413
 6651 414
 6652 415
 6653 416
 6654 417
 6655 418
 6656 419
 6657 420
 6658 421
 6659 422
 6660 423
 6661 424
 6662 425
 6663 426
 6664 427
 6665 428
 6666 429
 6667 430
 6767 431
 6768 432
 6769 433
 6770 434
 6771 435
 6772 436
 6773 437
 6774 438
 6775 439
 6776 440
 6777 441
 6778 442
 6779 443
 6780 444
 6781 445
 6782 446
 6783 447
 6784 448
 6785 449
 6786 450
 6787 451
 6788 452
 6789 453
 6790 454
 6791 455
 6792 456
 6793 457
 6794 458
 6795 459
 6796 460
 6797 461
 6798 462
 6799 463
 6800 464
 6801 465
 6802 466
 6803 467
 6804 468
 6805 469
 6806 470
 6807 471
 6808 472
 6809 473
 6810 474
 6811 475
 6812 476
 6813 477
 6814 478
 6815 479
 6816 480
 6817 481
 6818 482
 6819 483
 6820 484
 6821 485
 6822 486
 6823 487
 6824 488
 6825 489
 6826 490
 6827 491
 6828 492
 6829 493
 6830 494
 6831 495
 6832 496
 6833 497
 6834 498
 6835 499
 6836 500
 6837 501
 6838 502
 6839 503
 6840 504
 6841 505
 6842 506
 6843 507
 6844 508
 6845 509
 6846 510
 6847 511
 6848 512
 6849 513
 6850 514
 6851 515
 6852 516
 6853 517
 6854 518
 6855 519
 6856 520
 6857 521
 6858 522
 6859 523
 6860 524
 6861 525
 6862 526
 6863 527
 6864 528
 6865 529
 6866 530
 6867 531
 6868 532
 6869 533
 6870 534
 6871 535
 6872 536
 6873 537
 6874 538
 6875 539
 6876 540
 6877 541
 6878 542
 6879 543
 6880 544
 6881 545
 6882 546
 6883 547
 6884 548
 6885 549
 6886 550
 6887 551
 6888 552
 6889 553
 6890 554
 6891 555
 6892 556
 6893 557
 6894 558
 6895 559
 6896 560
 6897 561
 6898 562
 6899 563
 6900 564
 6901 565
 6902 566
 6903 567
 6904 568
 6905 569
 6906 570
 6907 571
 6908 572
 6909 573
 6910 574
 6911 575
 6912 576
 6913 577
 6914 578
 6915 579
 6916 580
 6917 581
 6918 582
 6919 583
 6920 584
 6921 585
 6922 586
 6923 587
 6924 588
 6925 589
 6926 590
 6927 591
 6928 592
 6929 593
 6930 594
 6931 595
 6932 596
 6933 597
 6934 598
 6935 599
 6936 600
 6937 601
 6938 602
 6939 603
 6940 604
 6941 605
 6942 606
 6943 607
 6944 608
 6945 609
 6946 610
 6947 611
 6948 612
 6949 613
 6950 614
 6951 615
 6952 616
 6953 617
 6954 618
 6955 619
 6956 620
 6957 621
 6958 622
 6959 623
 6960 624
 6961 625
 6962 626
 6963 627
 6964 628
 6965 629
 6966 630
 6967 631
 6968 632
 6969 633

VertexOnGeometricEdge
0

EdgeOnGeometricEdge
636
1 1
2 2
3 3
4 4
5 5
6 6
7 7
8 8
9 9
10 10
11 11
12 12
13 13
14 14
15 15
16 16
17 17
18 18
19 19
20 20
21 21
22 22
23 23
24 24
25 25
26 26
27 27
28 28
29 29
30 30
31 31
32 32
33 33
34 34
35 35
36 36
37 37
38 38
39 39
40 40
41 41
42 42
43 43
44 44
45 45
46 46
47 47
48 48
49 49
50 50
51 51
52 52
53 53
54 54
55 55
56 56
57 57
58 58
59 59
60 60
61 61
62 62
63 63
64 64
65 65
66 66
67 67
68 68
69 69
70 70
71 71
72 72
73 73
74 74
75 75
76 76
77 77
78 78
79 79
80 80
81 81
82 82
83 83
84 84
85 85
86 86
87 87
88 88
89 89
90 90
91 91
92 92
93 93
94 94
95 95
96 96
97 97
98 98
99 99
100 100
101 101
102 102
103 103
104 104
105 105
106 106
107 107
108 108
109 109
110 110
111 111
112 112
113 113
114 114
115 115
116 116
117 117
118 118
119 119
120 120
121 121
122 122
123 123
124 124
125 125
126 126
127 127
128 128
129 129
130 130
131 131
132 132
133 133
134 134
135 135
136 136
137 137
138 138
139 139
140 140
141 141
142 142
143 143
144 144
145 145
146 146
147 147
148 148
149 149
150 150
151 151
152 152
153 153
154 154
155 155
156 156
157 157
158 158
159 159
160 160
161 161
162 162
163 163
164 164
165 165
166 166
167 167
168 168
169 169
170 170
171 171
172 172
173 173
174 174
175 175
176 176
177 177
178 178
179 179
180 180
181 181
182 182
183 183
184 184
185 185
186 186
187 187
188 188
189 189
190 190
191 191
192 192
193 193
194 194
195 195
196 196
197 197
198 198
199 199
200 200
201 201
202 202
203 203
204 204
205 205
206 206
207 207
208 208
209 209
210 210
211 211
212 212
213 213
214 214
215 215
216 216
217 217
218 218
219 219
220 220
221 221
222 222
223 223
224 224
225 225
226 226
227 227
228 228
229 229
230 230
231 231
232 232
233 233
234 234
235 235
236 236
237 237
238 238
239 239
240 240
241 241
242 242
243 243
244 244
245 245
246 246
247 247
248 248
249 249
250 250
251 251
252 252
253 253
254 254
255 255
256 256
257 257
258 258
259 259
260 260
261 261
262 262
263 263
264 264
265 265
266 266
267 267
268 268
269 269
270 270
271 271
272 272
273 273
274 274
275 275
276 276
277 277
278 278
279 279
280 280
281 281
282 282
283 283
284 284
285 285
286 286
287 287
288 288
289 289
290 290
291 291
292 292
293 293
294 294
295 295
296 296
297 297
298 298
299 299
300 300
301 301
302 302
303 303
304 304
305 305
306 306
307 307
308 308
309 309
310 310
311 311
312 312
313 313
314 314
315 315
316 316
317 317
318 318
319 319
320 320
321 321
322 322
323 323
324 324
325 325
326 326
327 327
328 328
329 329
330 330
331 331
332 332
333 333
334 334
335 335
336 336
337 337
338 338
339 339
340 340
341 341
342 342
343 343
344 344
345 345
346 346
347 347
348 348
349 349
350 350
351 351
352 352
353 353
354 354
355 355
356 356
357 357
358 358
359 359
360 360
361 361
362 362
363 363
364 364
365 365
366 366
367 367
368 368
369 369
370 370
371 371
372 372
373 373
374 374
375 375
376 376
377 377
378 378
379 379
380 380
381 381
382 382
383 383
384 384
385 385
386 386
387 387
388 388
389 389
390 390
391 391
392 392
393 393
394 394
395 395
396 396
397 397
398 398
399 399
400 400
401 401
402 402
403 403
404 404
405 405
406 406
407 407
408 408
409 409
410 410
411 411
412 412
413 413
414 414
415 415
416 416
417 417
418 418
419 419
420 420
421 421
422 422
423 423
424 424
425 425
426 426
427 427
428 428
429 429
430 430
431 431
432 432
433 433
434 434
435 435
436 436
437 437
438 438
439 439
440 440
441 441
442 442
443 443
444 444
445 445
446 446
447 447
448 448
449 449
450 450
451 451
452 452
453 453
454 454
455 455
456 456
457 457
458 458
459 459
460 460
461 461
462 462
463 463
464 464
465 465
466 466
467 467
468 468
469 469
470 470
471 471
472 472
473 473
474 474
475 475
476 476
477 477
478 478
479 479
480 480
481 481
482 482
483 483
484 484
485 485
486 486
487 487
488 488
489 489
490 490
491 491
492 492
493 493
494 494
495 495
496 496
497 497
498 498
499 499
500 500
501 501
502 502
503 503
504 504
505 505
506 506
507 507
508 508
509 509
510 510
511 511
512 512
513 513
514 514
515 515
516 516
517 517
518 518
519 519
520 520
521 521
522 522
523 523
524 524
525 525
526 526
527 527
528 528
529 529
530 530
531 531
532 532
533 533
534 534
535 535
536 536
537 537
538 538
539 539
540 540
541 541
542 542
543 543
544 544
545 545
546 546
547 547
548 548
549 549
550 550
551 551
552 552
553 553
554 554
555 555
556 556
557 557
558 558
559 559
560 560
561 561
562 562
563 563
564 564
565 565
566 566
567 567
568 568
569 569
570 570
571 571
572 572
573 573
574 574
575 575
576 576
577 577
578 578
579 579
580 580
581 581
582 582
583 583
584 584
585 585
586 586
587 587
588 588
589 589
590 590
591 591
592 592
593 593
594 594
595 595
596 596
597 597
598 598
599 599
600 600
601 601
602 602
603 603
604 604
605 605
606 606
607 607
608 608
609 609
610 610
611 611
612 612
613 613
614 614
615 615
616 616
617 617
618 618
619 619
620 620
621 621
622 622
623 623
624 624
625 625
626 626
627 627
628 628
629 629
630 630
631 631
632 632
633 633
634 634
635 635
636 636

End
